Address,Zip Code,CD#,Year of Covenant,Affordable Units,Total Units,% of Affordable,Rec Year,Entitlement,Zip,C of O,Extremely Low (AMI 30%),"Very, Very Low (45%)",Very Low (AMI 50%),Low (AMI 50%-80%),Moderate (AMI 120%),Workforce (AMI 150%),Types of Density Bonus/Discretionary/Specific Plan,source,Cleaned_Address,LAT,LONG
470 N. Wilton Pl.,90004.0,13.0,2022,1.0,13,0.0769230769230769,2022,DB,90004,,,,1.0,,,,,deduplicated_matched,470 N. Wilton Pl.,34.079614,-118.3130178
2722 S. Figueroa St.,90007.0,9.0,2022,24.0,157,0.1528662420382165,2022,DB,90007,2024-10-31 00:00:00,,,18.0,,,6.0,,deduplicated_matched,2722 S. Figueroa St.,34.0264856,-118.2766249
1450 W. Washington Blvd.,90007.0,1.0,2022,4.0,40,0.1,2022,DB,90007,2024-04-26 00:00:00,,,4.0,,,,,deduplicated_matched,1450 W. Washington Blvd.,34.039807,-118.2878686
422 N. Alvarado St.,90026.0,13.0,2022,6.0,73,0.0821917808219178,2022,DB,90026,,,,6.0,,,,,deduplicated_matched,422 N. Alvarado St.,34.07083,-118.26747
1400 S. Glenville Dr.,90035.0,5.0,2022,8.0,64,0.125,2022,DB,90035,,,,8.0,,,,,deduplicated_matched,1400 S. Glenville Dr.,34.0552275,-118.3930532
7050 W. Hawthorn Ave.,90028.0,13.0,2022,12.0,60,0.2,2022,DB,90028,,,,7.0,3.0,2.0,,,deduplicated_matched,7050 W. Hawthorn Ave.,34.0999647,-118.3433871
1814 S. Federal Ave.,90025.0,11.0,2022,1.0,11,0.0909090909090909,2022,DB,90025,2024-12-26 00:00:00,,,1.0,,,,,deduplicated_matched,1814 S. Federal Ave.,34.0409117,-118.45028
735 S. Boyle Ave.,90023.0,14.0,2022,1.0,5,0.2,2022,DB,90023,,,,1.0,,,,Note: no demolition of the original site will occur. This is the reason for no replacement.,deduplicated_matched,735 S. Boyle Ave.,34.0369727,-118.2192609
15027 W. Ventura Blvd.,91403.0,4.0,2022,4.0,33,0.1212121212121212,2022,DB,91403,,,,4.0,,,,,deduplicated_matched,15027 W. Ventura Blvd.,34.1654692,-118.5278398
2121 S. Westwood Blvd.,90025.0,5.0,2022,11.0,92,0.1195652173913043,2022,DB,90025,,,,11.0,,,,,deduplicated_matched,2121 S. Westwood Blvd.,34.0446665,-118.4326509
1818 N. Cherokee Ave.,90028.0,13.0,2022,21.0,86,0.2441860465116279,2022,DB,90028,2024-07-25 00:00:00,,,21.0,,,,,deduplicated_matched,1818 N. Cherokee Ave.,34.1037254,-118.3344564
182 S. Virgil Ave.,90004.0,13.0,2022,5.0,23,0.217391304347826,2022,DB,90004,,,,3.0,2.0,,,,deduplicated_matched,182 S. Virgil Ave.,34.0711047,-118.2864255
7538 W. Apperson St.,91042.0,7.0,2022,1.0,7,0.1428571428571428,2022,DB,91042,,,,1.0,,,,,deduplicated_matched,7538 W. Apperson St.,34.25576,-118.29705
5817 W. Virginia Ave.,90038.0,13.0,2022,3.0,12,0.25,2022,DB,90038,,,,1.0,2.0,,,,deduplicated_matched,5817 W. Virginia Ave.,34.0919583,-118.3164374
5320 N. Cartwright Ave.,91601.0,2.0,2022,4.0,46,0.0869565217391304,2022,DB,91601,,,,4.0,,,,,deduplicated_matched,5320 N. Cartwright Ave.,34.1672869,-118.3629519
320 N. La Cienega Blvd.,90048.0,5.0,2022,5.0,61,0.081967213114754,2022,DB,90048,,,,5.0,,,,,deduplicated_matched,320 N. La Cienega Blvd.,34.0766808,-118.3763715
1339 N. Tamarind Ave.,90028.0,13.0,2022,4.0,44,0.0909090909090909,2022,DB,90028,,4.0,,,,,,,deduplicated_matched,1339 N. Tamarind Ave.,33.9050705,-118.2229731
8333 S. Airport Blvd.,90045.0,11.0,2022,100.0,102,0.9803921568627452,2022,DB,90045,,,,,100.0,,,DB; SB 35,deduplicated_matched,8333 S. Airport Blvd.,33.963126,-118.3858269
1657 N. Western Ave.,90027.0,13.0,2022,198.0,200,0.99,2022,DB,90027,,,,,158.0,40.0,,Unlimited density per Govt Code Section 65915,deduplicated_matched,1657 N. Western Ave.,34.1007484,-118.3095745
5475 S. Inglewood Blvd.,90230.0,11.0,2022,1.0,11,0.0909090909090909,2022,DB,90230,,1.0,,,,,,DB,deduplicated_matched,5475 S. Inglewood Blvd.,33.9849954,-118.4069072
2800 N. Rokeby St.,90039.0,4.0,2022,4.0,39,0.1025641025641025,2022,DB,90039,,,,4.0,,,,,deduplicated_matched,2800 N. Rokeby St.,34.1075513,-118.2646649
806 W. Adams Blvd.,90007.0,9.0,2022,6.0,52,0.1153846153846153,2022,DB,90007,,,,6.0,,,,DB,deduplicated_matched,806 W. Adams Blvd.,34.0295304,-118.2802524
511 S. Harbor Blvd.,90731.0,15.0,2022,16.0,137,0.1167883211678832,2022,DB,90731,,,,16.0,,,,,deduplicated_matched,511 S. Harbor Blvd.,33.7402492,-118.2800624
306 S. Union Pl.,90017.0,1.0,2022,4.0,30,0.1333333333333333,2022,TOC,90017,,,,4.0,,,,TOC Tier 1,deduplicated_matched,306 S. Union Pl.,34.06028,-118.26726
1546 S. Orange Grove Ave.,90019.0,10.0,2022,3.0,28,0.1071428571428571,2022,TOC,90019,,3.0,,,,,,TOC Tier 3,deduplicated_matched,1546 S. Orange Grove Ave.,34.0481091,-118.3660795
1415 W. Court St.,90026.0,1.0,2022,7.0,46,0.1521739130434782,2022,TOC,90026,,2.0,,4.0,1.0,,,TOC Tier 1,deduplicated_matched,1415 W. Court St.,34.0651187,-118.2586809
612 N. Normandie Ave.,90004.0,13.0,2022,1.0,12,0.0833333333333333,2022,TOC,90004,,1.0,,,,,,TOC Tier 1,deduplicated_matched,612 N. Normandie Ave.,34.0816597,-118.3001385
339 S. Oxford Ave.,90020.0,10.0,2022,2.0,12,0.1666666666666666,2022,TOC,90020,2024-05-09 00:00:00,2.0,,,,,,TOC Tier 1,deduplicated_matched,339 S. Oxford Ave.,34.0678338,-118.3081806
3518 S. Chespeake Ave.,90016.0,10.0,2022,3.0,29,0.1034482758620689,2022,TOC,90016,2023-10-31 00:00:00,3.0,,,,,,TOC Tier 3,deduplicated_matched,3518 S. Chespeake Ave.,34.0233604,-118.3450323
5318 S. Hoover St.,90037.0,9.0,2022,56.0,57,0.9824561403508772,2022,TOC,90037,,6.0,,,50.0,,,TOC Tier 2,deduplicated_matched,5318 S. Hoover St.,33.99363,-118.28694
3434 S. Chesapeake Ave.,90016.0,10.0,2022,1.0,10,0.1,2022,TOC,90016,,1.0,,,,,,TOC Tier 3,deduplicated_matched,3434 S. Chesapeake Ave.,34.0244983,-118.3446794
1626 W. Temple St.,90026.0,13.0,2022,7.0,72,0.0972222222222222,2022,TOC,90026,,7.0,,,,,,TOC Tier 2,deduplicated_matched,1626 W. Temple St.,34.0681012,-118.2618443
300 W. 60th St.,90003.0,9.0,2022,59.0,60,0.9833333333333332,2022,TOC,90003,,6.0,,,53.0,,,TOC Tier 3,deduplicated_matched,300 W. 60th St.,33.9851275,-118.2783205
329 S. Bonnie Brae St.,90057.0,1.0,2022,3.0,30,0.1,2022,TOC,90057,,3.0,,,,,,TOC Tier 3,deduplicated_matched,329 S. Bonnie Brae St.,34.0611168,-118.2709319
1411 S. Flower St.,90015.0,14.0,2022,25.0,227,0.1101321585903083,2022,TOC,90015,,25.0,,,,,,TOC Tier 4,deduplicated_matched,1411 S. Flower St.,34.0381829,-118.2684825
525 S. Union Ave.,90017.0,1.0,2022,44.0,44,1.0,2022,TOC,90017,,6.0,,3.0,35.0,,,TOC Tier 4,deduplicated_matched,525 S. Union Ave.,34.0580107,-118.2698496
110 E. 116th St.,90061.0,15.0,2022,17.0,84,0.2023809523809523,2022,TOC,90061,,9.0,,,8.0,,,TOC Tier 3,deduplicated_matched,110 E. 116th St.,33.929055,-118.2736694
6506 S. Main St.,90003.0,9.0,2022,2.0,20,0.1,2022,TOC,90003,,2.0,,,,,,TOC Tier 1,deduplicated_matched,6506 S. Main St.,33.9802289,-118.2735692
10811 S. Compton Ave.,90059.0,15.0,2022,28.0,29,0.9655172413793104,2022,TOC,90059,2024-09-23 00:00:00,2.0,,3.0,23.0,,,TOC Tier 3,deduplicated_matched,10811 S. Compton Ave.,33.9198476,-118.2462306
1837 N. Workman St.,90031.0,14.0,2022,16.0,16,1.0,2022,TOC,90031,,1.0,,1.0,14.0,,,TOC Tier 2,deduplicated_matched,1837 N. Workman St.,34.2978138,-118.4292721
836 W. 42nd Pl.,90037.0,9.0,2022,5.0,31,0.1612903225806451,2022,TOC,90037,,1.0,,4.0,,,,TOC Tier 3,deduplicated_matched,836 W. 42nd Pl.,34.0063047,-118.2885031
611 N. Virgil Ave.,90004.0,13.0,2022,3.0,30,0.1,2022,TOC,90004,,3.0,,,,,,TOC Tier 3,deduplicated_matched,611 N. Virgil Ave.,34.08216230000001,-118.2869824
549 S. Harvard Blvd.,90020.0,10.0,2022,15.0,150,0.1,2022,TOC,90020,,15.0,,,,,,TOC Tier 3,deduplicated_matched,549 S. Harvard Blvd.,34.0640731,-118.304122
8717 S. Central Ave.,90002.0,9.0,2022,20.0,20,1.0,2022,TOC,90002,,1.0,,1.0,18.0,,,TOC Tier 2,deduplicated_matched,8717 S. Central Ave.,33.9587,-118.2566
8940 N. Reseda Blvd.,91324.0,12.0,2022,5.0,51,0.0980392156862745,2022,TOC,91324,2024-06-24 00:00:00,5.0,,,,,,TOC Tier 2,deduplicated_matched,8940 N. Reseda Blvd.,34.2330867,-118.5357506
1525 W. Pizarro St.,90026.0,13.0,2022,10.0,90,0.1111111111111111,2022,TOC,90026,,,,10.0,,,,TOC Tier 1,deduplicated_matched,1525 W. Pizarro St.,34.0669255,-118.261115
9401 S. Broadway,90003.0,8.0,2022,17.0,17,1.0,2022,TOC,90003,,,,,17.0,,,TOC Tier 2,deduplicated_matched,9401 S. Broadway,33.9508712,-118.2786359
8016 S. Western Ave.,90047.0,8.0,2022,20.0,20,1.0,2022,TOC,90047,,2.0,,17.0,1.0,,,TOC Tier 2,deduplicated_matched,8016 S. Western Ave.,33.9658866,-118.3088301
11013 W. Hartsook St.,91601.0,2.0,2022,3.0,25,0.12,2022,TOC,91601,,3.0,,,,,,TOC Tier 3,deduplicated_matched,11013 W. Hartsook St.,34.1642072,-118.4751275
6110 S. San Pedro St.,90003.0,9.0,2022,16.0,16,1.0,2022,TOC,90003,,,,,16.0,,,TOC Tier 2,deduplicated_matched,6110 S. San Pedro St.,33.9839493,-118.2694389
3605 S. San Pedro St.,90011.0,9.0,2022,44.0,44,1.0,2022,TOC,90011,,2.0,,1.0,41.0,,,TOC Tier 2,deduplicated_matched,3605 S. San Pedro St.,34.01362290000001,-118.266639
1446 S. Bedford St.,90035.0,5.0,2022,3.0,29,0.1034482758620689,2022,TOC,90035,,3.0,,,,,,TOC Tier 3,deduplicated_matched,1446 S. Bedford St.,34.0527175,-118.3804079
942 N. Wilcox Ave.,90038.0,13.0,2022,3.0,15,0.2,2022,TOC,90038,,1.0,,2.0,,,,TOC Tier 2,deduplicated_matched,942 N. Wilcox Ave.,34.032542,-118.1250721
153 N. Mariposa Ave.,90004.0,10.0,2022,20.0,20,1.0,2022,TOC,90004,,,,,20.0,,,TOC Tier 4,deduplicated_matched,153 N. Mariposa Ave.,34.0743594,-118.2995942
608 N. Serrano Ave.,90004.0,13.0,2022,3.0,22,0.1363636363636363,2022,TOC,90004,,3.0,,,,,,TOC Tier 2,deduplicated_matched,608 N. Serrano Ave.,34.0820684,-118.3066538
5566 W. Pico Blvd.,90019.0,10.0,2022,4.0,40,0.1,2022,TOC,90019,,4.0,,,,,,TOC Tier 2,deduplicated_matched,5566 W. Pico Blvd.,34.0495742,-118.3601903
3450 W. 43rd St.,90008.0,10.0,2022,7.0,56,0.125,2022,TOC,90008,,7.0,,,,,,TOC Tier 4,deduplicated_matched,3450 W. 43rd St.,34.005569,-118.333029
4347 S. Woodlawn Ave.,90011.0,9.0,2022,32.0,33,0.9696969696969696,2022,TOC,90011,,4.0,,,28.0,,,TOC Tier 3,deduplicated_matched,4347 S. Woodlawn Ave.,34.0043168,-118.2732411
10914 S. Main St.,90061.0,8.0,2022,20.0,20,1.0,2022,TOC,90061,,1.0,,,19.0,,,TOC Tier 2,deduplicated_matched,10914 S. Main St.,33.9369258,-118.2735127
5806 W. Lexington Ave.,90038.0,13.0,2022,2.0,17,0.1176470588235294,2022,TOC,90038,,2.0,,,,,,TOC Tier 2,deduplicated_matched,5806 W. Lexington Ave.,34.1516759,-118.2631361
1350 W Court St.,90026.0,1.0,2022,6.0,69,0.0869565217391304,2022,TOC,90026,,6.0,,,,,,TOC Tier 1,deduplicated_matched,1350 W Court St.,34.06453,-118.258
913 S. Shenandoah St.,90035.0,5.0,2022,2.0,14,0.1428571428571428,2022,TOC,90035,,1.0,,1.0,,,,TOC Tier 3,deduplicated_matched,913 S. Shenandoah St.,34.06045,-118.3815
1843 N. Sichel St.,90031.0,14.0,2022,20.0,21,0.9523809523809524,2022,TOC,90031,,1.0,,1.0,18.0,,,TOC Tier 2,deduplicated_matched,1843 N. Sichel St.,34.0651888,-118.2130383
1529 S. Hi Point St.,90035.0,10.0,2022,2.0,14,0.1428571428571428,2022,TOC,90035,,,,2.0,,,,TOC Tier 3,deduplicated_matched,1529 S. Hi Point St.,34.0493123,-118.3697417
10978 W. Wilkins Ave.,90024.0,5.0,2022,3.0,23,0.1304347826086956,2022,TOC,90024,,3.0,,,,,,TOC Tier 3,deduplicated_matched,10978 W. Wilkins Ave.,34.0537807,-118.4440334
14811 W. Erwin St.,91411.0,6.0,2022,4.0,33,0.1212121212121212,2022,TOC,91411,,4.0,,,,,,TOC Tier 3 (Project has 1 ADU),deduplicated_matched,14811 W. Erwin St.,34.1829925,-118.3935511
7807 S. Broadway,90003.0,9.0,2022,20.0,20,1.0,2022,TOC,90003,,2.0,,2.0,16.0,,,TOC Tier 2,deduplicated_matched,7807 S. Broadway,33.9685752,-118.278709
1427 S. Greenfield Ave.,90025.0,5.0,2022,5.0,29,0.1724137931034483,2022,TOC,90025,,3.0,,1.0,1.0,,,TOC Tier 3,deduplicated_matched,1427 S. Greenfield Ave.,34.0522143,-118.4445651
1000 N. Edinburgh Ave.,90046.0,5.0,2022,2.0,18,0.1111111111111111,2022,TOC,90046,,2.0,,,,,,TOC Tier 3,deduplicated_matched,1000 N. Edinburgh Ave.,34.0889113,-118.3635451
10425 S. Avalon Blvd.,90003.0,8.0,2022,38.0,38,1.0,2022,TOC,90003,,4.0,,,34.0,,,TOC Tier 2,deduplicated_matched,10425 S. Avalon Blvd.,33.941178,-118.2654946
606 N. Manhattan Pl.,90004.0,13.0,2022,2.0,14,0.1428571428571428,2022,TOC,90004,,,,2.0,,,,TOC Tier 3,deduplicated_matched,606 N. Manhattan Pl.,34.0819641,-118.3099699
1510 S. Hi Point St.,90035.0,10.0,2022,6.0,58,0.1034482758620689,2022,TOC,90035,,6.0,,,,,,TOC Tier 3,deduplicated_matched,1510 S. Hi Point St.,34.0497189,-118.3689571
2426 E. Cincinnati St.,90033.0,14.0,2022,2.0,18,0.1111111111111111,2022,TOC,90033,,2.0,,,,,,TOC Tier 3,deduplicated_matched,2426 E. Cincinnati St.,34.0471275,-118.2063999
2597 S. Alsace Ave.,90016.0,10.0,2022,2.0,24,0.0833333333333333,2022,TOC,90016,2024-09-11 00:00:00,2.0,,,,,,TOC Tier 1,deduplicated_matched,2597 S. Alsace Ave.,34.0325723,-118.3553364
5400 N. Carpenter Ave.,91607.0,2.0,2022,3.0,16,0.1875,2022,TOC,91607,,2.0,,,1.0,,,TOC Tier 3,deduplicated_matched,5400 N. Carpenter Ave.,34.16881,-118.39087
7322 N. Topanga Canyon Blvd.,91303.0,3.0,2022,12.0,149,0.0805369127516778,2022,TOC,91303,,12.0,,,,,,TOC Tier 1,deduplicated_matched,7322 N. Topanga Canyon Blvd.,34.1146633,-118.5919163
1468 S. Reeves St.,90035.0,5.0,2022,3.0,29,0.1034482758620689,2022,TOC,90035,,3.0,,,,,,TOC Tier 3,deduplicated_matched,1468 S. Reeves St.,34.0531751,-118.3961718
1200 S. Magnolia Ave.,90006.0,1.0,2022,2.0,21,0.0952380952380952,2022,TOC,90006,,2.0,,,,,,TOC Tier 2,deduplicated_matched,1200 S. Magnolia Ave.,34.0549076,-118.242643
6575 W. Fountain Ave.,90028.0,13.0,2022,1.0,12,0.0833333333333333,2022,TOC,90028,,1.0,,,,,,TOC Tier 1,deduplicated_matched,6575 W. Fountain Ave.,34.0945393,-118.3330495
9708 S. Broadway,90003.0,8.0,2022,17.0,17,1.0,2022,TOC,90003,,,,,17.0,,,TOC Tier 2,deduplicated_matched,9708 S. Broadway,33.9478749,-118.2778689
1101 S. Fairfax Ave.,90019.0,10.0,2022,2.0,20,0.1,2022,TOC,90019,,2.0,,,,,,TOC Tier 3,deduplicated_matched,1101 S. Fairfax Ave.,34.0555876,-118.3654414
728 S. Manhattan Pl.,90005.0,5.0,2022,6.0,60,0.1,2022,TOC,90005,,6.0,,,,,,TOC Tier 3,deduplicated_matched,728 S. Manhattan Pl.,34.0588017,-118.3098885
7019 N. Canoga Ave.,91303.0,3.0,2022,22.0,220,0.1,2022,TOC,91303,,22.0,,,,,,TOC Tier 3,deduplicated_matched,7019 N. Canoga Ave.,34.1980967,-118.5980572
5334 N. Cleon Ave.,91601.0,2.0,2022,15.0,15,1.0,2022,TOC,91601,,2.0,,2.0,11.0,,,TOC Tier 4,deduplicated_matched,5334 N. Cleon Ave.,34.16798730000001,-118.3683198
10714 W. Charnock Rd.,90034.0,5.0,2022,3.0,13,0.2307692307692307,2022,TOC,90034,,2.0,,,1.0,,,TOC Tier 3,deduplicated_matched,10714 W. Charnock Rd.,34.0120327,-118.4284027
11908 W. Exposition Blvd.,90064.0,11.0,2022,3.0,27,0.1111111111111111,2022,TOC,90064,2024-12-05 00:00:00,3.0,,,,,,TOC Tier 4,deduplicated_matched,11908 W. Exposition Blvd.,34.0188726,-118.3177272
1419 N. New Hampshire Ave.,90027.0,13.0,2022,7.0,62,0.1129032258064516,2022,TOC,90027,,7.0,,,,,,TOC Tier 4,deduplicated_matched,1419 N. New Hampshire Ave.,34.0972524,-118.2930946
4670 W. Beverly Blvd.,90034.0,13.0,2022,3.0,30,0.1,2022,TOC,90034,,3.0,,,,,,TOC Tier 3,deduplicated_matched,4670 W. Beverly Blvd.,34.0256006,-118.1427194
11261 W. Santa Monica Blvd.,90025.0,11.0,2022,12.0,119,0.1008403361344537,2022,TOC,90025,,12.0,,,,,,TOC Tier 3,deduplicated_matched,11261 W. Santa Monica Blvd.,34.0470178,-118.4477979
2403 S. Clyde Ave.,90016.0,10.0,2022,13.0,13,1.0,2022,TOC,90016,,2.0,,2.0,9.0,,,TOC Tier 4,deduplicated_matched,2403 S. Clyde Ave.,34.0354307,-118.3661513
5551 W. Jefferson Blvd.,90016.0,10.0,2022,2.0,17,0.1176470588235294,2022,TOC,90016,,2.0,,,,,,TOC Tier 3,deduplicated_matched,5551 W. Jefferson Blvd.,34.0265232,-118.3679459
3200 S. La Cienega Blvd.,90016.0,10.0,2022,28.0,254,0.1102362204724409,2022,TOC,90016,,28.0,,,,,,TOC Tier 4,deduplicated_matched,3200 S. La Cienega Blvd.,34.0291363,-118.3717969
12007 S. Central Ave.,90059.0,15.0,2022,73.0,74,0.9864864864864864,2022,TOC,90059,,,,9.0,64.0,,,TOC Tier 2,deduplicated_matched,12007 S. Central Ave.,33.9235546,-118.2546038
1240 S. Magnolia Ave.,90006.0,1.0,2022,4.0,36,0.1111111111111111,2022,TOC,90006,,4.0,,,,,,TOC Tier 2,deduplicated_matched,1240 S. Magnolia Ave.,34.0549076,-118.242643
5300 S. Crenshaw Blvd.,90043.0,8.0,2022,9.0,82,0.1097560975609756,2022,TOC,90043,,9.0,,,,,,TOC Tier 3,deduplicated_matched,5300 S. Crenshaw Blvd.,33.99462520000001,-118.3302717
18900 W. Parthenia St.,91324.0,12.0,2022,11.0,64,0.171875,2022,TOC,91324,,5.0,,3.0,3.0,,,TOC Tier 2,deduplicated_matched,18900 W. Parthenia St.,34.22798,-118.54519
"4008 W. Martin Luther King, Jr. Blvd.",90008.0,10.0,2022,7.0,70,0.1,2022,TOC,90008,,7.0,,,,,,TOC Tier 2,deduplicated_matched,"4008 W. Martin Luther King, Jr. Blvd.",34.01537,-118.34299
505 N. St. Andrews Pl.,90004.0,13.0,2022,2.0,22,0.0909090909090909,2022,TOC,90004,,2.0,,,,,,TOC Tier 2,deduplicated_matched,505 N. St. Andrews Pl.,34.0805332,-118.311492
936 S. Fedora St.,90006.0,10.0,2022,3.0,30,0.1,2022,TOC,90006,,3.0,,,,,,TOC Tier 3,deduplicated_matched,936 S. Fedora St.,34.0545788,-118.2974351
3716 S. Motor Ave.,90034.0,5.0,2022,4.0,34,0.1176470588235294,2022,TOC,90034,,4.0,,,,,,TOC Tier 3,deduplicated_matched,3716 S. Motor Ave.,34.0224229,-118.4051969
3527 S. Hughes Ave.,90034.0,5.0,2022,5.0,43,0.1162790697674418,2022,TOC,90034,,5.0,,,,,,TOC Tier 3,deduplicated_matched,3527 S. Hughes Ave.,34.028343,-118.402966
228 N. Soto St.,90033.0,14.0,2022,40.0,41,0.975609756097561,2022,TOC,90033,,5.0,,,35.0,,,TOC Tier 4,deduplicated_matched,228 N. Soto St.,34.045917,-118.208018
330 N. Robinson St.,90026.0,13.0,2022,3.0,20,0.15,2022,TOC,90026,,1.0,,2.0,,,,TOC Tier 1,deduplicated_matched,330 N. Robinson St.,34.0764432,-118.2813454
1206 W. Florence Ave.,90044.0,8.0,2022,3.0,27,0.1111111111111111,2022,TOC,90044,,3.0,,,,,,TOC Tier 2,deduplicated_matched,1206 W. Florence Ave.,33.9744556,-118.2966133
600 N. Alvarado St.,90026.0,13.0,2022,5.0,62,0.0806451612903225,2022,TOC,90026,,5.0,,,,,,TOC Tier 1,deduplicated_matched,600 N. Alvarado St.,34.0729583,-118.2660708
1037 S. Dewey Ave.,90006.0,10.0,2022,6.0,60,0.1,2022,TOC,90006,,6.0,,,,,,TOC Tier 3,deduplicated_matched,1037 S. Dewey Ave.,34.0515471,-118.2960298
3004 W. Sunset Blvd.,90026.0,13.0,2022,6.0,74,0.081081081081081,2022,TOC,90026,,6.0,,,,,,TOC Tier 1,deduplicated_matched,3004 W. Sunset Blvd.,34.0831779,-118.274069
3471 W. Slauson Ave.,90043.0,8.0,2022,7.0,63,0.1111111111111111,2022,TOC,90043,,7.0,,,,,,TOC Tier 4,deduplicated_matched,3471 W. Slauson Ave.,33.989166,-118.3329486
14712 W. Friar St.,91411.0,6.0,2022,3.0,23,0.1304347826086956,2022,TOC,91411,,3.0,,,,,,TOC Tier 3,deduplicated_matched,14712 W. Friar St.,34.18544,-118.45358
4750 W. Santa Monica Blvd.,90029.0,13.0,2022,10.0,85,0.1176470588235294,2022,TOC,90029,,10.0,,,,,,TOC Tier 4,deduplicated_matched,4750 W. Santa Monica Blvd.,34.0906756,-118.2931829
4508 N. Mariota Ave.,91602.0,2.0,2022,3.0,37,0.081081081081081,2022,TOC,91602,,3.0,,,,,,TOC Tier 1,deduplicated_matched,4508 N. Mariota Ave.,34.15257,-118.35054
2225 W. Sunset Blvd.,90026.0,13.0,2022,18.0,176,0.1022727272727272,2022,TOC,90026,,18.0,,,,,,TOC Tier 3,deduplicated_matched,2225 W. Sunset Blvd.,34.0781377,-118.2659948
5262 N. Cleon Ave.,91601.0,2.0,2022,15.0,15,1.0,2022,TOC,91601,,2.0,,2.0,11.0,,,TOC Tier 4,deduplicated_matched,5262 N. Cleon Ave.,34.1667062,-118.3683615
5217 W. Adams Blvd.,90016.0,10.0,2022,6.0,74,0.081081081081081,2022,TOC,90016,,6.0,,,,,,TOC Tier 1,deduplicated_matched,5217 W. Adams Blvd.,34.0327312,-118.3557898
14431 W. Vose St.,91405.0,6.0,2022,37.0,332,0.1114457831325301,2022,TOC,91405,,37.0,,,,,,TOC Tier 4,deduplicated_matched,14431 W. Vose St.,34.1986021,-118.4472984
11033 W. Hartsook St.,91601.0,2.0,2022,8.0,62,0.1290322580645161,2022,TOC,91601,,7.0,,,1.0,,,TOC Tier 3,deduplicated_matched,11033 W. Hartsook St.,34.1642072,-118.4751275
707 S. Rampart Blvd.,90057.0,1.0,2022,6.0,55,0.109090909090909,2022,TOC,90057,,6.0,,,,,,TOC Tier 3,deduplicated_matched,707 S. Rampart Blvd.,34.0590987,-118.2836152
4719 S. Western Ave.,90062.0,8.0,2022,21.0,21,1.0,2022,TOC,90062,,1.0,,1.0,19.0,,,TOC Tier 4,deduplicated_matched,4719 S. Western Ave.,34.000411,-118.309284
2925 S. Western Ave.,90018.0,10.0,2022,2.0,18,0.1111111111111111,2022,TOC,90018,,2.0,,,,,,TOC Tier 1,deduplicated_matched,2925 S. Western Ave.,34.028036,-118.3091667
930 S. Gramercy Dr.,90019.0,5.0,2022,2.0,17,0.1176470588235294,2022,TOC,90019,,2.0,,,,,,TOC Tier 3,deduplicated_matched,930 S. Gramercy Dr.,34.0548471,-118.3120298
850 E. 25th St.,90011.0,9.0,2022,17.0,17,1.0,2022,TOC,90011,,2.0,,2.0,13.0,,,TOC Tier 4,deduplicated_matched,850 E. 25th St.,34.0206753,-118.2573699
1999 W. 3rd St.,90057.0,1.0,2022,136.0,137,0.9927007299270072,2022,TOC,90057,,,,21.0,115.0,,,TOC Tier 4,deduplicated_matched,1999 W. 3rd St.,34.0625438,-118.2714903
142 E. Vernon Ave.,90011.0,9.0,2022,2.0,16,0.125,2022,TOC,90011,,2.0,,,,,,TOC Tier 3,deduplicated_matched,142 E. Vernon Ave.,34.0036299,-118.2730754
7353 N. Milwood Ave.,91303.0,3.0,2022,3.0,16,0.1875,2022,TOC,91303,,1.0,,2.0,,,,TOC Tier 2,deduplicated_matched,7353 N. Milwood Ave.,34.2047007,-118.5943077
1025 S. Mariposa Ave.,90006.0,10.0,2022,10.0,100,0.1,2022,TOC,90006,,10.0,,,,,,TOC Tier 3,deduplicated_matched,1025 S. Mariposa Ave.,34.051921,-118.2991911
1039 E. 28th St.,90011.0,9.0,2022,20.0,20,1.0,2022,TOC,90011,,3.0,,,17.0,,,TOC Tier 3,deduplicated_matched,1039 E. 28th St.,34.017184,-118.2560749
1853 S. Manhattan Pl.,90018.0,10.0,2022,2.0,20,0.1,2022,TOC,90018,,2.0,,,,,,TOC Tier 3,deduplicated_matched,1853 S. Manhattan Pl.,34.04024680000001,-118.3105071
4611 S. Crenshaw Blvd.,90043.0,8.0,2022,22.0,195,0.1128205128205128,2022,TOC,90043,,22.0,,,,,,TOC Tier 4,deduplicated_matched,4611 S. Crenshaw Blvd.,34.0017974,-118.3313021
17630 W. Sherman Way,91406.0,6.0,2022,5.0,39,0.1282051282051282,2022,DB,91406,,,,5.0,,,,DB,deduplicated_matched,17630 W. Sherman Way,34.20108099999999,-118.5199707
1441 W. 5th St.,90017.0,1.0,2022,36.0,218,0.1651376146788991,2022,DB,90017,,,,33.0,3.0,,,,deduplicated_matched,1441 W. 5th St.,34.0557704,-118.2642613
125 W. 46th St.,90037.0,9.0,2022,1.0,4,0.25,2022,UDU,90037,2023-01-27 00:00:00,,,,1.0,,,UDU,deduplicated_matched,125 W. 46th St.,34.0022023,-118.2749769
1740 W. 64th St.,90047.0,8.0,2022,1.0,3,0.3333333333333333,2022,UDU,90047,,,,,,1.0,,UDU,deduplicated_matched,1740 W. 64th St.,33.9811788,-118.3081674
569 N. Rossmore Ave.,90004.0,5.0,2022,1.0,70,0.0142857142857142,2022,UDU,90004,,,,,,1.0,,UDU,deduplicated_matched,569 N. Rossmore Ave.,34.0810227,-118.3275658
220 S. Poinsettia Pl.,90036.0,5.0,2022,1.0,8,0.125,2022,UDU,90036,2024-04-22 00:00:00,,,,,1.0,,UDU,deduplicated_matched,220 S. Poinsettia Pl.,34.070306,-118.3484672
1426 N. Fairfax Ave.,90046.0,13.0,2022,1.0,10,0.1,2022,UDU,90046,,,,,1.0,,,UDU,deduplicated_matched,1426 N. Fairfax Ave.,34.0971065,-118.3611949
6815 W. Lexington Ave.,90038.0,13.0,2022,1.0,5,0.2,2022,UDU,90038,,,,,,1.0,,UDU,deduplicated_matched,6815 W. Lexington Ave.,34.1516759,-118.2631361
1340 S. Hill St.,90015.0,14.0,2022,59.0,235,0.251063829787234,2022,Other/Discretionary,90015,,,,12.0,,,47.0,Greater Downtown Housing Incentive; Zone Variance,deduplicated_matched,1340 S. Hill St.,34.0364377,-118.2626684
200 W. Mesnager St.,90012.0,1.0,2022,7.0,280,0.025,2022,Other/Discretionary,90012,,,,,7.0,,,Cornfield Arroyo Seco Specific Plan (CASP); Floor Area Bonus,deduplicated_matched,200 W. Mesnager St.,34.068204,-118.2288028
15418 W. Bermuda St.,91345.0,7.0,2022,7.0,52,0.1346153846153846,2022,Other/Discretionary,91345,,3.0,,4.0,,,,JJJ,deduplicated_matched,15418 W. Bermuda St.,34.26737,-118.46852
1457 N. Main St.,90012.0,1.0,2022,9.0,244,0.0368852459016393,2022,Other/Discretionary,90012,,9.0,,,,,,CASP (Specific Plan Exemption),deduplicated_matched,1457 N. Main St.,34.0657657,-118.2302763
6501 S. Broadway,90003.0,9.0,2022,50.0,50,1.0,2022,Other/Discretionary,90003,2024-07-19 00:00:00,,,,39.0,11.0,,"AB 1763, AB 2345",deduplicated_matched,6501 S. Broadway,33.9803414,-118.2786934
1100 S. Main St.,90015.0,14.0,2022,42.0,379,0.1108179419525065,2022,Other/Discretionary,90015,,,,,,42.0,,"General Plan Amendment; Vesting Zone Change and height District Change; Open Space, and Site Plan Review",deduplicated_matched,1100 S. Main St.,34.0388272,-118.2579975
1080 S. Vermont Ave.,90006.0,1.0,2022,12.0,228,0.0526315789473684,2022,Other/Discretionary,90006,,,,,,12.0,,Master Conditional use; Site Plan review,deduplicated_matched,1080 S. Vermont Ave.,34.0510474,-118.2912682
525 S. Santa Fe Ave.,90013.0,14.0,2022,29.0,475,0.0610526315789473,2022,Other/Discretionary,90013,,,,,,29.0,,General Plan Amendment; Vesting Zone Change and height District Change; Zoning Administrator's Determination; Site Plan Review,deduplicated_matched,525 S. Santa Fe Ave.,34.040889,-118.232189
300 W. 73rd St.,90003.0,9.0,2022,44.0,45,0.9777777777777776,2022,Other/Discretionary,90003,,,,,35.0,9.0,,AB 1763; AB 2345; Unlimited increase in density; no minimum parking ratio,deduplicated_matched,300 W. 73rd St.,33.9737195,-118.2783177
10400 S. San Pedro St.,90003.0,8.0,2022,46.0,47,0.9787234042553192,2022,Other/Discretionary,90003,,,,,36.0,10.0,,AB 1763,deduplicated_matched,10400 S. San Pedro St.,33.9417944,-118.2692215
2554 S. Genesee Ave.,90016.0,10.0,2022,10.0,65,0.1538461538461538,2022,Other/Discretionary,90016,,,,10.0,,,,Conditional Use Permit for a 70% increase in density; 2 Waivers of Development Standards,deduplicated_matched,2554 S. Genesee Ave.,34.0328969,-118.3697431
10915 W. Strathmore Dr.,90024.0,5.0,2022,5.0,37,0.1351351351351351,2022,Other/Discretionary,90024,,,,5.0,,,,DB,deduplicated_matched,10915 W. Strathmore Dr.,34.0682839,-118.4494709
2444 S. Barry Ave.,90064.0,11.0,2022,60.0,61,0.9836065573770492,2022,DB,90064,2024-03-15 00:00:00,34.0,,,26.0,,,ministerial review of a DB compliance review,deduplicated_matched,2444 S. Barry Ave.,34.0149609,-118.4320585
2471 S. Lincoln Blvd.,90291.0,11.0,2022,39.0,40,0.975,2022,DB,90291,2024-11-21 00:00:00,,,,39.0,,,100% increase in density,deduplicated_matched,2471 S. Lincoln Blvd.,33.9927979,-118.4505585
6658 W. Franklin Ave.,90028.0,4.0,2022,10.0,64,0.15625,2022,DB,90028,,,,10.0,,,,,deduplicated_matched,6658 W. Franklin Ave.,34.1464892,-118.3446051
8767 N. Parthenia Pl.,91343.0,6.0,2022,77.0,77,1.0,2022,DB,91343,,,,77.0,,,,AB 2162; DB,deduplicated_matched,8767 N. Parthenia Pl.,34.2292897,-118.4666503
1021 N. Vermont Ave.,90029.0,13.0,2022,185.0,187,0.9893048128342246,2022,TOC,90029,,94.0,,91.0,,,,AB 2162; AB 1763; TOC Tier 4,deduplicated_matched,1021 N. Vermont Ave.,34.0900899,-118.29204
2106 S. Central Ave.,90011.0,9.0,2022,56.0,57,0.9824561403508772,2022,TOC,90011,,56.0,,,,,,TOC Tier 4,deduplicated_matched,2106 S. Central Ave.,34.02211,-118.25248
2751 W. Francis Ave.,90005.0,1.0,2022,63.0,64,0.984375,2022,TOC,90005,,1.0,,3.0,59.0,,,TOC Tier 4,deduplicated_matched,2751 W. Francis Ave.,34.0570522,-118.285595
4507 S. Main St.,90037.0,9.0,2022,60.0,61,0.9836065573770492,2022,TOC,90037,,2.0,,1.0,57.0,,,TOC Tier 3,deduplicated_matched,4507 S. Main St.,34.0025633,-118.2743553
1623 W. Manchester Ave.,90047.0,8.0,2022,49.0,50,0.98,2022,TOC,90047,,,,,49.0,,,TOC Tier 2,deduplicated_matched,1623 W. Manchester Ave.,33.96016,-118.30552
1432 W. Miramar St.,90026.0,1.0,2022,93.0,94,0.9893617021276596,2022,TOC,90026,,5.0,,4.0,84.0,,,TOC Tier 4,deduplicated_matched,1432 W. Miramar St.,34.0596669,-118.2619977
715 N. Alvarado St.,90026.0,13.0,2022,80.0,81,0.9876543209876544,2022,TOC,90026,,,,,80.0,,,TOC Tier 3,deduplicated_matched,715 N. Alvarado St.,34.07419,-118.26573
8547 N. Sepulveda Blvd.,91343.0,5.0,2022,53.0,54,0.9814814814814816,2022,Other/Discretionary,91343,2024-08-20 00:00:00,3.0,,50.0,,,,Vesting Zone Change,deduplicated_matched,8547 N. Sepulveda Blvd.,34.2066451,-118.4659667
1355 N. Avalon Blvd.,90744.0,15.0,2022,53.0,54,0.9814814814814816,2022,Other/Discretionary,90744,,,,,53.0,,,QPSH,deduplicated_matched,1355 N. Avalon Blvd.,33.7900997,-118.2635412
319 N. Beacon St.,90731.0,15.0,2022,88.0,89,0.9887640449438202,2022,Other/Discretionary,90731,2024-03-26 00:00:00,,,,88.0,,,QPSH; unlimited density; reduction in parking,deduplicated_matched,319 N. Beacon St.,33.745503,-118.2808105
318 N. Juanita Ave.,90004.0,13.0,2022,52.0,53,0.981132075471698,2022,Other/Discretionary,90004,,5.0,,6.0,41.0,,,General Plan Amendment; Site Plan Review; Specific Plan Amendment; Zone Change; 3 Developer's Incentives,deduplicated_matched,318 N. Juanita Ave.,34.0770089,-118.2901389
316 N. Juanita Ave.,90004.0,13.0,2022,51.0,52,0.9807692307692308,2022,Other/Discretionary,90004,,5.0,,6.0,40.0,,,General Plan Amendment; Site Plan Review; Specific Plan Amendment; Zone Change; 3 Developer's Incentives,deduplicated_matched,316 N. Juanita Ave.,34.0768619,-118.2901409
320 N. Juanita Ave.,90004.0,13.0,2022,71.0,72,0.9861111111111112,2022,Other/Discretionary,90004,,8.0,,9.0,54.0,,,General Plan Amendment; Site Plan Review; Specific Plan Amendment; Zone Change; 3 Developer's Incentives,deduplicated_matched,320 N. Juanita Ave.,34.0771989,-118.2894291
3552 E. Whittier Blvd.,90023.0,14.0,2022,63.0,64,0.984375,2022,Other/Discretionary,90023,2024-12-12 00:00:00,63.0,,,,,,"QPSH 39% DB, AB 2162",deduplicated_matched,3552 E. Whittier Blvd.,34.025874,-118.196961
1351 E. 41st St.,90011.0,9.0,2022,126.0,127,0.9921259842519684,2022,Other/Discretionary,90011,,7.0,,14.0,105.0,,,General Plan Amendment; Site Plan Review; Zone Change,deduplicated_matched,1351 E. 41st St.,34.009278,-118.250201
4706 S. Centinela Ave.,90066.0,11.0,2021,2.0,18,0.1111111111111111,2021,DB,90066,,,,2.0,,,,,deduplicated_matched,4706 S. Centinela Ave.,33.9904403,-118.4196934
1800 W. Beverly Blvd.,90057.0,1.0,2021,21.0,243,0.0864197530864197,2021,DB,90057,,,,21.0,,,,,deduplicated_matched,1800 W. Beverly Blvd.,34.0201577,-118.1183566
696 S. New Hampshire Ave.,90005.0,10.0,2021,37.0,375,0.0986666666666666,2021,DB,90005,2024-03-18 00:00:00,,,37.0,,,,Part of a Master Project related to ZA_2016-1413-VCU-CUB-DB-SPR,deduplicated_matched,696 S. New Hampshire Ave.,34.06006,-118.29274
4242 S. Crenshaw Blvd.,90008.0,10.0,2021,14.0,124,0.1129032258064516,2021,DB,90008,,,,14.0,,,,,deduplicated_matched,4242 S. Crenshaw Blvd.,34.0069281,-118.3346077
145 N. Edinburgh Ave.,90048.0,5.0,2021,8.0,58,0.1379310344827586,2021,DB,90048,,,,6.0,,2.0,,Conditional Use allowing 10% over max 35% DB,deduplicated_matched,145 N. Edinburgh Ave.,34.0754872,-118.3639947
10555 W. Bloomfield St.,91602.0,2.0,2021,11.0,57,0.1929824561403508,2021,DB,91602,2023-09-21 00:00:00,5.0,,1.0,,,,Linkage Fee Exemption,deduplicated_matched,10555 W. Bloomfield St.,34.1497305,-118.3611603
3710 W. Don Felipe Dr.,90008.0,8.0,2021,6.0,64,0.09375,2021,DB,90008,,6.0,,,,,,,deduplicated_matched,3710 W. Don Felipe Dr.,34.006089,-118.339492
4225 S. Broadway Ave.,90037.0,9.0,2021,87.0,87,1.0,2021,DB,90037,,,,,87.0,,,,deduplicated_matched,4225 S. Broadway Ave.,34.0065933,-118.2786556
2683 W. San Marino St.,90006.0,1.0,2021,2.0,23,0.0869565217391304,2021,DB,90006,,,,2.0,,,,,deduplicated_matched,2683 W. San Marino St.,34.0552429,-118.28635
942 N. Broadway,90012.0,1.0,2021,9.0,178,0.0505617977528089,2021,DB,90012,,,,9.0,,,,,deduplicated_matched,942 N. Broadway,34.0651371,-118.2365574
13716 W. Victory Blvd.,91401.0,2.0,2021,4.0,32,0.125,2021,DB,91401,,,,4.0,,,,4 Waivers of Development Standards,deduplicated_matched,13716 W. Victory Blvd.,34.1864751,-118.4676387
5308 N. Auckland Ave.,91601.0,2.0,2021,4.0,14,0.2857142857142857,2021,DB,91601,,,,3.0,1.0,,,,deduplicated_matched,5308 N. Auckland Ave.,34.1669803,-118.3602725
9900 W. Venice Blvd,90232.0,5.0,2021,6.0,54,0.1111111111111111,2021,DB,90232,,,,6.0,,,,,deduplicated_matched,9900 W. Venice Blvd,34.0451134,-118.3521542
6220 W. Selma Ave.,90028.0,13.0,2021,20.0,276,0.072463768115942,2021,DB,90028,,,,13.0,,7.0,,,deduplicated_matched,6220 W. Selma Ave.,34.0994969,-118.3245035
5120 N. Cahuenga Blvd.,91601.0,2.0,2021,1.0,7,0.1428571428571428,2021,DB,91601,2023-04-21 00:00:00,,,1.0,,,,,deduplicated_matched,5120 N. Cahuenga Blvd.,34.0961981,-118.3295144
20247 W. Saticoy St.,91306.0,3.0,2021,4.0,43,0.0930232558139534,2021,DB,91306,,,,,4.0,,,,deduplicated_matched,20247 W. Saticoy St.,34.2081947,-118.5774402
7510 N. Sepulveda Blvd.,91405.0,5.0,2021,2.0,17,0.1176470588235294,2021,DB,91405,,,,,2.0,,,,deduplicated_matched,7510 N. Sepulveda Blvd.,34.1281642,-118.4801929
12140 W. Hart St.,91605.0,2.0,2021,1.0,12,0.0833333333333333,2021,DB,91605,,,,1.0,,,,,deduplicated_matched,12140 W. Hart St.,34.1973247,-118.398071
11568 W. Pico Blvd.,90064.0,11.0,2021,3.0,30,0.1,2021,DB,90064,,,,3.0,,,,,deduplicated_matched,11568 W. Pico Blvd.,34.0325232,-118.4432356
5814 W. La Mirada Ave.,90038.0,13.0,2021,1.0,13,0.0769230769230769,2021,DB,90038,,,,1.0,,,,,deduplicated_matched,5814 W. La Mirada Ave.,34.0935455,-118.3162733
13853 W. Victory Blvd.,91401.0,2.0,2021,4.0,24,0.1666666666666666,2021,DB,91401,,,,,4.0,,,,deduplicated_matched,13853 W. Victory Blvd.,34.1864751,-118.4676387
1222 N. Beachwood Dr.,90038.0,13.0,2021,3.0,11,0.2727272727272727,2021,DB,90038,,1.0,,2.0,,,,,deduplicated_matched,1222 N. Beachwood Dr.,34.0932781,-118.3208966
8218 N. Sepulveda Pl.,91402.0,6.0,2021,3.0,26,0.1153846153846153,2021,DB,91402,,,,3.0,,,,,deduplicated_matched,8218 N. Sepulveda Pl.,34.206636,-118.4659667
4818 N. Sepulveda Blvd.,91403.0,5.0,2021,4.0,36,0.1111111111111111,2021,DB,91403,2024-04-30 00:00:00,,,3.0,1.0,,,,deduplicated_matched,4818 N. Sepulveda Blvd.,34.1281642,-118.4801929
10310 W. Santa Monica Blvd.,90025.0,5.0,2021,11.0,91,0.1208791208791208,2021,DB,90025,,,,11.0,,,,,deduplicated_matched,10310 W. Santa Monica Blvd.,34.0584385,-118.422047
1530 S. Hayworth Ave.,90035.0,10.0,2021,1.0,12,0.0833333333333333,2021,DB,90035,,,,1.0,,,,,deduplicated_matched,1530 S. Hayworth Ave.,34.0489438,-118.3679809
1134 S. Harvard Blvd.,90006.0,10.0,2021,2.0,11,0.1818181818181818,2021,DB,90006,,,,,2.0,,,,deduplicated_matched,1134 S. Harvard Blvd.,34.0498288,-118.3039433
3610 W. Stocker St.,90008.0,8.0,2021,6.0,64,0.09375,2021,DB,90008,,6.0,,,,,,,deduplicated_matched,3610 W. Stocker St.,34.1634934,-118.2626433
11675 W. Oxnard St.,91606.0,2.0,2021,2.0,9,0.2222222222222222,2021,DB,91606,,,,1.0,1.0,,,,deduplicated_matched,11675 W. Oxnard St.,34.1803252,-118.5058382
2261 W. 14th St.,90006.0,1.0,2021,2.0,25,0.08,2021,DB,90006,,,,2.0,,,,,deduplicated_matched,2261 W. 14th St.,34.0464566,-118.2882896
12136 W. Vanowen St.,91606.0,2.0,2021,2.0,9,0.2222222222222222,2021,DB,91606,,,,1.0,1.0,,,,deduplicated_matched,12136 W. Vanowen St.,34.1937027,-118.3978358
11600 W. National Blvd.,90064.0,11.0,2021,2.0,15,0.1333333333333333,2021,DB,90064,,,,2.0,,,,,deduplicated_matched,11600 W. National Blvd.,34.0233969,-118.4366536
14824 W. Delano St.,91411.0,6.0,2021,2.0,2,1.0,2021,DB,91411,,,,1.0,1.0,,,,deduplicated_matched,14824 W. Delano St.,34.1824689,-118.4565181
2304 S. Ridgeley Dr.,90016.0,10.0,2021,1.0,10,0.1,2021,DB,90016,,,,1.0,,,,,deduplicated_matched,2304 S. Ridgeley Dr.,34.0359421,-118.3600703
10824 W. Blix St.,91602.0,2.0,2021,3.0,23,0.1304347826086956,2021,DB,91602,,,,3.0,,,,,deduplicated_matched,10824 W. Blix St.,34.1563801,-118.3667701
3001 W. Beverly Blvd.,90057.0,13.0,2021,4.0,46,0.0869565217391304,2021,TOC,90057,2024-02-07 00:00:00,4.0,,,,,,TOC Tier 1,deduplicated_matched,3001 W. Beverly Blvd.,34.0229817,-118.1354463
731 N. Fairfax Ave.,90036.0,5.0,2021,4.0,43,0.0930232558139534,2021,TOC,90036,2024-03-01 00:00:00,4.0,,,,,,TOC Tier 2,deduplicated_matched,731 N. Fairfax Ave.,34.0847399,-118.3620107
1426 N. Fuller Ave.,90046.0,13.0,2021,2.0,15,0.1333333333333333,2021,TOC,90046,,2.0,,,,,,TOC Tier 1,deduplicated_matched,1426 N. Fuller Ave.,34.0967762,-118.3490712
4643 W. Maubert Ave.,90027.0,13.0,2021,17.0,153,0.1111111111111111,2021,TOC,90027,,17.0,,,,,,TOC Tier 4,deduplicated_matched,4643 W. Maubert Ave.,34.099261,-118.29076
8922 S. Reading Ave.,90045.0,11.0,2021,6.0,30,0.2,2021,TOC,90045,,3.0,,2.0,1.0,,,TOC Tier 3,deduplicated_matched,8922 S. Reading Ave.,33.9558569,-118.3812789
3773 S. Glendon Ave.,90034.0,5.0,2021,9.0,85,0.1058823529411764,2021,TOC,90034,,9.0,,,,,,TOC Tier 3,deduplicated_matched,3773 S. Glendon Ave.,34.0182022,-118.4095015
1818 S. Norton Ave.,90028.0,10.0,2021,3.0,31,0.0967741935483871,2021,TOC,90028,,3.0,,,,,,TOC Tier 2; Community Plan Implementation Overlay Adjustment,deduplicated_matched,1818 S. Norton Ave.,34.0403021,-118.3268358
200 N. Vermont Ave.,90004.0,13.0,2021,49.0,490,0.1,2021,TOC,90004,,49.0,,,,,,TOC Tier 3,deduplicated_matched,200 N. Vermont Ave.,34.0752831,-118.291479
10400 W. Santa Monica Blvd.,90025.0,5.0,2021,12.0,120,0.1,2021,TOC,90025,,12.0,,,,,,TOC Tier 3,deduplicated_matched,10400 W. Santa Monica Blvd.,34.05702,-118.42411
1275 W. Sunset Blvd.,90026.0,1.0,2021,6.0,75,0.08,2021,TOC,90026,,6.0,,,,,,TOC Tier 1,deduplicated_matched,1275 W. Sunset Blvd.,34.0705171,-118.250296
4512 S. Vermont Ave.,90037.0,9.0,2021,14.0,14,1.0,2021,TOC,90037,,,,,14.0,,,TOC Tier 3,deduplicated_matched,4512 S. Vermont Ave.,34.0021315,-118.2912413
1600 E. Venice Blvd.,90291.0,11.0,2021,7.0,77,0.0909090909090909,2021,TOC,90291,,7.0,,,,,,TOC Tier 2,deduplicated_matched,1600 E. Venice Blvd.,33.9965832,-118.4469537
154 S. Occidental Blvd.,90057.0,13.0,2021,3.0,36,0.0833333333333333,2021,TOC,90057,,3.0,,,,,,TOC Tier 1,deduplicated_matched,154 S. Occidental Blvd.,34.0693725,-118.2807224
1047 S. Fedora St.,90006.0,10.0,2021,5.0,50,0.1,2021,TOC,90006,,5.0,,,,,,TOC Tier 3,deduplicated_matched,1047 S. Fedora St.,34.0546991,-118.2979644
1303 S. Orange Grove Ave.,90019.0,10.0,2021,4.0,32,0.125,2021,TOC,90019,,4.0,,,,,,TOC Tier 3,deduplicated_matched,1303 S. Orange Grove Ave.,34.0530796,-118.3652601
10501 S. Wilmington Ave.,90002.0,15.0,2021,26.0,26,1.0,2021,TOC,90002,,,,,26.0,,,TOC Tier 4,deduplicated_matched,10501 S. Wilmington Ave.,33.9405357,-118.239343
3801 S. San Pedro St.,90011.0,9.0,2021,47.0,47,1.0,2021,TOC,90011,,,,,47.0,,,TOC Tier 2,deduplicated_matched,3801 S. San Pedro St.,34.0118396,-118.2677253
11001 W. Pico Blvd.,90064.0,5.0,2021,9.0,89,0.1011235955056179,2021,TOC,90064,,9.0,,,,,,TOC Tier 3,deduplicated_matched,11001 W. Pico Blvd.,34.0383408,-118.4327621
7415 S. Main St.,90003.0,9.0,2021,17.0,17,1.0,2021,TOC,90003,,2.0,,,15.0,,,TOC Tier 3,deduplicated_matched,7415 S. Main St.,33.9722468,-118.2741929
3279 W. San Marino St.,90006.0,10.0,2021,3.0,30,0.1,2021,TOC,90006,,3.0,,,,,,TOC Tier 3,deduplicated_matched,3279 W. San Marino St.,34.0546706,-118.3024465
1126 N. Cornwell St.,90033.0,14.0,2021,3.0,31,0.0967741935483871,2021,TOC,90033,2024-05-28 00:00:00,3.0,,,,,,TOC Tier 2,deduplicated_matched,1126 N. Cornwell St.,34.0562371,-118.2043458
7650 N. Van Nuys Blvd.,91405.0,2.0,2021,13.0,124,0.1048387096774193,2021,TOC,91405,2024-12-18 00:00:00,13.0,,,,,,TOC Tier 3,deduplicated_matched,7650 N. Van Nuys Blvd.,34.2120075,-118.4491617
401 S. Western Ave.,90020.0,10.0,2021,9.0,73,0.1232876712328767,2021,TOC,90020,,,,9.0,,,,TOC Tier 2; Site Plan Review,deduplicated_matched,401 S. Western Ave.,34.0670243,-118.3092232
1148 N. Berendo St.,90029.0,13.0,2021,1.0,8,0.125,2021,TOC,90029,,1.0,,,,,,TOC Tier 4,deduplicated_matched,1148 N. Berendo St.,34.0923143,-118.2936146
1144 W. Florence Ave.,90044.0,8.0,2021,15.0,15,1.0,2021,TOC,90044,,,,,15.0,,,TOC Tier 3,deduplicated_matched,1144 W. Florence Ave.,33.9742632,-118.2953797
509 N. Douglas St.,90026.0,1.0,2021,12.0,12,1.0,2021,TOC,90026,,2.0,,,10.0,,,TOC Tier 3,deduplicated_matched,509 N. Douglas St.,33.9205976,-118.3832404
900 N. Ardmore Ave.,90029.0,13.0,2021,4.0,33,0.1212121212121212,2021,TOC,90029,,2.0,,2.0,,,,TOC Tier 1,deduplicated_matched,900 N. Ardmore Ave.,34.0863995,-118.3016386
14728 W. Friar St.,91411.0,6.0,2021,2.0,12,0.1666666666666666,2021,TOC,91411,,,,2.0,,,,TOC Tier 3,deduplicated_matched,14728 W. Friar St.,34.1854446,-118.4540995
5869 S. West Blvd.,90043.0,8.0,2021,31.0,31,1.0,2021,TOC,90043,,8.0,,,23.0,,,TOC Tier 3,deduplicated_matched,5869 S. West Blvd.,33.9333647,-118.2885497
2821 W. San Marino St.,90006.0,1.0,2021,3.0,29,0.1034482758620689,2021,TOC,90006,,3.0,,,,,,TOC Tier 3,deduplicated_matched,2821 W. San Marino St.,34.055204,-118.2897959
2801 W. Leeward Ave.,90005.0,1.0,2021,4.0,38,0.1052631578947368,2021,TOC,90005,,4.0,,,,,,TOC Tier 3,deduplicated_matched,2801 W. Leeward Ave.,34.05887,-118.28437
904 S. New Hampshire Ave.,90006.0,10.0,2021,10.0,63,0.1587301587301587,2021,TOC,90006,,7.0,,,3.0,,,TOC Tier 3,deduplicated_matched,904 S. New Hampshire Ave.,34.0557342,-118.2925321
8728 S. Reading Ave.,90045.0,11.0,2021,3.0,24,0.125,2021,TOC,90045,,3.0,,,,,,TOC Tier 3,deduplicated_matched,8728 S. Reading Ave.,33.9592252,-118.3814308
11470 W. Collins St.,91601.0,2.0,2021,3.0,17,0.1764705882352941,2021,TOC,91601,,2.0,,1.0,,,,TOC Tier 3,deduplicated_matched,11470 W. Collins St.,34.1737456,-118.3814967
1656 S. Sawtelle Blvd.,90025.0,11.0,2021,4.0,33,0.1212121212121212,2021,TOC,90025,,4.0,,,,,,TOC Tier 3,deduplicated_matched,1656 S. Sawtelle Blvd.,34.0458462,-118.4474586
850 W. 42nd St.,90037.0,9.0,2021,17.0,17,1.0,2021,TOC,90037,,1.0,,1.0,15.0,,,TOC Tier 4,deduplicated_matched,850 W. 42nd St.,34.0072111,-118.2891246
424 W. 9th St.,90731.0,14.0,2021,6.0,56,0.1071428571428571,2021,TOC,90731,,6.0,,,,,,TOC Tier 3,deduplicated_matched,424 W. 9th St.,34.043971,-118.259048
443 E. Vernon Ave.,90011.0,9.0,2021,13.0,13,1.0,2021,TOC,90011,2024-02-06 00:00:00,,,2.0,11.0,,,TOC Tier 3,deduplicated_matched,443 E. Vernon Ave.,34.0041447,-118.2681907
630 N. Oxford Ave.,90004.0,13.0,2021,3.0,28,0.1071428571428571,2021,TOC,90004,"03/22/22, (05/31/22 corrected)",3.0,,,,,,TOC Tier 3,deduplicated_matched,630 N. Oxford Ave.,34.0825635,-118.3080071
5633 N. Farmdale Ave.,91601.0,2.0,2021,5.0,26,0.1923076923076923,2021,TOC,91601,,3.0,,1.0,1.0,,,TOC Tier 3,deduplicated_matched,5633 N. Farmdale Ave.,34.1731651,-118.3813765
10939 W. Ohio Ave.,90024.0,5.0,2021,3.0,18,0.1666666666666666,2021,TOC,90024,,1.0,,2.0,,,,TOC Tier 3,deduplicated_matched,10939 W. Ohio Ave.,34.041009,-118.4623508
5154 S. Crenshaw Blvd.,90043.0,8.0,2021,8.0,79,0.1012658227848101,2021,TOC,90043,,8.0,,,,,,TOC Tier 3,deduplicated_matched,5154 S. Crenshaw Blvd.,33.9963559,-118.3309759
937 E. 25th St.,90011.0,9.0,2021,17.0,17,1.0,2021,TOC,90011,2023-08-07 00:00:00,,,,17.0,,,TOC Tier 3,deduplicated_matched,937 E. 25th St.,34.020472,-118.2555656
3301 S. Canfield Ave.,90034.0,5.0,2021,5.0,50,0.1,2021,TOC,90034,"6/24/2024, 11/6/24 (additional ADUs)",5.0,,,,,,TOC Tier 3,deduplicated_matched,3301 S. Canfield Ave.,34.0311143,-118.3949829
222 N. Alvarado St.,90026.0,13.0,2021,6.0,60,0.1,2021,TOC,90026,,6.0,,,,,,TOC Tier 2,deduplicated_matched,222 N. Alvarado St.,34.0682684,-118.269073
166 N. Douglas St.,90026.0,1.0,2021,4.0,39,0.1025641025641025,2021,TOC,90026,,4.0,,,,,,TOC Tier 1,deduplicated_matched,166 N. Douglas St.,33.9328014,-118.3831986
1010 E. 25th St.,90011.0,9.0,2021,30.0,31,0.967741935483871,2021,TOC,90011,2024-10-22 00:00:00,,,5.0,25.0,,,TOC Tier 4,deduplicated_matched,1010 E. 25th St.,34.0198336,-118.2554321
6755 N. Sylmar Ave.,91405.0,6.0,2021,5.0,45,0.1111111111111111,2021,TOC,91405,,5.0,,,,,,TOC Tier 4,deduplicated_matched,6755 N. Sylmar Ave.,34.193792,-118.4468091
818 N. Alta Vista Blvd.,90046.0,5.0,2021,2.0,20,0.1,2021,TOC,90046,,2.0,,,,,,TOC Tier 1,deduplicated_matched,818 N. Alta Vista Blvd.,34.0857582,-118.3470859
831 S. Westlake Ave.,90057.0,1.0,2021,12.0,79,0.1518987341772152,2021,TOC,90057,,6.0,,6.0,,,,TOC Tier 3,deduplicated_matched,831 S. Westlake Ave.,34.0536421,-118.2774905
861 S. Gramercy Pl.,90005.0,5.0,2021,4.0,33,0.1212121212121212,2021,TOC,90005,,4.0,,,,,,TOC Tier 3,deduplicated_matched,861 S. Gramercy Pl.,34.0563391,-118.3133343
214 S. Rampart Blvd.,90057.0,13.0,2021,2.0,24,0.0833333333333333,2021,TOC,90057,,2.0,,,,,,TOC Tier 1,deduplicated_matched,214 S. Rampart Blvd.,34.0678403,-118.2774437
6406 S. Hoover St.,90044.0,8.0,2021,16.0,16,1.0,2021,TOC,90044,,1.0,,1.0,14.0,,,TOC Tier 2,deduplicated_matched,6406 S. Hoover St.,33.98113050000001,-118.2867742
8716 S. Ramsgate Ave.,90045.0,11.0,2021,6.0,30,0.2,2021,TOC,90045,,3.0,,2.0,1.0,,,TOC Tier 3,deduplicated_matched,8716 S. Ramsgate Ave.,33.9598853,-118.3825589
3526 S. Overland Ave.,90034.0,5.0,2021,3.0,26,0.1153846153846153,2021,TOC,90034,,3.0,,,,,,TOC Tier 2,deduplicated_matched,3526 S. Overland Ave.,34.0242535,-118.4110173
1120 E. 25th St.,90011.0,9.0,2021,20.0,20,1.0,2021,TOC,90011,,2.0,,2.0,16.0,,,TOC Tier 3,deduplicated_matched,1120 E. 25th St.,34.0192747,-118.2538729
950 S. Dewey Ave.,90006.0,10.0,2021,6.0,51,0.1176470588235294,2021,TOC,90006,,6.0,,,,,,TOC Tier 3,deduplicated_matched,950 S. Dewey Ave.,34.0541,-118.29567
1128 W. 37th Dr.,90007.0,8.0,2021,1.0,7,0.1428571428571428,2021,TOC,90007,,1.0,,,,,,TOC Tier 4,deduplicated_matched,1128 W. 37th Dr.,34.0188739,-118.2925649
1225 N. Vermont Ave.,90029.0,13.0,2021,6.0,58,0.1034482758620689,2021,TOC,90029,,6.0,,,,,,TOC Tier 3,deduplicated_matched,1225 N. Vermont Ave.,34.0941175,-118.2920269
1308 W. Manchester Ave.,90044.0,8.0,2021,17.0,17,1.0,2021,TOC,90044,,2.0,,2.0,13.0,,,TOC Tier 3,deduplicated_matched,1308 W. Manchester Ave.,33.95981450000001,-118.2987533
1227 N. Berendo St.,90029.0,13.0,2021,2.0,17,0.1176470588235294,2021,TOC,90029,,2.0,,,,,,TOC Tier 3,deduplicated_matched,1227 N. Berendo St.,34.0942836,-118.2949427
6500 N. Lankershim Blvd.,91606.0,2.0,2021,10.0,119,0.0840336134453781,2021,TOC,91606,2024-01-08 00:00:00,10.0,,,,,,TOC Tier 1,deduplicated_matched,6500 N. Lankershim Blvd.,34.18868,-118.38758
539 N. Hobart Blvd.,90004.0,13.0,2021,4.0,39,0.1025641025641025,2021,TOC,90004,,4.0,,,,,,TOC Tier 2,deduplicated_matched,539 N. Hobart Blvd.,34.0810627,-118.3060488
6012 S. 10th Ave.,90043.0,8.0,2021,18.0,18,1.0,2021,TOC,90043,,1.0,,3.0,14.0,,,TOC Tier 4,deduplicated_matched,6012 S. 10th Ave.,33.9671356,-118.3283693
4101 S. Somerset Dr.,90008.0,10.0,2021,4.0,36,0.1111111111111111,2021,TOC,90008,,4.0,,,,,,TOC Tier 3,deduplicated_matched,4101 S. Somerset Dr.,34.011587,-118.341572
1511 N. Fairfax Ave.,90046.0,13.0,2021,5.0,62,0.0806451612903225,2021,TOC,90046,,5.0,,,,,,TOC Tier 1,deduplicated_matched,1511 N. Fairfax Ave.,34.0983804,-118.3618024
3844 W. 27th St.,90018.0,10.0,2021,2.0,25,0.08,2021,TOC,90018,,2.0,,,,,,TOC Tier 1,deduplicated_matched,3844 W. 27th St.,34.0309601,-118.3269818
11201 S. Main St.,90061.0,8.0,2021,20.0,20,1.0,2021,TOC,90061,,5.0,,1.0,14.0,,,TOC Tier 4,deduplicated_matched,11201 S. Main St.,33.932832,-118.2740889
3704 S. Westwood Blvd.,90034.0,5.0,2021,2.0,8,0.25,2021,TOC,90034,,,,,2.0,,,TOC Tier 3,deduplicated_matched,3704 S. Westwood Blvd.,34.0194199,-118.4109817
10759 W. Wilkins Ave.,90024.0,5.0,2021,2.0,10,0.2,2021,TOC,90024,,,,2.0,,,,TOC Tier 3,deduplicated_matched,10759 W. Wilkins Ave.,34.0566874,-118.4377096
3313 W. Sunset Blvd.,90026.0,13.0,2021,9.0,104,0.0865384615384615,2021,TOC,90026,,9.0,,,,,,TOC Tier 1,deduplicated_matched,3313 W. Sunset Blvd.,34.0868867,-118.2752281
3451 S. Motor Ave.,90034.0,5.0,2021,3.0,30,0.1,2021,TOC,90034,,3.0,,,,,,TOC Tier 3,deduplicated_matched,3451 S. Motor Ave.,34.0267467,-118.4091677
2432 E. Cincinnati St.,90033.0,14.0,2021,17.0,18,0.9444444444444444,2021,TOC,90033,,1.0,,12.0,4.0,,,TOC Tier 4,deduplicated_matched,2432 E. Cincinnati St.,34.0470523,-118.2062566
2226 W. Valley St.,90057.0,13.0,2021,15.0,15,1.0,2021,TOC,90057,,1.0,,1.0,13.0,,,TOC Tier 2,deduplicated_matched,2226 W. Valley St.,34.0770556,-118.1483376
5211 S. Normandie Ave.,90037.0,8.0,2021,17.0,17,1.0,2021,TOC,90037,,2.0,,2.0,13.0,,,TOC Tier 2,deduplicated_matched,5211 S. Normandie Ave.,33.9946632,-118.3004992
1633 S. Camden Ave.,90025.0,5.0,2021,3.0,14,0.2142857142857142,2021,TOC,90025,,1.0,,1.0,1.0,,,TOC Tier 3,deduplicated_matched,1633 S. Camden Ave.,34.0549749,-118.3990995
1557 S. Orange Grove Ave.,90019.0,10.0,2021,3.0,30,0.1,2021,TOC,90019,2024-08-09 00:00:00,3.0,,,,,,TOC Tier 3,deduplicated_matched,1557 S. Orange Grove Ave.,34.047903,-118.3667717
1100 S. Fedora St.,90006.0,1.0,2021,3.0,24,0.125,2021,TOC,90006,,3.0,,,,,,TOC Tier 2,deduplicated_matched,1100 S. Fedora St.,34.0545083,-118.2977231
930 S. Mansfield Ave.,90036.0,5.0,2021,2.0,19,0.1052631578947368,2021,TOC,90036,,2.0,,,,,,TOC Tier 3,deduplicated_matched,930 S. Mansfield Ave.,34.0579161,-118.3419362
139 S. Occidental Blvd.,90057.0,13.0,2021,9.0,74,0.1216216216216216,2021,TOC,90057,2024-12-13 00:00:00,6.0,,1.0,2.0,,,TOC Tier 1,deduplicated_matched,139 S. Occidental Blvd.,34.069856,-118.2810877
3518 S. Crenshaw Blvd.,90016.0,10.0,2021,9.0,81,0.1111111111111111,2021,TOC,90016,,9.0,,,,,,TOC Tier 4,deduplicated_matched,3518 S. Crenshaw Blvd.,34.024317,-118.3351119
1528 E. Vernon Ave.,90011.0,9.0,2021,23.0,23,1.0,2021,TOC,90011,,3.0,,,20.0,,,TOC Tier 4,deduplicated_matched,1528 E. Vernon Ave.,34.0037496,-118.2472482
2954 W. 8th St.,90005.0,1.0,2021,3.0,28,0.1071428571428571,2021,TOC,90005,,3.0,,,,,,TOC Tier 3,deduplicated_matched,2954 W. 8th St.,34.0575037,-118.2906189
14631 W. Friar St.,91411.0,6.0,2021,2.0,11,0.1818181818181818,2021,TOC,91411,,1.0,,1.0,,,,TOC Tier 3,deduplicated_matched,14631 W. Friar St.,34.185937,-118.452072
10401 W. Washington Blvd.,90232.0,5.0,2021,15.0,145,0.1034482758620689,2021,TOC,90232,,15.0,,,,,,TOC Tier 3,deduplicated_matched,10401 W. Washington Blvd.,34.0186825,-118.4029883
4821 S. Compton Ave.,90011.0,9.0,2021,17.0,17,1.0,2021,TOC,90011,,4.0,,3.0,10.0,,,TOC Tier 4,deduplicated_matched,4821 S. Compton Ave.,33.9198476,-118.2462306
988 S. Manhattan Pl.,90019.0,5.0,2021,12.0,118,0.1016949152542373,2021,TOC,90019,,12.0,,,,,,TOC Tier 3,deduplicated_matched,988 S. Manhattan Pl.,34.0527422,-118.3098462
1041 N. Cummings St.,90003.0,14.0,2021,4.0,18,0.2222222222222222,2021,TOC,90003,2024-05-15 00:00:00,2.0,,2.0,,,,TOC Tier 2; RSO Exemption,deduplicated_matched,1041 N. Cummings St.,34.0559256,-118.2077667
1425 S. Robertson Blvd.,90035.0,5.0,2021,6.0,64,0.09375,2021,TOC,90035,,6.0,,,,,,TOC Tier 2,deduplicated_matched,1425 S. Robertson Blvd.,34.0540732,-118.3840016
1525 W. 8th St.,90017.0,1.0,2021,4.0,43,0.0930232558139534,2021,TOC,90017,,4.0,,,,,,TOC Tier 2,deduplicated_matched,1525 W. 8th St.,34.052157,-118.2714346
10700 W. Tabor St.,90034.0,5.0,2021,11.0,119,0.0924369747899159,2021,TOC,90034,2024-05-22 00:00:00,11.0,,,,,,TOC Tier 2,deduplicated_matched,10700 W. Tabor St.,34.0230269,-118.4105963
933 S. Ardmore Ave.,90006.0,10.0,2021,6.0,54,0.1111111111111111,2021,TOC,90006,,6.0,,,,,,TOC Tier 3,deduplicated_matched,933 S. Ardmore Ave.,34.0547806,-118.3023185
2837 W. San Marino St.,90066.0,1.0,2021,23.0,23,1.0,2021,TOC,90066,,2.0,,3.0,18.0,,,TOC Tier 3,deduplicated_matched,2837 W. San Marino St.,34.0552588,-118.2901467
3055 W. 12th St.,90006.0,10.0,2021,4.0,35,0.1142857142857142,2021,TOC,90006,,4.0,,,,,,TOC Tier 3,deduplicated_matched,3055 W. 12th St.,34.0492406,-118.307993
4238 S. Western Ave.,90062.0,8.0,2021,14.0,68,0.2058823529411764,2021,TOC,90062,,7.0,,,7.0,,,TOC Tier 3,deduplicated_matched,4238 S. Western Ave.,34.0062346,-118.3086144
3533 S. Chesapeake Ave.,90016.0,10.0,2021,6.0,28,0.2142857142857142,2021,TOC,90016,2024-10-04 00:00:00,3.0,,1.0,2.0,,,TOC Tier 3,deduplicated_matched,3533 S. Chesapeake Ave.,34.022764,-118.345443
648 N. Ardmore Ave.,90004.0,13.0,2021,2.0,16,0.125,2021,TOC,90004,,,,2.0,,,,TOC Tier 2,deduplicated_matched,648 N. Ardmore Ave.,34.0831144,-118.3013493
9958 W. Regent St.,90034.0,5.0,2021,5.0,24,0.2083333333333333,2021,TOC,90034,,3.0,,1.0,1.0,,,TOC Tier 3,deduplicated_matched,9958 W. Regent St.,33.9643665,-118.361192
714 N. Alexandria Ave.,90029.0,13.0,2021,1.0,9,0.1111111111111111,2021,TOC,90029,,1.0,,,,,,TOC Tier 3,deduplicated_matched,714 N. Alexandria Ave.,34.0839082,-118.2975625
320 S. Catalina St.,90020.0,10.0,2021,3.0,30,0.1,2021,TOC,90020,,3.0,,,,,,TOC Tier 3,deduplicated_matched,320 S. Catalina St.,34.06840580000001,-118.2951648
1759 N. Gower St.,90028.0,13.0,2021,3.0,28,0.1071428571428571,2021,TOC,90028,2024-03-05 00:00:00,3.0,,,,,,TOC Tier 3,deduplicated_matched,1759 N. Gower St.,34.1031433,-118.3226795
730 S. Vermont Ave.,90005.0,10.0,2021,8.0,80,0.1,2021,TOC,90005,,8.0,,,,,,TOC Tier 3,deduplicated_matched,730 S. Vermont Ave.,34.0588357,-118.2912863
10642 W. Santa Monica Blvd.,90025.0,5.0,2021,4.0,40,0.1,2021,TOC,90025,,4.0,,,,,,TOC Tier 2,deduplicated_matched,10642 W. Santa Monica Blvd.,34.05252890000001,-118.4305419
10806 W. Blix St.,91602.0,2.0,2021,2.0,21,0.0952380952380952,2021,TOC,91602,,2.0,,,,,,TOC Tier 1,deduplicated_matched,10806 W. Blix St.,34.1564374,-118.3661838
1808 S. Lincoln Blvd.,90291.0,11.0,2021,5.0,50,0.1,2021,TOC,90291,,5.0,,,,,,TOC Tier 3,deduplicated_matched,1808 S. Lincoln Blvd.,33.9964261,-118.4571057
1451 W. Martin Luther King Jr. Blvd.,90062.0,8.0,2021,49.0,50,0.98,2021,TOC,90062,,6.0,,,43.0,,,TOC Tier 3,deduplicated_matched,1451 W. Martin Luther King Jr. Blvd.,34.0111004,-118.3019785
972 S. Arapahoe St.,90006.0,1.0,2021,2.0,12,0.1666666666666666,2021,TOC,90006,,,,2.0,,,,TOC Tier 2,deduplicated_matched,972 S. Arapahoe St.,34.0533467,-118.2850914
990 S. Mariposa Ave.,90006.0,10.0,2021,10.0,100,0.1,2021,TOC,90006,,10.0,,,,,,TOC Tier 3,deduplicated_matched,990 S. Mariposa Ave.,34.052994,-118.298528
936 S. Mariposa Ave.,90006.0,10.0,2021,3.0,23,0.1304347826086956,2021,TOC,90006,,3.0,,,,,,TOC Tier 3,deduplicated_matched,936 S. Mariposa Ave.,34.054664,-118.2984426
517 N. Rosemont Ave.,90026.0,13.0,2021,2.0,14,0.1428571428571428,2021,TOC,90026,,,,2.0,,,,TOC Tier 1,deduplicated_matched,517 N. Rosemont Ave.,34.0734917,-118.2691575
7400 S. Vermont Ave.,90044.0,8.0,2021,1.0,4,0.25,2021,TOC,90044,,,,,1.0,,,TOC Tier 2,deduplicated_matched,7400 S. Vermont Ave.,33.9724847,-118.2912426
6100 S. Main St.,90003.0,9.0,2021,18.0,87,0.2068965517241379,2021,TOC,90003,,8.0,,,10.0,,,TOC Tier 2,deduplicated_matched,6100 S. Main St.,33.984101,-118.2736979
3977 W. Beverly Blvd.,90004.0,13.0,2021,7.0,67,0.1044776119402985,2021,TOC,90004,,7.0,,,,,,TOC Tier 3,deduplicated_matched,3977 W. Beverly Blvd.,34.0256006,-118.1427194
1568 S. Orange Grove Ave.,90019.0,10.0,2021,2.0,14,0.1428571428571428,2021,TOC,90019,,1.0,,1.0,,,,TOC Tier 3,deduplicated_matched,1568 S. Orange Grove Ave.,34.047511,-118.3662836
1717 N. Winona Blvd.,90027.0,4.0,2021,3.0,15,0.2,2021,TOC,90027,,3.0,,,,,,TOC Tier 3,deduplicated_matched,1717 N. Winona Blvd.,34.1023288,-118.3024621
1516 W. 12th Pl.,90015.0,1.0,2021,20.0,20,1.0,2021,TOC,90015,,2.0,,,18.0,,,TOC Tier 3,deduplicated_matched,1516 W. 12th Pl.,34.0447488,-118.2754131
3727 S. San Pedro St.,90011.0,9.0,2021,17.0,17,1.0,2021,TOC,90011,,,,,17.0,,,TOC Tier 2,deduplicated_matched,3727 S. San Pedro St.,34.0120786,-118.267736
627 N. Juanita Ave.,90004.0,13.0,2021,2.0,17,0.1176470588235294,2021,TOC,90004,,2.0,,,,,,TOC Tier 3,deduplicated_matched,627 N. Juanita Ave.,34.0826436,-118.2907091
964 S. Normandie Ave.,90006.0,10.0,2021,3.0,26,0.1153846153846153,2021,TOC,90006,,3.0,,,,,,TOC Tier 3,deduplicated_matched,964 S. Normandie Ave.,34.0537278,-118.2998237
4604 W. 1st St.,90004.0,13.0,2021,3.0,18,0.1666666666666666,2021,TOC,90004,,2.0,,1.0,,,,TOC Tier 2,deduplicated_matched,4604 W. 1st St.,34.072891,-118.3117078
4928 W. Pico Blvd.,91405.0,10.0,2021,4.0,40,0.1,2021,TOC,91405,,4.0,,,,,,TOC Tier 3,deduplicated_matched,4928 W. Pico Blvd.,34.0477937,-118.3438252
9300 S. Compton Ave.,90002.0,15.0,2021,19.0,20,0.95,2021,TOC,90002,2024-09-09 00:00:00,2.0,,,17.0,,,TOC Tier 2,deduplicated_matched,9300 S. Compton Ave.,33.9198476,-118.2462306
11460 W. Killion St.,91601.0,2.0,2021,20.0,20,1.0,2021,TOC,91601,,3.0,,1.0,16.0,,,TOC Tier 3,deduplicated_matched,11460 W. Killion St.,34.1710626,-118.3811193
1523 W. 8th St.,90017.0,1.0,2021,6.0,60,0.1,2021,TOC,90017,,6.0,,,,,,TOC Tier 3,deduplicated_matched,1523 W. 8th St.,34.0521261,-118.2712199
1059 S. Holt Ave.,90035.0,5.0,2021,2.0,15,0.1333333333333333,2021,TOC,90035,,2.0,,,,,,TOC Tier 3,deduplicated_matched,1059 S. Holt Ave.,34.057584,-118.3786068
4537 W. Santa Monica Blvd.,90029.0,13.0,2021,4.0,23,0.1739130434782608,2021,TOC,90029,,,,4.0,,,,TOC Tier 3,deduplicated_matched,4537 W. Santa Monica Blvd.,34.0910793,-118.2874246
7700 N. Woodman Ave.,91402.0,6.0,2021,56.0,239,0.2343096234309623,2021,DB,91402,,,,,56.0,,,,deduplicated_matched,7700 N. Woodman Ave.,34.2116193,-118.4311424
4727 N. Willis Ave.,91403.0,9.0,2021,1.0,38,0.0263157894736842,2021,UDU,91403,2022-11-10 00:00:00,,,,1.0,,,UDU,deduplicated_matched,4727 N. Willis Ave.,34.15713360000001,-118.4558347
5621 N. Denny Ave.,91601.0,2.0,2021,1.0,4,0.25,2021,UDU,91601,,,,,,1.0,,UDU,deduplicated_matched,5621 N. Denny Ave.,34.1728948,-118.3652412
465.5 E. 46th St.,90011.0,9.0,2021,1.0,3,0.3333333333333333,2021,UDU,90011,,,,,1.0,,,UDU,deduplicated_matched,465.5 E. 46th St.,34.0018487,-118.2565048
6434 W. Yucca St.,90028.0,13.0,2021,12.0,49,0.2448979591836734,2021,UDU,90028,,,,,,12.0,,UDU,deduplicated_matched,6434 W. Yucca St.,34.1032068,-118.3740388
103 N. Normandie Ave.,90004.0,10.0,2021,2.0,33,0.0606060606060606,2021,UDU,90004,,,,2.0,,,,UDU,deduplicated_matched,103 N. Normandie Ave.,34.07399,-118.30056
1302 N. Detroit St.,90046.0,13.0,2021,1.0,7,0.1428571428571428,2021,UDU,90046,2023-02-23 00:00:00,,,1.0,,,,UDU,deduplicated_matched,1302 N. Detroit St.,34.0944839,-118.3448936
409 E. 5th St.,90013.0,14.0,2021,149.0,149,1.0,2021,Other/Discretionary,90013,,,,,149.0,,,"SB 35, Residential Hotel, Greater Downtown Housing Initiative Area",deduplicated_matched,409 E. 5th St.,34.0445199,-118.2444621
5440 W. Franklin Ave.,90027.0,4.0,2021,11.0,87,0.1264367816091954,2021,Other/Discretionary,90027,2024-11-20 00:00:00,,,11.0,,,,Conditional Use to increase the density,deduplicated_matched,5440 W. Franklin Ave.,34.1464892,-118.3446051
5215 S. Figueroa St.,90037.0,9.0,2021,39.0,40,0.975,2021,Other/Discretionary,90037,2024-04-17 00:00:00,,,,39.0,,,Planning Referral Case No. PAR-2020-4274-PSH-PHP,deduplicated_matched,5215 S. Figueroa St.,33.9953207,-118.2830739
685 W. 4th St.,90731.0,14.0,2021,27.0,28,0.9642857142857144,2021,Other/Discretionary,90731,2024-09-19 00:00:00,,,,27.0,,,Qualified Permanent Supportive Housing,deduplicated_matched,685 W. 4th St.,34.0521451,-118.2534576
2820 W. 7th St.,90005.0,1.0,2021,7.0,166,0.0421686746987951,2021,Other/Discretionary,90005,,,,7.0,,,,DB; Zone Change,deduplicated_matched,2820 W. 7th St.,34.05961,-118.28489
841 E. Venice Blvd.,90291.0,1.0,2021,8.0,9,0.8888888888888888,2021,Other/Discretionary,90291,,,,,8.0,,,Qualified Permanent Supportive Housing; approval of a Coasta Development Permit and a Mello Act Compliance Review,deduplicated_matched,841 E. Venice Blvd.,33.9930652,-118.455233
516 N. Fries Ave.,90744.0,15.0,2021,38.0,39,0.9743589743589745,2019,DB,90744,,,,2.0,15.0,,,,deduplicated_matched,516 N. Fries Ave.,33.7760596,-118.264448
1734 E. 55th St.,90058.0,9.0,2021,39.0,40,0.975,2021,Other/Discretionary,90058,2024-08-20 00:00:00,,,,39.0,,,Qualified Permanent Supportive Housing,deduplicated_matched,1734 E. 55th St.,33.9928594,-118.2416961
14130 W. Riverside Dr.,91423.0,4.0,2021,25.0,249,0.1004016064257028,2021,Other/Discretionary,91423,,,,,,25.0,,Zone Change; Master Conditional Use Permit; Site Plan Review,deduplicated_matched,14130 W. Riverside Dr.,34.154216,-118.326101
5504 W. Hollywood Blvd.,90027.0,13.0,2021,78.0,79,0.9873417721518988,2021,Other/Discretionary,90027/90028,,,,,64.0,14.0,,SB 35; AB 1763; 145% DB,deduplicated_matched,5504 W. Hollywood Blvd.,34.1015161,-118.3096799
445 N. Avalon Blvd.,90744.0,15.0,2021,73.0,74,0.9864864864864864,2021,Other/Discretionary,90744,,,,,73.0,,,QPSH,deduplicated_matched,445 N. Avalon Blvd.,33.775445,-118.2623241
5627 W. Fernwood Ave.,90028.0,13.0,2021,59.0,60,0.9833333333333332,2021,DB,90028,2023-08-16 00:00:00,,,,59.0,,,Waiver of Development Standards,deduplicated_matched,5627 W. Fernwood Ave.,34.0961619,-118.3119025
14536 W. Burbank Blvd.,91411.0,4.0,2021,54.0,55,0.9818181818181818,2021,DB,91411,2024-06-27 00:00:00,,,17.0,37.0,,,Conditional Use Permit,deduplicated_matched,14536 W. Burbank Blvd.,34.1722422,-118.6443478
16015 Sherman Way 1-46,91406.0,6.0,2021,45.0,46,0.9782608695652174,2021,DB,91406,,,,45.0,,,,AB 2162,deduplicated_matched,16015 Sherman Way,34.201467,-118.4822502
405 N. Westlake Ave.,90026.0,13.0,2021,18.0,19,0.9473684210526316,2021,DB,90026,,,,,16.0,2.0,,AB 1763,deduplicated_matched,405 N. Westlake Ave.,34.0700801,-118.2666635
100 W. 55th St.,90037.0,9.0,2021,56.0,57,0.9824561403508772,2021,DB,90037,2024-11-07 00:00:00,,,33.0,23.0,,,"SB 35, PSH",deduplicated_matched,100 W. 55th St.,33.9921915,-118.2741296
11001 S. Broadway,90061.0,8.0,2021,54.0,55,0.9818181818181818,2021,DB,90061,2023-09-20 00:00:00,,,,54.0,,,AB 1763; AB 2162,deduplicated_matched,11001 S. Broadway,33.9353824,-118.2786528
11010 W. Santa Monica Blvd.,90025.0,5.0,2021,50.0,51,0.9803921568627452,2021,DB,90025,,,,,50.0,,,AB 1763; SB 35; PSH,deduplicated_matched,11010 W. Santa Monica Blvd.,34.048092,-118.4414552
341 N. Mathews St,90033.0,14.0,2021,76.0,77,0.987012987012987,2021,DB,90033,"4/3/2024 (Partial), 4/11/24",,,,76.0,,,AB 1763,deduplicated_matched,341 N. Mathews St,34.0459,-118.20695
1141 S. Crenshaw Blvd.,90019.0,10.0,2021,42.0,43,0.9767441860465116,2021,DB,90019,2024-09-24 00:00:00,,,,42.0,,,Density Bonus; AB 2162; AB 1763; PSH,deduplicated_matched,1141 S. Crenshaw Blvd.,34.0515298,-118.3250963
3016 N. Main St.,90031.0,14.0,2021,96.0,97,0.9896907216494846,2021,DB,90031,,49.0,,,47.0,,,,deduplicated_matched,3016 N. Main St.,34.065861,-118.2095224
1800 E. 1st St.,90033.0,14.0,2021,43.0,44,0.9772727272727272,2021,DB,90033,,,,43.0,,,,,deduplicated_matched,1800 E. 1st St.,34.04703,-118.21954
116 N. Lorena St.,90063.0,14.0,2021,48.0,49,0.979591836734694,2021,DB,90063,,,,24.0,24.0,,,,deduplicated_matched,116 N. Lorena St.,34.0376978,-118.1944578
10243 N. Topanga Canyon Blvd.,91311.0,12.0,2021,54.0,55,0.9818181818181818,2021,DB,91311,2024-05-29 00:00:00,54.0,,,,,,,deduplicated_matched,10243 N. Topanga Canyon Blvd.,34.1146633,-118.5919163
11604 W. Vanowen St.,91606.0,2.0,2021,48.0,49,0.979591836734694,2021,TOC,91606,,,,6.0,42.0,,,TOC Tier 2,deduplicated_matched,11604 W. Vanowen St.,34.1937332,-118.3847154
1611 W. Montana St.,90026.0,13.0,2021,63.0,64,0.984375,2021,TOC,90026,2023-09-19 00:00:00,,,,63.0,,,TOC Tier 4,deduplicated_matched,1611 W. Montana St.,34.1808595,-118.1590575
1055 S. Mariposa Ave.,90006.0,10.0,2021,40.0,41,0.975609756097561,2021,TOC,90006,2023-11-13 00:00:00,,,7.0,33.0,,,TOC Tier 4,deduplicated_matched,1055 S. Mariposa Ave.,34.0512663,-118.2992547
2721 W. Wilshire Blvd.,90057.0,1.0,2021,63.0,64,0.984375,2021,TOC,90057,,8.0,,,55.0,,,TOC Tier 4,deduplicated_matched,2721 W. Wilshire Blvd.,34.0613969,-118.2829291
1040 N. Kenmore Ave.,90029.0,13.0,2021,62.0,62,1.0,2021,TOC,90029,2024-02-22 00:00:00,62.0,,,,,,TOC Tier 4; Project Permit Compliance,deduplicated_matched,1040 N. Kenmore Ave.,34.0905104,-118.2970479
6527 S. Crenshaw Blvd.,90043.0,8.0,2021,42.0,43,0.9767441860465116,2021,TOC,90043,2023-12-13 00:00:00,5.0,,1.0,36.0,,,TOC Tier 3,deduplicated_matched,6527 S. Crenshaw Blvd.,33.9797052,-118.3314633
441 S. Westlake Ave.,90057.0,1.0,2021,62.0,63,0.984126984126984,2021,TOC,90057,2024-06-11 00:00:00,62.0,,,,,,TOC Tier 4,deduplicated_matched,441 S. Westlake Ave.,34.05992579999999,-118.2735201
2652 W. Pico Blvd.,90006.0,1.0,2021,53.0,54,0.9814814814814816,2021,TOC,90006,2024-03-26 00:00:00,,,,53.0,,,TOC Tier 3,deduplicated_matched,2652 W. Pico Blvd.,34.0469394,-118.2962418
849 N. La Brea Ave.,90038.0,5.0,2021,49.0,50,0.98,2021,TOC,90038,2024-01-30 00:00:00,,,,49.0,,,TOC Tier 3,deduplicated_matched,849 N. La Brea Ave.,34.0866001,-118.3443738
4601 W. Washington Blvd.,90016.0,10.0,2021,33.0,33,1.0,2021,TOC,90016/90019,2024-12-04 00:00:00,3.0,,,30.0,,,TOC Tier 2,deduplicated_matched,4601 W. Washington Blvd.,34.04001,-118.33992
619 S. Westlake,90057.0,1.0,2021,9.0,78,0.1153846153846153,2021,TOC,90057,2024-07-11 00:00:00,9.0,,,,,,TOC Tier 4,deduplicated_matched,619 S. Westlake,34.0584592,-118.2741783
1047 S. Harvard Blvd.,90006.0,10.0,2021,46.0,47,0.9787234042553192,2021,TOC,90006,,6.0,,1.0,39.0,,,TOC Tier 4,deduplicated_matched,1047 S. Harvard Blvd.,34.05128,-118.30433
20120 W. Sherman Way,91306.0,3.0,2021,89.0,91,0.978021978021978,2021,DB,91306,2024-02-06 00:00:00,,,10.0,,79.0,,,deduplicated_matched,20120 W. Sherman Way,34.2010762,-118.5262333
6576 S. West Blvd.,90043.0,8.0,2021,63.0,64,0.984375,2021,Other/Discretionary,90043,,,,15.0,48.0,,,"142.5% Density Bonus, no residential parking spaces per SB 35, three (3) waivers of development standards",deduplicated_matched,6576 S. West Blvd.,33.9331221,-118.2883887
921 S. Beacon St.,90731.0,15.0,2021,10.0,100,0.1,2021,Other/Discretionary,90731,2024-08-14 00:00:00,,,10.0,,,,Mello Act,deduplicated_matched,921 S. Beacon St.,33.7355921,-118.280605
401 E. 6th St.,90014.0,14.0,2021,93.0,94,0.9893617021276596,2021,Other/Discretionary,90014,,,,83.0,10.0,,,Greater Downtown Housing Incentive Area,deduplicated_matched,401 E. 6th St.,34.0428674,-118.2460015
555 S. Crocker St. (UPPER),90013.0,14.0,2021,133.0,134,0.9925373134328358,2021,Other/Discretionary,90013,,,,133.0,,,,General Plan Amendment; Zone Change and Height District Change,deduplicated_matched,555 S. Crocker St. (UPPER),34.0422253,-118.2440652
555 S. Crocker St. (LOWER),90013.0,14.0,2021,142.0,144,0.9861111111111112,2021,Other/Discretionary,90013,,,,133.0,,,,General Plan Amendment; Zone Change and Height District Change,deduplicated_matched,555 S. Crocker St. (LOWER),34.0422253,-118.2440652
450 S. Stanford Ave.,90013.0,14.0,2021,94.0,95,0.9894736842105264,2021,Other/Discretionary,90013,,,,94.0,,,,Zoning Administrator's Determination (adaptive reuse),deduplicated_matched,450 S. Stanford Ave.,33.8963988,-118.2606936
111 S. Soto St.,90033.0,14.0,2021,63.0,64,0.984375,2021,Other/Discretionary,90033,2024-12-23 00:00:00,4.0,,,59.0,,,"GPA, SPR, VZC",deduplicated_matched,111 S. Soto St.,34.043569,-118.2101167
12444 W. Venice Blvd.,90066.0,11.0,2020,7.0,77,0.0909090909090909,2020,DB,90066,2023-03-10 00:00:00,,,7.0,,,,,deduplicated_matched,12444 W. Venice Blvd.,34.0452252,-118.350816
2062 E. 99th Pl.,90002.0,15.0,2020,77.0,80,0.9625,2020,DB,90002,,,,12.0,58.0,7.0,,,deduplicated_matched,2062 E. 99th Pl.,33.9466699,-118.2355701
943 W. 82nd St.,90044.0,8.0,2020,2.0,16,0.125,2020,DB,90044,,,,2.0,,,,,deduplicated_matched,943 W. 82nd St.,33.964468,-118.2905976
1011 N. Everett St.,90026.0,1.0,2020,5.0,50,0.1,2020,DB,90026,,,,5.0,,,,,deduplicated_matched,1011 N. Everett St.,34.1602165,-118.2460839
1137 W. 7th St.,90017.0,1.0,2020,19.0,225,0.0844444444444444,2020,DB,90017,,,,19.0,,,,,deduplicated_matched,1137 W. 7th St.,34.0514243,-118.2653247
17454 W. Chatsworth St.,91344.0,12.0,2020,3.0,54,0.0555555555555555,2020,DB,91344,,,,3.0,,,,,deduplicated_matched,17454 W. Chatsworth St.,34.2644544,-118.5152675
10657 W. Moorpark St.,91602.0,2.0,2020,2.0,15,0.1333333333333333,2020,DB,91602,,,,1.0,1.0,,,,deduplicated_matched,10657 W. Moorpark St.,34.1506101,-118.363521
11701 W. Santa Monica Blvd.,90025.0,11.0,2020,4.0,51,0.0784313725490196,2020,DB,90025,,,,4.0,,,,,deduplicated_matched,11701 W. Santa Monica Blvd.,34.0438534,-118.4564158
3705 S. McLaughlin Ave.,90066.0,11.0,2020,2.0,21,0.0952380952380952,2020,DB,90066,2024-05-29 00:00:00,,,2.0,,,,,deduplicated_matched,3705 S. McLaughlin Ave.,34.010302,-118.4264261
3800 S. Figueroa St.,90037.0,9.0,2020,12.0,79,0.1518987341772152,2020,DB,90037,2023-03-22 00:00:00,,,8.0,,,4.0,,deduplicated_matched,3800 S. Figueroa St.,34.0155353,-118.2824367
4055 W. Oakwood Ave.,90004.0,13.0,2020,14.0,68,0.2058823529411764,2020,DB,90004,2023-11-01 00:00:00,,,10.0,4.0,,,,deduplicated_matched,4055 W. Oakwood Ave.,34.077905,-118.2948275
5801 W. Camerford Ave.,90038.0,13.0,2020,5.0,36,0.1388888888888889,2020,DB,90038,2023-01-24 00:00:00,,,4.0,1.0,,,,deduplicated_matched,5801 W. Camerford Ave.,34.0846024,-118.32462
7125 N. Sepulveda Blvd.,91405.0,5.0,2020,20.0,180,0.1111111111111111,2020,DB,91405,,,,20.0,,,,,deduplicated_matched,7125 N. Sepulveda Blvd.,34.2055452,-118.4659635
1132 N. Orange Dr.,90038.0,13.0,2020,3.0,24,0.125,2020,DB,90038,,,,3.0,,,,,deduplicated_matched,1132 N. Orange Dr.,34.0917208,-118.3413467
5181 W. Adams Blvd.,90016.0,10.0,2020,13.0,115,0.1130434782608695,2020,DB,90016,2023-12-27 00:00:00,,,13.0,,,,Site Plan Review,deduplicated_matched,5181 W. Adams Blvd.,34.0327881,-118.354801
11701 W. Gateway Blvd.,90064.0,11.0,2020,7.0,73,0.0958904109589041,2020,DB,90064,2023-07-27 00:00:00,,,6.0,,,1.0,,deduplicated_matched,11701 W. Gateway Blvd.,34.02849399999999,-118.443677
5621 W. La Mirada Ave.,90038.0,13.0,2020,2.0,14,0.1428571428571428,2020,DB,90038,,,,2.0,,,,,deduplicated_matched,5621 W. La Mirada Ave.,34.0940009,-118.3117946
6120 N. Woodman Ave.,91401.0,2.0,2020,1.0,16,0.0625,2020,DB,91401,2023-11-03 00:00:00,,,1.0,,,,,deduplicated_matched,6120 N. Woodman Ave.,34.2116193,-118.4311424
1212 S. Westmoreland Ave.,90006.0,1.0,2020,4.0,38,0.1052631578947368,2020,DB,90006,,,,4.0,,,,,deduplicated_matched,1212 S. Westmoreland Ave.,34.0487216,-118.2885832
12101 W. Olympic Blvd.,90064.0,11.0,2020,121.0,600,0.2016666666666666,2020,DB,90064,2024-09-17 00:00:00,,,31.0,,,90.0,,deduplicated_matched,12101 W. Olympic Blvd.,34.0326635,-118.4547249
8750 N. Sepulveda Blvd.,91343.0,11.0,2020,5.0,43,0.1162790697674418,2020,DB,91343,,,,5.0,,,,,deduplicated_matched,8750 N. Sepulveda Blvd.,34.1281642,-118.4801929
11168 W. Morrison St.,91601.0,2.0,2020,1.0,14,0.0714285714285714,2020,DB,91601,2023-05-22 00:00:00,,,1.0,,,,,deduplicated_matched,11168 W. Morrison St.,34.16054829999999,-118.3744071
2528 S. Grand Ave.,90007.0,9.0,2020,28.0,296,0.0945945945945946,2020,DB,90007,2024-04-09 00:00:00,,,25.0,,,3.0,"General Plan Amendment, Vesting Zone Change",deduplicated_matched,2528 S. Grand Ave.,34.02659,-118.27198
11600 W. Santa Monica Blvd.,90025.0,11.0,2020,9.0,100,0.09,2020,DB,90025,,,,9.0,,,,,deduplicated_matched,11600 W. Santa Monica Blvd.,34.0781631,-118.3952246
10247 N. Hillhaven Ave.,91042.0,7.0,2020,2.0,14,0.1428571428571428,2020,DB,91042,,,,2.0,,,,,deduplicated_matched,10247 N. Hillhaven Ave.,34.255461,-118.2899822
12331 W. Palms Blvd.,90066.0,11.0,2020,3.0,32,0.09375,2020,DB,90066,,,,3.0,,,,,deduplicated_matched,12331 W. Palms Blvd.,34.0063716,-118.4458212
10132 N. Commerce Ave.,91042.0,7.0,2020,6.0,37,0.1621621621621621,2020,DB,91042,2024-01-02 00:00:00,,,4.0,2.0,,,,deduplicated_matched,10132 N. Commerce Ave.,34.25325,-118.28846
1721 S. Colby Ave.,90025.0,11.0,2020,6.0,34,0.1764705882352941,2020,DB,90025,,,,4.0,2.0,,,,deduplicated_matched,1721 S. Colby Ave.,34.0424458,-118.4510097
1563 S. Fairfax Ave.,90019.0,10.0,2020,1.0,10,0.1,2020,DB,90019,2022-05-13 00:00:00,,,1.0,,,,,deduplicated_matched,1563 S. Fairfax Ave.,34.0479716,-118.3677748
10403 W. Eastborne Ave.,90024.0,5.0,2020,3.0,34,0.088235294117647,2020,DB,90024,,,,3.0,,,,,deduplicated_matched,10403 W. Eastborne Ave.,34.0583623,-118.4251467
6948 N. Woodman Ave.,91405.0,2.0,2020,2.0,23,0.0869565217391304,2020,DB,91405,,,,2.0,,,,,deduplicated_matched,6948 N. Woodman Ave.,34.2116193,-118.4311424
2923 N. Allesandro St.,90039.0,13.0,2020,3.0,19,0.1578947368421052,2020,DB,90039,,,,3.0,,,,,deduplicated_matched,2923 N. Allesandro St.,34.1049791,-118.2460496
13562 W. Rye St,91423.0,4.0,2020,6.0,69,0.0869565217391304,2020,DB,91423,,,,6.0,,,,,deduplicated_matched,13562 W. Rye St,34.1514818,-118.4289091
4406 N. Fulton Ave.,91423.0,4.0,2020,2.0,25,0.08,2020,DB,91423,2024-08-23 00:00:00,,,2.0,,,,,deduplicated_matched,4406 N. Fulton Ave.,34.15075,-118.42232
10218 N. Fernglen Ave.,91042.0,7.0,2020,1.0,10,0.1,2020,DB,91042,,,,1.0,,,,,deduplicated_matched,10218 N. Fernglen Ave.,34.25471,-118.2941915
11460 W. Gateway Blvd.,90064.0,11.0,2020,15.0,129,0.1162790697674418,2020,DB,90064,,,,15.0,,,,,deduplicated_matched,11460 W. Gateway Blvd.,34.0335645,-118.441465
13148 W. Victory Blvd.,91401.0,2.0,2020,1.0,12,0.0833333333333333,2020,DB,91401,,,,,1.0,,,,deduplicated_matched,13148 W. Victory Blvd.,34.1864751,-118.4676387
2910 N. Allesandro St.,90039.0,13.0,2020,5.0,36,0.1388888888888889,2020,DB,90039,2023-11-17 00:00:00,,,5.0,,,,,deduplicated_matched,2910 N. Allesandro St.,34.1041985,-118.2457575
2957 N. Allesandro St.,90039.0,13.0,2020,4.0,25,0.16,2020,DB,90039,,,,4.0,,,,,deduplicated_matched,2957 N. Allesandro St.,34.1055559,-118.2450482
5817 W. Lexington Ave.,90038.0,13.0,2020,3.0,21,0.1428571428571428,2020,DB,90038,2024-06-13 00:00:00,,,2.0,1.0,,,,deduplicated_matched,5817 W. Lexington Ave.,34.1516759,-118.2631361
9515 S. Compton Ave.,90002.0,15.0,2020,20.0,21,0.9523809523809524,2020,TOC,90002,2022-07-25 00:00:00,2.0,,,18.0,,,TOC Tier 2,deduplicated_matched,9515 S. Compton Ave.,33.9198476,-118.2462306
132 N. Rosemont Ave.,90026.0,13.0,2020,2.0,14,0.1428571428571428,2020,TOC,90026,2024-09-06 00:00:00,1.0,,1.0,,,,TOC Tier 1,deduplicated_matched,132 N. Rosemont Ave.,34.0685291,-118.2719165
2347 W. Ocean View Ave.,90057.0,1.0,2020,2.0,20,0.1,2020,TOC,90057,,2.0,,,,,,TOC Tier 3,deduplicated_matched,2347 W. Ocean View Ave.,34.0631466,-118.2769295
217 W. Avenue 37,90065.0,1.0,2020,1.0,5,0.2,2020,TOC,90065,,,,1.0,,,,TOC Tier 3,deduplicated_matched,217 W. Avenue,34.3123172,-118.4816555
6401 S. Avalon Blvd.,90003.0,9.0,2020,27.0,28,0.9642857142857144,2020,TOC,90003,2022-07-25 00:00:00,3.0,,24.0,,,,TOC Tier 2,deduplicated_matched,6401 S. Avalon Blvd.,33.9814175,-118.2654232
11514 W. Cumpston St.,91601.0,2.0,2020,2.0,11,0.1818181818181818,2020,TOC,91601,2023-03-13 00:00:00,1.0,,1.0,,,,TOC Tier 3,deduplicated_matched,11514 W. Cumpston St.,34.1694068,-118.3828919
8833 S. Reading Ave.,90045.0,11.0,2020,5.0,33,0.1515151515151515,2020,TOC,90045,,2.0,,3.0,,,,TOC Tier 3,deduplicated_matched,8833 S. Reading Ave.,33.9568595,-118.3818282
521 N. Gramercy Pl.,90004.0,13.0,2020,5.0,32,0.15625,2020,TOC,90004,2023-04-01 00:00:00,2.0,,2.0,1.0,,,TOC Tier 2,deduplicated_matched,521 N. Gramercy Pl.,34.0809424,-118.3127838
321 S. Fickett St.,90033.0,14.0,2020,2.0,16,0.125,2020,TOC,90033,2024-10-18 00:00:00,2.0,,,,,,TOC Tier 3,deduplicated_matched,321 S. Fickett St.,34.03998,-118.20927
5755 N. Tujunga Ave.,91601.0,2.0,2020,4.0,34,0.1176470588235294,2020,TOC,91601,2022-09-22 00:00:00,4.0,,,,,,TOC Tier 3,deduplicated_matched,5755 N. Tujunga Ave.,34.2334089,-118.3818787
4575 W. Santa Monica Blvd.,90029.0,13.0,2020,2.0,16,0.125,2020,TOC,90029,2024-03-07 00:00:00,2.0,,,,,,TOC Tier 3,deduplicated_matched,4575 W. Santa Monica Blvd.,34.0910276,-118.2885785
1825 N. New Hampshire Ave.,90027.0,4.0,2020,3.0,21,0.1428571428571428,2020,TOC,90027,,3.0,,,,,,TOC Tier 3,deduplicated_matched,1825 N. New Hampshire Ave.,34.10432,-118.29344
5068 W. Romaine St.,90029.0,13.0,2020,2.0,18,0.1111111111111111,2020,TOC,90029,2024-02-06 00:00:00,2.0,,,,,,TOC Tier 2,deduplicated_matched,5068 W. Romaine St.,34.08828,-118.3027
970 S. Fedora St.,90006.0,10.0,2020,5.0,50,0.1,2020,TOC,90006,2021-11-19 00:00:00,5.0,,,,,,TOC Tier 3,deduplicated_matched,970 S. Fedora St.,34.0545083,-118.2977231
11155 W. Huston St.,91601.0,2.0,2020,2.0,24,0.0833333333333333,2020,TOC,91601,2023-03-14 00:00:00,2.0,,,,,,TOC Tier 1,deduplicated_matched,11155 W. Huston St.,34.1600764,-118.3736061
3609 W. Olympic Blvd.,90019.0,5.0,2020,6.0,50,0.12,2020,TOC,90019,,,,6.0,,,,TOC Tier 2,deduplicated_matched,3609 W. Olympic Blvd.,34.0530769,-118.3180457
1130 W. Martin Luther King Jr. Blvd.,90037.0,9.0,2020,28.0,29,0.9655172413793104,2020,TOC,90037,,3.0,,,25.0,,,TOC Tier 3,deduplicated_matched,1130 W. Martin Luther King Jr. Blvd.,34.0106785,-118.2953271
825 S. Coronado St.,90057.0,1.0,2020,8.0,77,0.1038961038961039,2020,TOC,90057,,8.0,,,,,,TOC Tier 3,deduplicated_matched,825 S. Coronado St.,34.056759,-118.283884
4810 W. Oakwood Ave.,90004.0,13.0,2020,3.0,30,0.1,2020,TOC,90004,2023-06-26 00:00:00,3.0,,,,,,TOC Tier 2,deduplicated_matched,4810 W. Oakwood Ave.,34.077007,-118.3118705
2424 E. Michigan Ave.,90033.0,14.0,2020,16.0,17,0.9411764705882352,2020,TOC,90033,,2.0,,1.0,13.0,,,TOC Tier 4,deduplicated_matched,2424 E. Michigan Ave.,34.0386836,-118.1779051
2555 S. Mansfield Ave.,90016.0,10.0,2020,7.0,69,0.1014492753623188,2020,TOC,90016,2024-05-01 00:00:00,7.0,,,,,,TOC Tier 2,deduplicated_matched,2555 S. Mansfield Ave.,34.0328187,-118.3520736
4209 S. Western Ave.,90062.0,8.0,2020,24.0,25,0.96,2020,TOC,90062,,3.0,,,21.0,,,TOC Tier 4,deduplicated_matched,4209 S. Western Ave.,34.0069695,-118.3092353
6535 W. Melrose Ave.,90038.0,5.0,2020,3.0,33,0.0909090909090909,2020,TOC,90038,(Temp) 12/08/2022,3.0,,,,,,TOC Tier 1,deduplicated_matched,6535 W. Melrose Ave.,34.0851949,-118.3070164
4433 N. Cartwright Ave.,91602.0,2.0,2020,2.0,14,0.1428571428571428,2020,TOC,91602,,2.0,,,,,,TOC Tier 1,deduplicated_matched,4433 N. Cartwright Ave.,34.1514297,-118.3633437
3617 W. Venice Blvd.,90019.0,10.0,2020,3.0,28,0.1071428571428571,2020,TOC,90019,2023-11-21 00:00:00,3.0,,,,,,TOC Tier 3,deduplicated_matched,3617 W. Venice Blvd.,34.0462894,-118.3445643
11668 W. Darlington Ave.,90049.0,11.0,2020,3.0,17,0.1764705882352941,2020,TOC,90049,2024-09-20 00:00:00,2.0,,1.0,,,,TOC Tier 3,deduplicated_matched,11668 W. Darlington Ave.,34.0528777,-118.4633738
6753 W. Selma Ave.,90028.0,13.0,2020,8.0,51,0.1568627450980392,2020,TOC,90028,,4.0,,4.0,,,,TOC Tier 4,deduplicated_matched,6753 W. Selma Ave.,34.0999304,-118.3376334
5301 W. Sierra Vista Ave.,90029.0,13.0,2020,5.0,45,0.1111111111111111,2020,TOC,90029,,5.0,,,,,,TOC Tier 3,deduplicated_matched,5301 W. Sierra Vista Ave.,34.09003,-118.30673
325 E. Florence Ave.,90003.0,9.0,2020,30.0,31,0.967741935483871,2020,TOC,90003,2023-01-24 00:00:00,4.0,,,26.0,,,TOC Tier 3,deduplicated_matched,325 E. Florence Ave.,33.9749776,-118.2686258
1045 S. Dewey Ave.,90006.0,10.0,2020,7.0,67,0.1044776119402985,2020,TOC,90006,,7.0,,,,,,TOC Tier 3,deduplicated_matched,1045 S. Dewey Ave.,34.0513035,-118.2960428
8867 W. Alcott St.,90035.0,5.0,2020,3.0,17,0.1764705882352941,2020,TOC,90035,,1.0,,2.0,,,,TOC Tier 3,deduplicated_matched,8867 W. Alcott St.,34.0543112,-118.3861507
3657 S. Motor Ave.,90034.0,5.0,2020,7.0,68,0.1029411764705882,2020,TOC,90034,,7.0,,,,,,TOC Tier 3,deduplicated_matched,3657 S. Motor Ave.,34.0233052,-118.4065433
6055 W. Pico Blvd.,90035.0,5.0,2020,13.0,125,0.104,2020,TOC,90035,,13.0,,,,,,TOC Tier 3,deduplicated_matched,6055 W. Pico Blvd.,34.0529248,-118.3724328
640 S. St. Andrews Pl.,90010.0,10.0,2020,23.0,230,0.1,2020,TOC,90010,,,,23.0,,,,TOC Tier 3,deduplicated_matched,640 S. St. Andrews Pl.,34.06218,-118.3114
10739 W. Kling St.,91602.0,2.0,2020,1.0,12,0.0833333333333333,2020,TOC,91602,,1.0,,,,,,TOC Tier 1,deduplicated_matched,10739 W. Kling St.,34.1563379,-118.3490917
1010 S. Kenmore Ave.,90006.0,10.0,2020,13.0,126,0.1031746031746031,2020,TOC,90006,,13.0,,,,,,TOC Tier 3,deduplicated_matched,1010 S. Kenmore Ave.,34.0522834,-118.2966259
3651 N. Regal Pl.,90068.0,4.0,2020,4.0,28,0.1428571428571428,2020,TOC,90068,2024-03-21 00:00:00,2.0,,2.0,,,,TOC Tier 3,deduplicated_matched,3651 N. Regal Pl.,34.1340999,-118.36192
1325 N. New Hampshire Ave.,90027.0,13.0,2020,11.0,92,0.1195652173913043,2020,TOC,90027,2024-04-02 00:00:00,11.0,,,,,,TOC Tier 4,deduplicated_matched,1325 N. New Hampshire Ave.,34.0962685,-118.2931545
1320 W. Jefferson Blvd.,90007.0,8.0,2020,13.0,129,0.1007751937984496,2020,TOC,90007,2024-12-06 00:00:00,13.0,,,,,,TOC Tier 3,deduplicated_matched,1320 W. Jefferson Blvd.,34.0253219,-118.2952099
10652 W. Whipple St.,91602.0,2.0,2020,2.0,14,0.1428571428571428,2020,TOC,91602,,1.0,,1.0,,,,TOC Tier 1,deduplicated_matched,10652 W. Whipple St.,34.1480807,-118.3702229
3557 S. Motor Ave.,90034.0,5.0,2020,11.0,104,0.1057692307692307,2020,TOC,90034,,11.0,,,,,,TOC Tier 3,deduplicated_matched,3557 S. Motor Ave.,34.0251618,-118.4078656
941 N. Martel Ave.,90046.0,5.0,2020,3.0,14,0.2142857142857142,2020,TOC,90046,2024-11-18 00:00:00,1.0,,1.0,1.0,,,TOC Tier 1,deduplicated_matched,941 N. Martel Ave.,34.088319,-118.3514682
2329 S. Superior Ave.,90291.0,11.0,2020,6.0,56,0.1071428571428571,2020,TOC,90291,,6.0,,,,,,TOC Tier 3,deduplicated_matched,2329 S. Superior Ave.,33.9946067,-118.4526088
6515 S. Crenshaw Blvd.,90043.0,8.0,2020,4.0,24,0.1666666666666666,2020,TOC,90043,2023-08-25 00:00:00,1.0,,3.0,,,,TOC Tier 3,deduplicated_matched,6515 S. Crenshaw Blvd.,33.9801566,-118.3308975
5766 W. 3rd St.,90036.0,5.0,2020,5.0,46,0.108695652173913,2020,TOC,90036,2024-02-13 00:00:00,5.0,,,,,,TOC Tier 3,deduplicated_matched,5766 W. 3rd St.,34.0687717,-118.3457807
1073 W. Exposition Blvd.,90007.0,8.0,2020,2.0,15,0.1333333333333333,2020,TOC,90007,2021-07-30 00:00:00,2.0,,,,,,TOC Tier 4,deduplicated_matched,1073 W. Exposition Blvd.,34.0183723,-118.2935548
11848 W. Vanowen St.,91605.0,2.0,2020,3.0,35,0.0857142857142857,2020,TOC,91605,2023-05-12 00:00:00,3.0,,,,,,TOC Tier 1,deduplicated_matched,11848 W. Vanowen St.,34.1937414,-118.3917081
569 W. 6th St.,90731.0,14.0,2020,47.0,48,0.9791666666666666,2020,TOC,90731,2024-04-18 00:00:00,5.0,,42.0,,,,TOC Tier 3,deduplicated_matched,569 W. 6th St.,34.0487695,-118.2553399
231 S. Westlake Ave.,90057.0,1.0,2020,1.0,6,0.1666666666666666,2020,TOC,90057,2023-01-25 00:00:00,,,1.0,,,,TOC Tier 1,deduplicated_matched,231 S. Westlake Ave.,34.0641519,-118.2703845
10867 W. Fruitland Dr.,91604.0,4.0,2020,3.0,19,0.1578947368421052,2020,TOC,91604,2024-05-10 00:00:00,1.0,,2.0,,,,TOC Tier 3,deduplicated_matched,10867 W. Fruitland Dr.,34.1385967,-118.3677667
6559 S. Brynhurst Ave.,90043.0,8.0,2020,3.0,26,0.1153846153846153,2020,TOC,90043,2024-11-26 00:00:00,3.0,,,,,,TOC Tier 3,deduplicated_matched,6559 S. Brynhurst Ave.,33.9789784,-118.3339692
14715 W. Blythe St.,91402.0,6.0,2020,6.0,26,0.2307692307692307,2020,TOC,91402,,3.0,,2.0,1.0,,,TOC Tier 1,deduplicated_matched,14715 W. Blythe St.,34.2149312,-118.5636616
726 S. Wilton Pl.,90005.0,5.0,2020,5.0,25,0.2,2020,TOC,90005,2024-08-26 00:00:00,3.0,,1.0,1.0,,,TOC Tier 3,deduplicated_matched,726 S. Wilton Pl.,34.05903929999999,-118.3139537
1164 W. 37th Pl.,90007.0,8.0,2020,1.0,6,0.1666666666666666,2020,TOC,90007,2021-12-17 00:00:00,1.0,,,,,,TOC Tier 4,deduplicated_matched,1164 W. 37th Pl.,34.0197115,-118.293715
2310 W. Ocean View Ave.,90057.0,1.0,2020,4.0,24,0.1666666666666666,2020,TOC,90057,,1.0,,3.0,,,,TOC Tier 3,deduplicated_matched,2310 W. Ocean View Ave.,34.0625929,-118.2759817
827 S. Grand View St.,90057.0,1.0,2020,7.0,60,0.1166666666666666,2020,TOC,90057,,6.0,,,1.0,,,TOC Tier 3,deduplicated_matched,827 S. Grand View St.,34.0552174,-118.2806858
738 S. Normandie Ave.,90005.0,10.0,2020,5.0,44,0.1136363636363636,2020,TOC,90005,,5.0,,,,,,TOC Tier 3,deduplicated_matched,738 S. Normandie Ave.,34.0584903,-118.2996558
432 N. Normandie Ave.,90004.0,13.0,2020,2.0,14,0.1428571428571428,2020,TOC,90004,,1.0,,1.0,,,,TOC Tier 3,deduplicated_matched,432 N. Normandie Ave.,34.0786,-118.300121
4324 S. Vermont Ave.,90037.0,9.0,2020,2.0,16,0.125,2020,TOC,90037,,2.0,,,,,,TOC Tier 3,deduplicated_matched,4324 S. Vermont Ave.,34.004762,-118.2913139
9416 S. Firth Blvd.,90002.0,15.0,2020,4.0,39,0.1025641025641025,2020,TOC,90002,2024-09-13 00:00:00,4.0,,,,,,TOC Tier 1,deduplicated_matched,9416 S. Firth Blvd.,33.9506674,-118.2472306
1332 W. Colorado Blvd.,90041.0,14.0,2020,3.0,31,0.0967741935483871,2020,TOC,90041,,3.0,,,,,,TOC Tier 2,deduplicated_matched,1332 W. Colorado Blvd.,34.1426864,-118.2716907
2025 E. New Jersey St.,90033.0,14.0,2020,14.0,15,0.9333333333333332,2020,TOC,90033,2024-02-06 00:00:00,2.0,,1.0,11.0,,,TOC Tier 4,deduplicated_matched,2025 E. New Jersey St.,34.0480043,-118.2123474
3019 W. 6th St.,90020.0,10.0,2020,2.0,14,0.1428571428571428,2020,TOC,90020,,,,2.0,,,,TOC Tier 3,deduplicated_matched,3019 W. 6th St.,34.0638794,-118.2877773
517 W. 79th St.,90044.0,8.0,2020,7.0,7,1.0,2020,TOC,90044,2022-03-04 00:00:00,1.0,,1.0,5.0,,,TOC Tier 1,deduplicated_matched,517 W. 79th St.,33.9681327,-118.2834441
4000 W. 6th St.,90020.0,10.0,2020,6.0,51,0.1176470588235294,2020,TOC,90020,,6.0,,,,,,TOC Tier 4,deduplicated_matched,4000 W. 6th St.,34.0633108,-118.310717
448 W. 5th St.,90731.0,14.0,2020,8.0,99,0.0808080808080808,2020,TOC,90731,,8.0,,,,,,TOC Tier 1,deduplicated_matched,448 W. 5th St.,34.0490565,-118.2522404
636 N. Juanita Ave.,90004.0,13.0,2020,4.0,33,0.1212121212121212,2020,TOC,90004,,4.0,,,,,,TOC Tier 3,deduplicated_matched,636 N. Juanita Ave.,34.0829061,-118.2902975
4826 W. Franklin Ave.,90027.0,4.0,2020,1.0,7,0.1428571428571428,2020,TOC,90027,2024-02-01 00:00:00,,,1.0,,,,TOC Tier 3,deduplicated_matched,4826 W. Franklin Ave.,34.1464892,-118.3446051
4632 W. Santa Monica Blvd.,90029.0,13.0,2020,20.0,177,0.1129943502824858,2020,TOC,90029,,20.0,,,,,,TOC Tier 4,deduplicated_matched,4632 W. Santa Monica Blvd.,34.0906133,-118.2903831
2405 S. Hauser Blvd.,90016.0,10.0,2020,3.0,30,0.1,2020,TOC,90016,2023-10-20 00:00:00,3.0,,,,,,TOC Tier 2,deduplicated_matched,2405 S. Hauser Blvd.,34.0349624,-118.3621762
2600 S. Sepulveda Blvd.,90054.0,5.0,2020,5.0,43,0.1162790697674418,2020,TOC,90054,,5.0,,,,,,TOC Tier 3,deduplicated_matched,2600 S. Sepulveda Blvd.,34.0330645,-118.4319978
211 W. Alpine St.,90012.0,1.0,2020,17.0,170,0.1,2020,TOC,90012,,17.0,,,,,,TOC Tier 3,deduplicated_matched,211 W. Alpine St.,34.0622803,-118.2373579
14825 W. Delano St.,91411.0,6.0,2020,4.0,40,0.1,2020,TOC,91411,2023-07-24 00:00:00,4.0,,,,,,TOC Tier 3,deduplicated_matched,14825 W. Delano St.,34.1828711,-118.4564768
1124 S. Normandie Ave.,90006.0,1.0,2020,8.0,84,0.0952380952380952,2020,TOC,90006,,8.0,,,,,,TOC Tier 2,deduplicated_matched,1124 S. Normandie Ave.,34.0501118,-118.2996862
255 S. Burlington Ave.,90057.0,1.0,2020,13.0,130,0.1,2020,TOC,90057,,13.0,,,,,,TOC Tier 3,deduplicated_matched,255 S. Burlington Ave.,34.0619,-118.26868
1131 N. Westmoreland Ave.,90029.0,13.0,2020,1.0,7,0.1428571428571428,2020,TOC,90029,,,,1.0,,,,TOC Tier 3,deduplicated_matched,1131 N. Westmoreland Ave.,34.0917792,-118.2881799
226 N. Berendo St.,90004.0,10.0,2020,2.0,18,0.1111111111111111,2020,TOC,90004,,2.0,,,,,,TOC Tier 4,deduplicated_matched,226 N. Berendo St.,34.0753305,-118.2938986
14629 W. Erwin St.,91411.0,6.0,2020,3.0,21,0.1428571428571428,2020,TOC,91411,,2.0,,1.0,,,,TOC Tier 3,deduplicated_matched,14629 W. Erwin St.,34.1829925,-118.3935511
14333 W. Sylvan St.,91401.0,6.0,2020,2.0,16,0.125,2020,TOC,91401,2023-07-14 00:00:00,2.0,,,,,,TOC Tier 3,deduplicated_matched,14333 W. Sylvan St.,34.1848711,-118.445535
1817 N. Sichel St.,90031.0,14.0,2020,2.0,18,0.1111111111111111,2020,TOC,90031,,,,2.0,,,,TOC Tier 1,deduplicated_matched,1817 N. Sichel St.,34.0644595,-118.2131048
1298 W. 37th St.,90007.0,8.0,2020,1.0,7,0.1428571428571428,2020,TOC,90007,,,,1.0,,,,TOC Tier 3,deduplicated_matched,1298 W. 37th St.,34.0206905,-118.2975217
216 N. Mariposa Ave.,90004.0,10.0,2020,3.0,28,0.1071428571428571,2020,TOC,90004,,3.0,,,,,,TOC Tier 3,deduplicated_matched,216 N. Mariposa Ave.,34.075888,-118.2991248
107 S. Hewitt St.,90012.0,14.0,2020,8.0,69,0.1159420289855072,2020,TOC,90012,2023-07-13 00:00:00,8.0,,,,,,TOC Tier 4,deduplicated_matched,107 S. Hewitt St.,34.0484855,-118.236318
11434 W. Pico Blvd.,90064.0,11.0,2020,11.0,102,0.1078431372549019,2020,TOC,90064,,11.0,,,,,,TOC Tier 3,deduplicated_matched,11434 W. Pico Blvd.,34.0336259,-118.4411038
1348 E. 27th St.,90011.0,9.0,2020,14.0,14,1.0,2020,TOC,90011,,4.0,,4.0,6.0,,,TOC Tier 1,deduplicated_matched,1348 E. 27th St.,34.0148352,-118.2495801
1410 N. Highland Ave.,90028.0,13.0,2020,5.0,49,0.1020408163265306,2020,TOC,90028,,5.0,,,,,,TOC Tier 3,deduplicated_matched,1410 N. Highland Ave.,34.0966223,-118.3382059
245 S. Westlake Ave.,90057.0,1.0,2020,2.0,13,0.1538461538461538,2020,TOC,90057,,,,2.0,,,,TOC Tier 2,deduplicated_matched,245 S. Westlake Ave.,34.0637823,-118.2706156
3641 S. Motor Ave.,90034.0,5.0,2020,3.0,30,0.1,2020,TOC,90034,,3.0,,,,,,TOC Tier 3,deduplicated_matched,3641 S. Motor Ave.,34.0238076,-118.4066973
14554 Moorpark St.,91403.0,4.0,2020,1.0,8,0.125,2020,TOC,91403,,,,1.0,,,,TOC Tier 2,deduplicated_matched,14554 Moorpark St.,34.1519512,-118.4505902
10375 W. Washington Blvd.,90232.0,5.0,2020,14.0,139,0.1007194244604316,2020,TOC,90232,,14.0,,,,,,TOC Tier 3,deduplicated_matched,10375 W. Washington Blvd.,34.01893099999999,-118.4023329
1517 W. 12th St.,90015.0,1.0,2020,6.0,26,0.2307692307692307,2020,TOC,90015,,,,,6.0,,,TOC Tier 2,deduplicated_matched,1517 W. 12th St.,34.0458529,-118.2747485
2109 W. 8th St.,90057.0,1.0,2020,6.0,57,0.1052631578947368,2020,TOC,90057,,6.0,,,,,,TOC Tier 3,deduplicated_matched,2109 W. 8th St.,34.0553073,-118.2781757
1317 S. Grand Ave.,90015.0,14.0,2020,17.0,147,0.1156462585034013,2020,TOC,90015,2024-05-09 00:00:00,17.0,,,,,,TOC Tier 4,deduplicated_matched,1317 S. Grand Ave.,34.0384739,-118.265019
8900 S. Ramsgate Ave.,90045.0,11.0,2020,6.0,33,0.1818181818181818,2020,TOC,90045,,4.0,,1.0,1.0,,,TOC Tier 3,deduplicated_matched,8900 S. Ramsgate Ave.,33.9598853,-118.3825589
10918 W. Camarillo St.,91602.0,2.0,2020,3.0,15,0.2,2020,TOC,91602,,1.0,,2.0,,,,TOC Tier 1,deduplicated_matched,10918 W. Camarillo St.,34.1573691,-118.3686114
10431 W. Santa Monica Blvd.,90025.0,5.0,2020,5.0,43,0.1162790697674418,2020,TOC,90025,,5.0,,,,,,TOC Tier 3,deduplicated_matched,10431 W. Santa Monica Blvd.,34.0570703,-118.4252137
1537 S. Wilton Pl.,90019.0,10.0,2020,2.0,21,0.0952380952380952,2020,TOC,90019,,2.0,,,,,,TOC Tier 1,deduplicated_matched,1537 S. Wilton Pl.,34.0442879,-118.3148593
977 S. Catalina St.,90006.0,10.0,2020,5.0,49,0.1020408163265306,2020,TOC,90006,,5.0,,,,,,TOC Tier 3,deduplicated_matched,977 S. Catalina St.,34.0535005,-118.2949709
3217 S. Central Ave.,90011.0,9.0,2020,35.0,35,1.0,2020,TOC,90011,,,,,35.0,,,TOC Tier 2,deduplicated_matched,3217 S. Central Ave.,34.0142763,-118.2568194
3981 W. Melrose Ave.,90029.0,13.0,2020,4.0,37,0.1081081081081081,2020,TOC,90029,,4.0,,,,,,TOC Tier 3,deduplicated_matched,3981 W. Melrose Ave.,34.0852077,-118.3060277
3910 S. Normandie Ave.,90037.0,8.0,2020,3.0,9,0.3333333333333333,2020,TOC,90037,,1.0,,1.0,1.0,,,TOC Tier 1,deduplicated_matched,3910 S. Normandie Ave.,34.0149477,-118.3000086
1157 S. Hoover St.,90006.0,1.0,2020,6.0,48,0.125,2020,TOC,90006,2023-10-20 00:00:00,2.0,,4.0,,,,TOC Tier 2,deduplicated_matched,1157 S. Hoover St.,34.0499816,-118.284451
3123 S. Livonia Ave.,90034.0,5.0,2020,3.0,29,0.1034482758620689,2020,TOC,90034,,3.0,,,,,,TOC Tier 3,deduplicated_matched,3123 S. Livonia Ave.,34.031906,-118.392063
6640 N. Irvine Ave.,91606.0,2.0,2020,1.0,6,0.1666666666666666,2020,UDU,91606,06/15/20 (Term.),,,,1.0,,,UDU,deduplicated_matched,6640 N. Irvine Ave.,34.1915261,-118.3852152
748.5 N. La Jolla Ave.,90046.0,14.0,2020,1.0,3,0.3333333333333333,2020,UDU,90046,2020-08-26 00:00:00,,,,,1.0,,UDU,deduplicated_matched,748.5 N. La Jolla Ave.,34.0847647,-118.3680332
10726 N. Sutter Ave.,91331.0,7.0,2020,1.0,8,0.125,2020,UDU,91331,2022-08-01 00:00:00,,,,1.0,,,UDU,deduplicated_matched,10726 N. Sutter Ave.,34.2651367,-118.4193907
2496 N. Gower St.,90068.0,4.0,2020,1.0,4,0.25,2020,UDU,90068,11/12/2022 (Term),,,,,1.0,,UDU,deduplicated_matched,2496 N. Gower St.,34.1152633,-118.3222311
1521-23 E. 52nd St.,90011.0,9.0,2020,1.0,3,0.3333333333333333,2020,UDU,90011,,,,,1.0,,,UDU,deduplicated_matched,1521-23 E. 52nd St.,33.996,-118.2469348
2584 S. Centinela Ave.,90064.0,11.0,2020,1.0,8,0.125,2020,UDU,90064,2021-07-21 00:00:00,,,,,1.0,,UDU,deduplicated_matched,2584 S. Centinela Ave.,34.023918,-118.4490859
11820 W. Venice Blvd.,90066.0,11.0,2020,1.0,13,0.0769230769230769,2020,UDU,90066,,,,1.0,,,,UDU,deduplicated_matched,11820 W. Venice Blvd.,34.0452252,-118.350816
1920 E. Michigan Ave.,90033.0,14.0,2020,1.0,15,0.0666666666666666,2020,UDU,90033,2023-06-15 00:00:00,,,1.0,,,,UDU,deduplicated_matched,1920 E. Michigan Ave.,34.0386913,-118.1757494
3057 N. Hollycrest Dr.,90068.0,4.0,2020,1.0,5,0.2,2020,UDU,90068,2023-12-29 00:00:00,,,,,1.0,,UDU,deduplicated_matched,3057 N. Hollycrest Dr.,34.1274424,-118.3446653
3582 S. Budlong Ave.,90007.0,8.0,2020,1.0,5,0.2,2020,UDU,90007,,,,,1.0,,,UDU,deduplicated_matched,3582 S. Budlong Ave.,34.0231871,-118.2956468
1505 S. Magnolia Ave.,90006.0,1.0,2020,1.0,5,0.2,2020,UDU,90006,,,,1.0,,,,UDU,deduplicated_matched,1505 S. Magnolia Ave.,34.0549076,-118.242643
33 E. Driftwood St.,90292.0,11.0,2020,1.0,20,0.05,2020,UDU,90292,,,,1.0,,,,UDU; Mello Act Compliance Review,deduplicated_matched,33 E. Driftwood St.,33.9776976,-118.4643168
1633 N. Edgemont St.,90027.0,13.0,2020,24.0,150,0.16,2020,Other/Discretionary,90027,2023-06-26 00:00:00,,,24.0,,,,"Conditional Use; Zoning Administrator's Adjustments, Specific Plan Project Permit Compliance Review, Site Plan Review",deduplicated_matched,1633 N. Edgemont St.,34.101067,-118.2964362
3170 W. Olympic Blvd.,90006.0,10.0,2020,46.0,252,0.1825396825396825,2020,Other/Discretionary,90006,2023-12-27 00:00:00,,,46.0,,,,Conditional Use; Site Plan Review,deduplicated_matched,3170 W. Olympic Blvd.,34.0523545,-118.3054645
2020 N. Barranca St.,90031.0,1.0,2020,5.0,100,0.05,2020,Other/Discretionary,90031,2022-09-28 00:00:00,5.0,,,,,,Specific Plan Exception from the Cornfield Arroyo Seco Specific Plan (CASP),deduplicated_matched,2020 N. Barranca St.,34.1051723,-117.881494
1800 E. 7th St.,90021.0,14.0,2020,14.0,122,0.1147540983606557,2020,Other/Discretionary,90021,,,,14.0,,,,"General Plan Amendment, Vesting Zone Change and Height District Change, Conditional Use, Site Plan Review",deduplicated_matched,1800 E. 7th St.,34.0344103,-118.2346624
350 S. Hill St.,90013.0,14.0,2020,87.0,428,0.2032710280373831,2020,Other/Discretionary,90013,,,,22.0,,65.0,,Site Plan Review; Director's Determination,deduplicated_matched,350 S. Hill St.,34.05047,-118.24998
6569 N. Van Nuys Ave.,91401.0,6.0,2020,10.0,174,0.057471264367816,2020,Other/Discretionary,91401,,,,10.0,,,,Site Plan Review; Vesting Zone Change,deduplicated_matched,6569 N. Van Nuys Ave.,34.2120075,-118.4491617
355 S. Kingsley Dr.,90020.0,10.0,2020,3.0,19,0.1578947368421052,2020,Other/Discretionary,90020,,1.0,,2.0,,,,JJJ,deduplicated_matched,355 S. Kingsley Dr.,34.0673577,-118.3032027
5050 N. Bakman Ave.,91601.0,2.0,2020,39.0,40,0.975,2020,Other/Discretionary,91601,2024-10-10 00:00:00,,,32.0,7.0,,,Conditional Use,deduplicated_matched,5050 N. Bakman Ave.,34.162316,-118.3768968
1421 W. Adams Blvd.,90007.0,8.0,2020,5.0,45,0.1111111111111111,2020,Other/Discretionary,90007,2023-03-31 00:00:00,5.0,,,,,,"Transit-Oriented Development Subarea (""TOD Medium"") projects/ SLA CPIO",deduplicated_matched,1421 W. Adams Blvd.,34.0329937,-118.2924746
15630 W. Vanowen St.,91406.0,6.0,2020,2.0,30,0.0666666666666666,2020,Other/Discretionary,91406,2024-04-18 00:00:00,,,,2.0,,,Zoning Variance,deduplicated_matched,15630 W. Vanowen St.,34.1934685,-118.4737619
8811 N. Sepulveda Blvd.,91343.0,6.0,2020,352.0,356,0.9887640449438202,2020,Other/Discretionary,91343,2024-03-05 00:00:00,,,40.0,,312.0,,Vesting Zone Change,deduplicated_matched,8811 N. Sepulveda Blvd.,34.2066451,-118.4659667
718 E. Rose Ave.,90291.0,11.0,2020,34.0,35,0.9714285714285714,2020,DB,90291,,,,,34.0,,,,deduplicated_matched,718 E. Rose Ave.,34.0005235,-118.4688752
12665 N. San Fernando Rd.,91342.0,7.0,2020,55.0,56,0.9821428571428572,2020,DB,91342,2023-07-14 00:00:00,,,,55.0,,,Site Plan Review,deduplicated_matched,12665 N. San Fernando Rd.,34.0987414,-118.2342549
9500 S. Compton Ave.,90002.0,15.0,2020,24.0,25,0.96,2020,DB,90002,2023-07-26 00:00:00,,,24.0,,,,AB 2162,deduplicated_matched,9500 S. Compton Ave.,33.9198476,-118.2462306
4347 W. Adams Blvd.,90018.0,10.0,2020,47.0,48,0.9791666666666666,2020,DB,90018,2023-03-29 00:00:00,,,5.0,42.0,,,,deduplicated_matched,4347 W. Adams Blvd.,34.0329059,-118.3341256
7219 N. Canby Ave.,91335.0,3.0,2020,25.0,26,0.9615384615384616,2020,DB,91335,2023-07-21 00:00:00,13.0,,12.0,,,,,deduplicated_matched,7219 N. Canby Ave.,34.20172,-118.53496
4314 W. Adams Blvd.,90018.0,10.0,2020,37.0,38,0.9736842105263158,2020,DB,90018,,,,4.0,33.0,,,,deduplicated_matched,4314 W. Adams Blvd.,34.0323128,-118.332339
6329 N. Clybourn Ave.,91606.0,2.0,2020,101.0,103,0.9805825242718448,2020,DB,91606,2024-01-11 00:00:00,,,14.0,87.0,,,,deduplicated_matched,6329 N. Clybourn Ave.,34.1858116,-118.3601658
3200 W. Temple St.,90026.0,13.0,2020,63.0,64,0.984375,2020,TOC,90026,12/9/2022 (Corrected 01-12-23),,,,63.0,,,TOC Tier 2,deduplicated_matched,3200 W. Temple St.,34.07526,-118.281577
283 W. Imperial Highway,90061.0,8.0,2020,53.0,54,0.9814814814814816,2020,TOC,90061,,,,,53.0,,,TOC Tier 4,deduplicated_matched,283 W. Imperial Highway,33.9314415,-118.2788936
12003 S. Main St.,90061.0,15.0,2020,55.0,56,0.9821428571428572,2020,TOC,90061,2022-03-18 00:00:00,3.0,,6.0,46.0,,,TOC Tier 4,deduplicated_matched,12003 S. Main St.,33.9234431,-118.2743243
424 N. Firmin St.,90026.0,1.0,2020,63.0,64,0.984375,2020,TOC,90026,2023-08-04 00:00:00,45.0,,,18.0,,,TOC Tier 3,deduplicated_matched,424 N. Firmin St.,34.064789,-118.2536265
1230 W. Ingraham St.,90017.0,1.0,2020,120.0,121,0.9917355371900828,2020,TOC,90017,2024-01-03 00:00:00,,,,120.0,,,TOC Tier 4,deduplicated_matched,1230 W. Ingraham St.,34.0525499,-118.26641
6501 S. Crenshaw Blvd.,90043.0,8.0,2020,97.0,98,0.9897959183673468,2020,TOC,90043,2023-10-20 00:00:00,,,72.0,25.0,,,TOC Tier 4,deduplicated_matched,6501 S. Crenshaw Blvd.,33.9805735,-118.3312
5138 South Broadway,90037.0,9.0,2020,48.0,49,0.979591836734694,2020,TOC,90037,2023-01-17 00:00:00,,,36.0,12.0,,,TOC Tier 2,deduplicated_matched,5138 South Broadway,33.995782,-118.2780828
1035 S. Berendo St.,90006.0,10.0,2020,41.0,42,0.9761904761904762,2020,TOC,90006,2023-08-15 00:00:00,,,,41.0,,,TOC Tier 4,deduplicated_matched,1035 S. Berendo St.,34.051785,-118.2940178
923 S. Kenmore Ave.,90006.0,10.0,2020,74.0,75,0.9866666666666668,2020,TOC,90006,2023-12-27 00:00:00,5.0,,6.0,63.0,,,TOC Tier 4,deduplicated_matched,923 S. Kenmore Ave.,34.0549381,-118.2967499
6712 S. Main St.,90003.0,9.0,2020,7.0,60,0.1166666666666666,2020,TOC,90003,,,,7.0,,,,TOC Tier 1,deduplicated_matched,6712 S. Main St.,33.9783,-118.27375
6700 S. Main St.,90003.0,9.0,2020,51.0,52,0.9807692307692308,2020,TOC,90003,,,,51.0,,,,TOC Tier 2,deduplicated_matched,6700 S. Main St.,33.9782336,-118.273538
1630 Schrader Blvd.,90028.0,13.0,2020,35.0,152,0.2302631578947368,2020,TOC,90028,2023-12-07 00:00:00,,,,35.0,,,TOC Tier 3; Site Plan Review,deduplicated_matched,1630 Schrader Blvd.,34.1006286,-118.3323362
456 W. 9th St.,90731.0,14.0,2020,90.0,91,0.989010989010989,2020,DB,90731,2023-12-20 00:00:00,,,,46.0,44.0,,SB 35,deduplicated_matched,456 W. 9th St.,34.0440879,-118.2592349
11408 S. Central Ave.,90059.0,15.0,2020,63.0,64,0.984375,2020,Other/Discretionary,90059,2022-06-30 00:00:00,,,,63.0,,,"AB 2162, Site Plan Review, Community Plan Implementation Overlay pursuant to Ordinance No. 185, 925",deduplicated_matched,11408 S. Central Ave.,33.9303832,-118.2539524
2851 E. Chaucer St.,90065.0,1.0,2020,41.0,42,0.9761904761904762,2020,Other/Discretionary,90065,2/22/22-03/04/22,,,,41.0,,,"Site Plan Review, Zoning Administrator's Adjustment",deduplicated_matched,2851 E. Chaucer St.,34.0959431,-118.2342984
4723 S. Normandie Ave.,90037.0,8.0,2020,42.0,43,0.9767441860465116,2020,Other/Discretionary,90037,2023-01-26 00:00:00,,,5.0,37.0,,,,deduplicated_matched,4723 S. Normandie Ave.,34.0003049,-118.3003927
4200 W. Pico Blvd.,90019.0,10.0,2020,53.0,54,0.9814814814814816,2020,Other/Discretionary,90019,2023-05-18 00:00:00,,,7.0,46.0,,,SB 35,deduplicated_matched,4200 W. Pico Blvd.,34.0475478,-118.3271545
6940 N. Owensmouth Ave.,91303.0,3.0,2020,79.0,80,0.9875,2020,Other/Discretionary,91303,2022-12-20 00:00:00,4.0,,,75.0,,,"""Q"" Clarification of Ordinance No. 186,385",deduplicated_matched,6940 N. Owensmouth Ave.,34.1968507,-118.6012932
1540 E. Industrial St.,90021.0,14.0,2020,53.0,475,0.111578947368421,2020,Other/Discretionary,90021,2024-12-20 00:00:00,,,24.0,,,29.0,General Plan Amendment; Vesting Zone Change; Height District Change; Density Bonus,deduplicated_matched,1540 E. Industrial St.,34.0358186,-118.2366637
9502 N. Van Nuys Blvd.,91402.0,6.0,2020,48.0,49,0.979591836734694,2020,Other/Discretionary,91402,,3.0,,45.0,,,,Vesting Zone Change,deduplicated_matched,9502 N. Van Nuys Blvd.,34.2134238,-118.4493142
200 E. Washington Blvd.,90015.0,9.0,2020,22.0,105,0.2095238095238095,2020,Other/Discretionary,90015,2024-05-17 00:00:00,10.0,,7.0,5.0,,,CPIO,deduplicated_matched,200 E. Washington Blvd.,34.0303037,-118.2635927
5151 W. Maplewood Ave.,90004.0,13.0,2019,3.0,34,0.088235294117647,2019,DB,90004,2023-06-26 00:00:00,,,3.0,,,,,deduplicated_matched,5151 W. Maplewood Ave.,34.0806691,-118.3152521
14401 W. Foothill Blvd.,91342.0,7.0,2019,3.0,32,0.09375,2019,DB,91342,2023-10-26 00:00:00,,,3.0,,,,,deduplicated_matched,14401 W. Foothill Blvd.,34.2670297,-118.3355385
3500 S. Chesapeake Ave.,90016.0,10.0,2019,3.0,22,0.1363636363636363,2019,DB,90016,2021-05-28 00:00:00,,,2.0,1.0,,,,deduplicated_matched,3500 S. Chesapeake Ave.,34.023593,-118.344893
4965 S. Centinela Ave.,90066.0,11.0,2019,2.0,25,0.08,2019,DB,90066,2021-03-05 00:00:00,,,2.0,,,,,deduplicated_matched,4965 S. Centinela Ave.,33.9874957,-118.416827
2400 W. 7th St.,90057.0,1.0,2019,4.0,46,0.0869565217391304,2019,DB,90057,,,,4.0,,,,,deduplicated_matched,2400 W. 7th St.,34.0577625,-118.2803182
14558 W. Erwin St.,91411.0,6.0,2019,3.0,27,0.1111111111111111,2019,DB,91411,,,,3.0,,,,,deduplicated_matched,14558 W. Erwin St.,34.1829925,-118.3935511
14222 W. Victory Blvd.,91401.0,6.0,2019,3.0,18,0.1666666666666666,2019,DB,91401,,,,2.0,1.0,,,,deduplicated_matched,14222 W. Victory Blvd.,34.1864751,-118.4676387
5401 N. Lankershim Blvd.,91601.0,2.0,2019,11.0,127,0.0866141732283464,2019,DB,91601,2023-08-30 00:00:00,,,11.0,,,,,deduplicated_matched,5401 N. Lankershim Blvd.,34.1691597,-118.3775384
11500 W. Emelita St.,91601.0,2.0,2019,1.0,14,0.0714285714285714,2019,DB,91601,2023-05-24 00:00:00,,,1.0,,,,,deduplicated_matched,11500 W. Emelita St.,34.1763581,-118.3823307
5633 E. York Blvd.,90042.0,14.0,2019,2.0,22,0.0909090909090909,2019,DB,90042,,,,2.0,,,,,deduplicated_matched,5633 E. York Blvd.,34.1194261,-118.1954681
1100 W. Temple St.,90012.0,1.0,2019,5.0,54,0.0925925925925925,2019,DB,90012,2022-03-24 00:00:00,,,5.0,,,,,deduplicated_matched,1100 W. Temple St.,34.0633046,-118.2519542
3827 S. Frances Ave.,90066.0,11.0,2019,2.0,18,0.1111111111111111,2019,DB,90066,,,,2.0,,,,,deduplicated_matched,3827 S. Frances Ave.,34.0012927,-118.4364279
12147 W. Magnolia Blvd.,91607.0,2.0,2019,4.0,36,0.1111111111111111,2019,DB,91607,2021-04-27 00:00:00,,,4.0,,,,,deduplicated_matched,12147 W. Magnolia Blvd.,34.165054,-118.4269037
16030 W. Sherman Way,91406.0,6.0,2019,7.0,54,0.1296296296296296,2019,DB,91406,2022-04-27 00:00:00,,,7.0,,,,,deduplicated_matched,16030 W. Sherman Way,34.20108099999999,-118.5199707
4367 S. Berryman Ave.,90066.0,11.0,2019,3.0,32,0.09375,2019,DB,90066,,,,3.0,,,,,deduplicated_matched,4367 S. Berryman Ave.,34.0004075,-118.4143205
14645 W. Vanowen St.,91405.0,6.0,2019,1.0,9,0.1111111111111111,2019,DB,91405,2021-10-27 00:00:00,,,1.0,,,,,deduplicated_matched,14645 W. Vanowen St.,34.194239,-118.4525651
14639 W. Vanowen St.,91405.0,6.0,2019,1.0,9,0.1111111111111111,2019,DB,91405,2021-10-27 00:00:00,,,1.0,,,,,deduplicated_matched,14639 W. Vanowen St.,34.1941898,-118.4524178
15528 W. Rayen St.,91343.0,6.0,2019,1.0,18,0.0555555555555555,2019,DB,91343,,,,1.0,,,,,deduplicated_matched,15528 W. Rayen St.,34.2317305,-118.4708473
1113 N. Kenmore Ave.,90029.0,13.0,2019,4.0,24,0.1666666666666666,2019,DB,90029,2022-03-08 00:00:00,,,4.0,,,,,deduplicated_matched,1113 N. Kenmore Ave.,34.0913693,-118.2975489
12575 W. Venice Blvd.,90066.0,11.0,2019,5.0,52,0.0961538461538461,2019,DB,90066,2024-02-08 00:00:00,,,5.0,,,,,deduplicated_matched,12575 W. Venice Blvd.,34.0452252,-118.350816
6933 W. Santa Monica Blvd.,90038.0,13.0,2019,13.0,224,0.0580357142857142,2019,DB,90038,,,,13.0,,,,,deduplicated_matched,6933 W. Santa Monica Blvd.,34.0908678,-118.340864
143 S. Wetherly Dr.,90048.0,5.0,2019,4.0,40,0.1,2019,DB,90048,2024-08-26 00:00:00,,,4.0,,,,,deduplicated_matched,143 S. Wetherly Dr.,34.0740538,-118.3890512
14810 W. Delano St.,91411.0,6.0,2019,3.0,18,0.1666666666666666,2019,DB,91411,,,,2.0,1.0,,,,deduplicated_matched,14810 W. Delano St.,34.1823898,-118.4558201
12611 W. Oxnard St.,91606.0,2.0,2019,3.0,11,0.2727272727272727,2019,DB,91606,,,,2.0,1.0,,,,deduplicated_matched,12611 W. Oxnard St.,34.1803252,-118.5058382
837 W. 82nd St.,90044.0,8.0,2019,16.0,17,0.9411764705882352,2019,DB,90044,2021-09-17 00:00:00,,,16.0,,,,AB 2162,deduplicated_matched,837 W. 82nd St.,33.9645632,-118.2884743
215 N. Toluca St.,90026.0,1.0,2019,5.0,60,0.0833333333333333,2019,DB,90026,2024-11-08 00:00:00,,,5.0,,,,,deduplicated_matched,215 N. Toluca St.,34.0640539,-118.2571636
1315 W. Colton St.,90026.0,1.0,2019,5.0,60,0.0833333333333333,2019,DB,90026,2024-09-09 00:00:00,,,5.0,,,,,deduplicated_matched,1315 W. Colton St.,34.063445,-118.257074
6904 N. Eton Ave.,91303.0,3.0,2019,2.0,21,0.0952380952380952,2019,DB,91303,2023-12-19 00:00:00,,,2.0,,,,,deduplicated_matched,6904 N. Eton Ave.,34.1948973,-118.5954786
11727 W. Kiowa Ave.,90049.0,11.0,2019,1.0,13,0.0769230769230769,2019,DB,90049,2024-12-09 00:00:00,,,1.0,,,,,deduplicated_matched,11727 W. Kiowa Ave.,34.0506519,-118.4635424
641 N. Hobart Blvd.,90004.0,13.0,2019,1.0,14,0.0714285714285714,2019,DB,90004,2023-02-16 00:00:00,,,1.0,,,,,deduplicated_matched,641 N. Hobart Blvd.,34.0828563,-118.3060872
11955 W. Culver Blvd.,90066.0,11.0,2019,3.0,24,0.125,2019,DB,90066,2022-04-19 00:00:00,,,3.0,,,,,deduplicated_matched,11955 W. Culver Blvd.,33.9952499,-118.4179927
2365 S. Fox Hills Dr.,90064.0,5.0,2019,2.0,18,0.1111111111111111,2019,DB,90064,,,,2.0,,,,,deduplicated_matched,2365 S. Fox Hills Dr.,34.0490343,-118.4137446
235 N. Hoover St.,90004.0,13.0,2019,19.0,221,0.085972850678733,2019,DB,90004,2024-12-23 00:00:00,,,19.0,,,,,deduplicated_matched,235 N. Hoover St.,34.0753897,-118.2839633
10140 N. Hillhaven Ave.,91042.0,7.0,2019,8.0,34,0.2352941176470588,2019,DB,91042,2022-11-22 00:00:00,,,4.0,4.0,,,,deduplicated_matched,10140 N. Hillhaven Ave.,34.253572,-118.2895383
11750 W. Wilshire Blvd.,90025.0,11.0,2019,16.0,376,0.0425531914893617,2019,DB,90025,2023-06-15 00:00:00,,,16.0,,,,,deduplicated_matched,11750 W. Wilshire Blvd.,34.0474942,-118.4613915
6711 S. Sepulveda Blvd.,90045.0,11.0,2019,15.0,180,0.0833333333333333,2019,DB,90045,2021-05-13 00:00:00,,,15.0,,,,,deduplicated_matched,6711 S. Sepulveda Blvd.,33.9790324,-118.3951057
4741 N. Libbit Ave.,91436.0,4.0,2019,4.0,45,0.0888888888888888,2019,DB,91436,,4.0,,,,,,,deduplicated_matched,4741 N. Libbit Ave.,34.1563289,-118.4881469
1345 W. 1st St.,90026.0,1.0,2019,5.0,102,0.0490196078431372,2019,DB,90026,,,,5.0,,,,,deduplicated_matched,1345 W. 1st St.,34.0620158,-118.2590291
4615 N. Kester Ave.,91403.0,4.0,2019,1.0,11,0.0909090909090909,2019,DB,91403,,,,1.0,,,,,deduplicated_matched,4615 N. Kester Ave.,34.1544203,-118.4577905
5233 N. Caheunga Blvd.,91601.0,2.0,2019,1.0,9,0.1111111111111111,2019,DB,91601,,,,1.0,,,,,deduplicated_matched,5233 N. Caheunga Blvd.,34.0961981,-118.3295144
2938 N. Allesandro St.,90039.0,13.0,2019,4.0,32,0.125,2019,DB,90039,2022-11-30 00:00:00,,,4.0,,,,,deduplicated_matched,2938 N. Allesandro St.,34.1052281,-118.245026
18525 W. Clark St.,91356.0,3.0,2019,20.0,170,0.1176470588235294,2019,DB,91356,,,,20.0,,,,Site Plan Review; Project Permit Compliance,deduplicated_matched,18525 W. Clark St.,34.1706241,-118.5368961
668 S. Coronado St.,90057.0,1.0,2019,12.0,122,0.0983606557377049,2019,DB,90057,,2.0,,8.0,,2.0,,,deduplicated_matched,668 S. Coronado St.,34.059849,-118.2816775
9421 W. Alcott St.,90035.0,5.0,2019,2.0,23,0.0869565217391304,2019,DB,90035,,,,2.0,,,,,deduplicated_matched,9421 W. Alcott St.,34.0544151,-118.3950341
5553 N. Tujunga Ave.,91601.0,2.0,2019,2.0,30,0.0666666666666666,2019,DB,91601,,,,2.0,,,,,deduplicated_matched,5553 N. Tujunga Ave.,34.2334089,-118.3818787
1363 W. Colton St.,90026.0,1.0,2019,4.0,47,0.0851063829787234,2019,TOC,90026,2021-03-31 00:00:00,4.0,,,,,,TOC Tier 1,deduplicated_matched,1363 W. Colton St.,34.0640624,-118.2584639
1612 E. Pleasant Ave.,90033.0,14.0,2019,3.0,18,0.1666666666666666,2019,TOC,90033,2022-02-09 00:00:00,3.0,,,,,,TOC Tier 3,deduplicated_matched,1612 E. Pleasant Ave.,34.0480275,-118.2205695
4252 S. Crenshaw Blvd.,90008.0,10.0,2019,13.0,111,0.1171171171171171,2019,TOC,90008,2020-12-30 00:00:00,13.0,,,,,,TOC Tier 4,deduplicated_matched,4252 S. Crenshaw Blvd.,34.0066363,-118.3344347
723 S. Saint Andrews Pl.,90005.0,5.0,2019,7.0,65,0.1076923076923077,2019,TOC,90005,2023-08-14 00:00:00,7.0,,,,,,TOC Tier 3,deduplicated_matched,723 S. Saint Andrews Pl.,34.0587762,-118.3114842
8548 N. Reseda Blvd.,91324.0,12.0,2019,5.0,39,0.1282051282051282,2019,TOC,91324,2022-01-25 00:00:00,,,5.0,,,,TOC Tier 1,deduplicated_matched,8548 N. Reseda Blvd.,34.2260614,-118.5356219
3745 S. Cardiff Ave.,90034.0,5.0,2019,8.0,74,0.1081081081081081,2019,TOC,90034,2022-04-26 00:00:00,8.0,,,,,,TOC Tier 3,deduplicated_matched,3745 S. Cardiff Ave.,34.0259572,-118.3970478
3524 S. Chesapeake Ave.,90016.0,10.0,2019,3.0,27,0.1111111111111111,2019,TOC,90016,2024-10-01 00:00:00,3.0,,,,,,TOC Tier 3,deduplicated_matched,3524 S. Chesapeake Ave.,34.0230306,-118.3449853
602 S. Westlake Ave.,90057.0,1.0,2019,7.0,63,0.1111111111111111,2019,TOC,90057,,7.0,,,,,,TOC Tier 4,deduplicated_matched,602 S. Westlake Ave.,34.05869,-118.27365
1032 N. Coronado St.,90026.0,13.0,2019,4.0,33,0.1212121212121212,2019,TOC,90026,2024-05-31 00:00:00,4.0,,,,,,TOC Tier 3,deduplicated_matched,1032 N. Coronado St.,34.0789014,-118.2689931
5801 W. Pico Blvd.,90019.0,10.0,2019,8.0,80,0.1,2019,TOC,90019,2023-08-28 00:00:00,8.0,,,,,,TOC Tier 3,deduplicated_matched,5801 W. Pico Blvd.,34.05129,-118.36466
14848 W. Delano St.,91411.0,6.0,2019,1.0,11,0.0909090909090909,2019,TOC,91411,2021-12-17 00:00:00,1.0,,,,,,TOC Tier 2,deduplicated_matched,14848 W. Delano St.,34.1825144,-118.4569197
966 S. Kenmore Ave.,90006.0,10.0,2019,5.0,50,0.1,2019,TOC,90006,2021-03-31 00:00:00,5.0,,,,,,TOC Tier 3,deduplicated_matched,966 S. Kenmore Ave.,34.0535285,-118.2966011
505 N. Silver Lake Blvd.,90026.0,13.0,2019,5.0,60,0.0833333333333333,2019,TOC,90026,2022-08-04 00:00:00,5.0,,,,,,TOC Tier 1,deduplicated_matched,505 N. Silver Lake Blvd.,34.0780434,-118.2802811
2465 S. Purdue Ave.,90064.0,11.0,2019,3.0,17,0.1764705882352941,2019,TOC,90064,2022-06-14 00:00:00,2.0,,1.0,,,,TOC Tier 3,deduplicated_matched,2465 S. Purdue Ave.,34.032519,-118.439569
1705 S. Hoover St.,90006.0,1.0,2019,1.0,10,0.1,2019,TOC,90006,,1.0,,,,,,TOC Tier 2,deduplicated_matched,1705 S. Hoover St.,34.0425564,-118.2845755
700 N. Spaulding Ave.,90046.0,5.0,2019,2.0,24,0.0833333333333333,2019,TOC,90046,2022-03-02 00:00:00,2.0,,,,,,TOC Tier 1,deduplicated_matched,700 N. Spaulding Ave.,34.08411,-118.35721
366 S. Loma Dr.,90017.0,1.0,2019,4.0,39,0.1025641025641025,2019,TOC,90017,,4.0,,,,,,TOC Tier 2,deduplicated_matched,366 S. Loma Dr.,34.0590001,-118.265972
10737 W. Hortense St.,91602.0,2.0,2019,1.0,9,0.1111111111111111,2019,TOC,91602,2021-05-04 00:00:00,1.0,,,,,,TOC Tier 1,deduplicated_matched,10737 W. Hortense St.,34.1548441,-118.3921863
4660 W. Melrose Ave.,90029.0,13.0,2019,6.0,66,0.0909090909090909,2019,TOC,90029,2022-12-19 00:00:00,6.0,,,,,,TOC Tier 2,deduplicated_matched,4660 W. Melrose Ave.,34.0849641,-118.3062282
3050 W. 11th St.,90006.0,10.0,2019,5.0,39,0.1282051282051282,2019,TOC,90006,,4.0,,1.0,,,,TOC Tier 3,deduplicated_matched,3050 W. 11th St.,34.05068,-118.30482
838 S. La Brea Ave.,90036.0,5.0,2019,6.0,53,0.1132075471698113,2019,TOC,90036,2023-06-01 00:00:00,6.0,,,,,,TOC Tier 3,deduplicated_matched,838 S. La Brea Ave.,34.059403,-118.3449158
2880 W. James M. Wood Blvd.,90006.0,10.0,2019,20.0,193,0.1036269430051813,2019,TOC,90006,2021-11-05 00:00:00,20.0,,,,,,TOC Tier 3,deduplicated_matched,2880 W. James M. Wood Blvd.,34.0557299,-118.29124
5717 W. Carlton Way,90028.0,13.0,2019,4.0,39,0.1025641025641025,2019,TOC,90028,,4.0,,,,,,TOC Tier 3,deduplicated_matched,5717 W. Carlton Way,34.1007981,-118.3143306
1822 S. Overland Ave.,90025.0,5.0,2019,2.0,16,0.125,2019,TOC,90025,,2.0,,,,,,TOC Tier 3,deduplicated_matched,1822 S. Overland Ave.,34.050791,-118.43208
950 S. Berendo St.,90006.0,10.0,2019,8.0,75,0.1066666666666666,2019,TOC,90006,,8.0,,,,,,5078-008-035,deduplicated_matched,950 S. Berendo St.,34.0541245,-118.2934076
2726 S. Cochran Ave.,90016.0,10.0,2019,1.0,5,0.2,2019,TOC,90016,2022-03-29 00:00:00,,,1.0,,,,TOC Tier 3,deduplicated_matched,2726 S. Cochran Ave.,34.029796,-118.3592608
2450 E. Houston St.,90033.0,14.0,2019,2.0,10,0.2,2019,TOC,90033,2023-07-12 00:00:00,,,,2.0,,,TOC Tier 1,deduplicated_matched,2450 E. Houston St.,34.0502428,-118.203497
319 N. Westlake Ave.,90026.0,13.0,2019,4.0,14,0.2857142857142857,2019,TOC,90026,,2.0,,1.0,1.0,,,TOC Tier 2,deduplicated_matched,319 N. Westlake Ave.,34.0693374,-118.2670414
1507 S. Hi Point St.,90035.0,10.0,2019,4.0,40,0.1,2019,TOC,90035,2024-03-13 00:00:00,4.0,,,,,,TOC Tier 3,deduplicated_matched,1507 S. Hi Point St.,34.0498008,-118.3696155
971 S. Hoover St.,90006.0,1.0,2019,4.0,39,0.1025641025641025,2019,TOC,90006,,4.0,,,,,,TOC Tier 2,deduplicated_matched,971 S. Hoover St.,34.0531662,-118.2845209
545 S. Serrano Ave.,90020.0,10.0,2019,3.0,30,0.1,2019,TOC,90020,,3.0,,,,,,TOC Tier 3,deduplicated_matched,545 S. Serrano Ave.,34.064038,-118.3069722
3920 W. 5th St.,90020.0,10.0,2019,4.0,40,0.1,2019,TOC,90020,,4.0,,,,,,TOC Tier 3,deduplicated_matched,3920 W. 5th St.,34.0651772,-118.3035535
5550 W. Pico Blvd.,90019.0,10.0,2019,4.0,44,0.0909090909090909,2019,TOC,90019,2023-02-23 00:00:00,4.0,,,,,,TOC Tier 2,deduplicated_matched,5550 W. Pico Blvd.,34.0494094,-118.3595606
2968 W. 7th St.,90005.0,1.0,2019,23.0,228,0.1008771929824561,2019,TOC,90005,2022-08-11 00:00:00,23.0,,,,,,TOC Tier 3,deduplicated_matched,2968 W. 7th St.,34.059588,-118.2880287
8444 N. Columbus Ave.,91343.0,6.0,2019,2.0,25,0.08,2019,TOC,91343,4/14/2022* (05/31/22 Corr.),2.0,,,,,,TOC Tier 1,deduplicated_matched,8444 N. Columbus Ave.,34.2391467,-118.4647482
3800 S. Mentone Ave.,90232.0,5.0,2019,8.0,79,0.1012658227848101,2019,TOC,90232,4/24/2023* (06/08/2023 Corr.),8.0,,,,,,TOC Tier 3,deduplicated_matched,3800 S. Mentone Ave.,34.01964,-118.40462
920 S. Gramercy Pl.,90019.0,5.0,2019,2.0,13,0.1538461538461538,2019,TOC,90019,,,,2.0,,,,TOC Tier 3,deduplicated_matched,920 S. Gramercy Pl.,34.055169,-118.3129396
2812 W. Temple St.,90026.0,13.0,2019,4.0,42,0.0952380952380952,2019,TOC,90026,2022-11-30 00:00:00,4.0,,,,,,TOC Tier 1,deduplicated_matched,2812 W. Temple St.,34.0736791,-118.2780882
336 W. 7th St.,90731.0,14.0,2019,3.0,32,0.09375,2019,TOC,90731,2023-06-30 00:00:00,3.0,,,,,,TOC Tier 2,deduplicated_matched,336 W. 7th St.,34.0456526,-118.2544076
1180 S. La Brea Ave.,90019.0,10.0,2019,9.0,67,0.1343283582089552,2019,TOC,90019,2024-11-15 00:00:00,,,9.0,,,,TOC Tier 2,deduplicated_matched,1180 S. La Brea Ave.,34.0537371,-118.3432104
3766 S. Motor Ave.,90034.0,5.0,2019,4.0,36,0.1111111111111111,2019,TOC,90034,2022-04-14 00:00:00,4.0,,,,,,TOC Tier 3,deduplicated_matched,3766 S. Motor Ave.,34.0213045,-118.4042028
1319 S. Orange Grove Ave.,90019.0,10.0,2019,4.0,33,0.1212121212121212,2019,TOC,90019,2022-02-14 00:00:00,4.0,,,,,,TOC Tier 3,deduplicated_matched,1319 S. Orange Grove Ave.,34.0526995,-118.3654036
919 S. Harvard Blvd.,90006.0,10.0,2019,3.0,24,0.125,2019,TOC,90006,2022-04-19 00:00:00,3.0,,,,,,TOC Tier 3,deduplicated_matched,919 S. Harvard Blvd.,34.055309,-118.3044932
3408 S. Keystone Ave.,90034.0,5.0,2019,4.0,33,0.1212121212121212,2019,TOC,90034,2022-03-10 00:00:00,4.0,,,,,,TOC Tier 3,deduplicated_matched,3408 S. Keystone Ave.,34.1600572,-118.3242107
11246 W. Otsego St.,91601.0,2.0,2019,7.0,70,0.1,2019,TOC,91601,2021-05-26 00:00:00,7.0,,,,,,TOC Tier 3,deduplicated_matched,11246 W. Otsego St.,34.1627986,-118.3760064
1120 S. Serrano Ave.,90006.0,10.0,2019,6.0,52,0.1153846153846153,2019,TOC,90006,,6.0,,,,,,TOC Tier 3,deduplicated_matched,1120 S. Serrano Ave.,34.0502069,-118.3060253
5205 N. Harmony Ave.,91601.0,2.0,2019,5.0,40,0.125,2019,TOC,91601,,,,5.0,,,,TOC Tier 1,deduplicated_matched,5205 N. Harmony Ave.,34.1653654,-118.3664611
2412 S. Federal Ave.,90064.0,11.0,2019,4.0,40,0.1,2019,TOC,90064,,4.0,,,,,,TOC Tier 3,deduplicated_matched,2412 S. Federal Ave.,34.0321796,-118.4430106
925 S. St. Andrews Pl.,90019.0,5.0,2019,3.0,23,0.1304347826086956,2019,TOC,90019,,3.0,,,,,,TOC Tier 3,deduplicated_matched,925 S. St. Andrews Pl.,34.0550613,-118.3114632
14541 W. Gilmore St.,91411.0,6.0,2019,3.0,31,0.0967741935483871,2019,TOC,91411,,3.0,,,,,,TOC Tier 2,deduplicated_matched,14541 W. Gilmore St.,34.18781000000001,-118.45022
1249 W. 39th Pl.,90037.0,8.0,2019,5.0,42,0.119047619047619,2019,TOC,90037,2021-08-05 00:00:00,5.0,,,,,,TOC Tier 3,deduplicated_matched,1249 W. 39th Pl.,34.0143691,-118.2989989
611 W. 82nd St.,90044.0,8.0,2019,18.0,19,0.9473684210526316,2019,TOC,90044,2024-12-26 00:00:00,2.0,,3.0,13.0,,,TOC Tier 2,deduplicated_matched,611 W. 82nd St.,33.9645674,-118.284663
4506 W. Dockweiler St.,90019.0,10.0,2019,4.0,20,0.2,2019,TOC,90019,2024-05-28 00:00:00,1.0,,3.0,,,,TOC Tier 2,deduplicated_matched,4506 W. Dockweiler St.,34.0501453,-118.3335627
1920 N. Whitley Ave.,90068.0,4.0,2019,3.0,24,0.125,2019,TOC,90068,,3.0,,,,,,TOC Tier 3,deduplicated_matched,1920 N. Whitley Ave.,34.1058955,-118.3330906
10934 W. Peach Grove St.,91601.0,2.0,2019,1.0,12,0.0833333333333333,2019,TOC,91601,,1.0,,,,,,TOC Tier 1,deduplicated_matched,10934 W. Peach Grove St.,34.1588165,-118.3692379
549 N. Heliotrope Dr.,90004.0,13.0,2019,4.0,17,0.2352941176470588,2019,TOC,90004,2023-07-12 00:00:00,1.0,,2.0,1.0,,,TOC Tier 3,deduplicated_matched,549 N. Heliotrope Dr.,34.0805022,-118.2955817
8802 N. Van Nuys Blvd.,91402.0,6.0,2019,2.0,24,0.0833333333333333,2019,TOC,91402,2022-08-02 00:00:00,2.0,,,,,,TOC Tier 1,deduplicated_matched,8802 N. Van Nuys Blvd.,34.2134238,-118.4493142
3630 S. Overland Ave.,90034.0,5.0,2019,7.0,74,0.0945945945945946,2019,TOC,90034,,7.0,,,,,,TOC Tier 2,deduplicated_matched,3630 S. Overland Ave.,34.02276390000001,-118.4095784
222 N. Manhattan Pl.,90004.0,13.0,2019,2.0,16,0.125,2019,TOC,90004,2023-12-11 00:00:00,2.0,,,,,,TOC Tier 3,deduplicated_matched,222 N. Manhattan Pl.,34.075367,-118.309933
9007 S. Ramsgate Ave.,90045.0,11.0,2019,6.0,30,0.2,2019,TOC,90045,,3.0,,2.0,1.0,,,TOC Tier 3,deduplicated_matched,9007 S. Ramsgate Ave.,33.9598853,-118.3825589
856 S. Gramercy Dr.,90005.0,5.0,2019,6.0,53,0.1132075471698113,2019,TOC,90005,,6.0,,,,,,TOC Tier 3,deduplicated_matched,856 S. Gramercy Dr.,34.0563883,-118.3118779
433 N. Rosenell Ter.,90026.0,13.0,2019,4.0,47,0.0851063829787234,2019,TOC,90026,,4.0,,,,,,TOC Tier 1,deduplicated_matched,433 N. Rosenell Ter.,34.0722,-118.27106
2335 W. Temple St.,90026.0,13.0,2019,3.0,35,0.0857142857142857,2019,TOC,90026,,3.0,,,,,,TOC Tier 1,deduplicated_matched,2335 W. Temple St.,34.07159,-118.27154
321 S. Oxford Ave.,90020.0,10.0,2019,4.0,38,0.1052631578947368,2019,TOC,90020,2024-07-05 00:00:00,4.0,,,,,,TOC Tier 3,deduplicated_matched,321 S. Oxford Ave.,34.0683298,-118.3082053
1110 S. Spaulding Ave.,90019.0,10.0,2019,3.0,26,0.1153846153846153,2019,TOC,90019,,3.0,,,,,,TOC Tier 3,deduplicated_matched,1110 S. Spaulding Ave.,34.0556054,-118.3598928
832 S. Mariposa Ave.,90005.0,10.0,2019,13.0,101,0.1287128712871287,2019,TOC,90005,2022-12-29 00:00:00,5.0,,8.0,,,,TOC Tier 2,deduplicated_matched,832 S. Mariposa Ave.,34.0567419,-118.2983867
252 N. Hoover St.,90004.0,13.0,2019,4.0,39,0.1025641025641025,2019,TOC,90004,2022-12-28 00:00:00,4.0,,,,,,TOC Tier 1,deduplicated_matched,252 N. Hoover St.,34.075731,-118.2831016
1855 S. Westwood Blvd.,90025.0,5.0,2019,6.0,60,0.1,2019,TOC,90025,2023-03-10 00:00:00,6.0,,,,,,TOC Tier 3,deduplicated_matched,1855 S. Westwood Blvd.,34.0485128,-118.4364111
14822 W. Delano St.,91411.0,6.0,2019,3.0,11,0.2727272727272727,2019,TOC,91411,,1.0,,1.0,1.0,,,TOC Tier 1,deduplicated_matched,14822 W. Delano St.,34.1824117,-118.4563237
6521 S. Brynhurst Ave.,90043.0,8.0,2019,5.0,41,0.1219512195121951,2019,TOC,90043,2022-05-10 00:00:00,5.0,,,,,,TOC Tier 3,deduplicated_matched,6521 S. Brynhurst Ave.,33.9799652,-118.3340469
4604 S. Western Ave.,90062.0,8.0,2019,48.0,49,0.979591836734694,2019,TOC,90062,,6.0,,,42.0,,,TOC Tier 4,deduplicated_matched,4604 S. Western Ave.,34.0016373,-118.3085722
905 S. Vermont Ave.,90006.0,10.0,2019,7.0,67,0.1044776119402985,2019,TOC,90006,2024-09-13 00:00:00,7.0,,,,,,TOC Tier 3,deduplicated_matched,905 S. Vermont Ave.,34.055644,-118.291992
1540 S. St. Andrews Pl.,90019.0,10.0,2019,4.0,38,0.1052631578947368,2019,TOC,90019,2023-09-20 00:00:00,4.0,,,,,,TOC Tier 3,deduplicated_matched,1540 S. St. Andrews Pl.,34.0441805,-118.3113442
7600 S. Western Ave.,90047.0,8.0,2019,19.0,20,0.95,2019,TOC,90047,,2.0,,17.0,,,,TOC Tier 2,deduplicated_matched,7600 S. Western Ave.,33.97060270000001,-118.308546
841 S. Fedora St.,90005.0,10.0,2019,9.0,81,0.1111111111111111,2019,TOC,90005,2022-10-12 00:00:00,3.0,,6.0,,,,TOC Tier 1,deduplicated_matched,841 S. Fedora St.,34.0564226,-118.2979601
1950 S. Normandie Ave.,90007.0,1.0,2019,3.0,13,0.2307692307692307,2019,TOC,90007,2022-10-12 00:00:00,2.0,,1.0,,,,TOC Tier 2,deduplicated_matched,1950 S. Normandie Ave.,34.0389025,-118.3000996
740 S. Alvarado St.,90057.0,1.0,2019,9.0,80,0.1125,2019,TOC,90057,2022-08-04 00:00:00,9.0,,,,,,TOC Tier 4,deduplicated_matched,740 S. Alvarado St.,34.055238,-118.277444
7306 N. Independence Ave.,91303.0,3.0,2019,1.0,12,0.0833333333333333,2019,TOC,91303,,1.0,,,,,,TOC Tier 1,deduplicated_matched,7306 N. Independence Ave.,34.2692898,-118.5907475
325 N. Fickett St.,90033.0,14.0,2019,21.0,22,0.9545454545454546,2019,TOC,90033,2023-03-31 00:00:00,3.0,,1.0,17.0,,,TOC Tier 4,deduplicated_matched,325 N. Fickett St.,34.0449766,-118.2061928
6762 W. Hawthorn Ave.,90028.0,13.0,2019,8.0,69,0.1159420289855072,2019,TOC,90028,2024-01-18 00:00:00,8.0,,,,,,TOC Tier 4,deduplicated_matched,6762 W. Hawthorn Ave.,34.1004072,-118.3374854
800 S. Western Ave.,90005.0,10.0,2019,23.0,230,0.1,2019,TOC,90005,,23.0,,,,,,TOC Tier 3,deduplicated_matched,800 S. Western Ave.,34.0572143,-118.3087551
5945 W. Pico Blvd.,90035.0,5.0,2019,13.0,123,0.1056910569105691,2019,TOC,90035,2024-05-24 00:00:00,13.0,,,,,,TOC Tier 3,deduplicated_matched,5945 W. Pico Blvd.,34.0520715,-118.3695437
2000 Miramar St.,90057.0,1.0,2019,156.0,157,0.9936305732484076,2019,TOC,90057,,,,24.0,132.0,,,TOC Tier 4,deduplicated_matched,2000 Miramar St.,34.0630699,-118.2708238
1450 S. Rexford Dr.,90035.0,5.0,2019,3.0,29,0.1034482758620689,2019,TOC,90035,2024-08-16 00:00:00,3.0,,,,,,TOC Tier 3,deduplicated_matched,1450 S. Rexford Dr.,34.0598742,-118.3938734
1530 N. Cassil Pl.,90028.0,13.0,2019,20.0,200,0.1,2019,TOC,90028,2024-04-16 00:00:00,20.0,,,,,,TOC Tier 3,deduplicated_matched,1530 N. Cassil Pl.,34.0991052,-118.3336463
850 S. La Brea Ave.,90036.0,5.0,2019,6.0,53,0.1132075471698113,2019,TOC,90036,2024-05-02 00:00:00,6.0,,,,,,TOC Tier 3,deduplicated_matched,850 S. La Brea Ave.,34.0590513,-118.3448936
11722 W. Archwood St.,91606.0,2.0,2019,4.0,37,0.1081081081081081,2019,TOC,91606,,4.0,,,,,,TOC Tier 2,deduplicated_matched,11722 W. Archwood St.,34.1919266,-118.3887673
760 S. Serrano Ave.,90005.0,10.0,2019,16.0,157,0.1019108280254777,2019,TOC,90005,,16.0,,,,,,TOC Tier 3,deduplicated_matched,760 S. Serrano Ave.,34.0580572,-118.3062362
1221 N. Myra Ave.,90029.0,13.0,2019,10.0,100,0.1,2019,TOC,90029,,10.0,,,,,,TOC Tier 3,deduplicated_matched,1221 N. Myra Ave.,34.09558,-118.2809
1650 W. Florence Ave.,90047.0,8.0,2019,13.0,128,0.1015625,2019,TOC,90047,2022-03-10 00:00:00,13.0,,,,,,TOC Tier 3,deduplicated_matched,1650 W. Florence Ave.,33.9742121,-118.3064833
14748 W. Victory Blvd.,91411.0,6.0,2019,1.0,11,0.0909090909090909,2019,TOC,91411,2022-08-26 00:00:00,1.0,,,,,,TOC Tier 1,deduplicated_matched,14748 W. Victory Blvd.,34.1864751,-118.4676617
951 S. Ogden Dr.,90036.0,5.0,2019,6.0,57,0.1052631578947368,2019,TOC,90036,,6.0,,,,,,TOC Tier 3,deduplicated_matched,951 S. Ogden Dr.,34.0581229,-118.3618903
314 N. Chicago St.,90033.0,14.0,2019,1.0,7,0.1428571428571428,2019,TOC,90033,2021-06-04 00:00:00,,,1.0,,,,TOC Tier 3,deduplicated_matched,314 N. Chicago St.,34.0485052,-118.210132
5506 W. Thornburn St.,90045.0,11.0,2019,3.0,12,0.25,2019,TOC,90045,2023-03-09 00:00:00,1.0,,1.0,1.0,,,TOC Tier 1,deduplicated_matched,5506 W. Thornburn St.,33.9723649,-118.3762209
11502 W. Cumpston St.,91601.0,2.0,2019,3.0,12,0.25,2019,TOC,91601,2022-08-05 00:00:00,1.0,,1.0,1.0,,,TOC Tier 3,deduplicated_matched,11502 W. Cumpston St.,34.1693507,-118.3824118
860 S. Normandie Ave.,90005.0,10.0,2019,6.0,57,0.1052631578947368,2019,TOC,90005,,6.0,,,,,,TOC Tier 3,deduplicated_matched,860 S. Normandie Ave.,34.0561027,-118.2996064
1409 W. 55th St.,90062.0,8.0,2019,2.0,8,0.25,2019,DB,90062,,,,2.0,,,,,deduplicated_matched,1409 W. 55th St.,33.992477,-118.300523
8758 S. Avalon Blvd.,90003.0,9.0,2019,1.0,5,0.2,2019,Other/Discretionary,90003,2020-11-12 00:00:00,,,1.0,,,,UDU,deduplicated_matched,8758 S. Avalon Blvd.,33.9579166,-118.2649257
8723 S. Figueroa St.,90003.0,8.0,2019,1.0,5,0.2,2019,Other/Discretionary,90003,,,,,1.0,,,UDU,deduplicated_matched,8723 S. Figueroa St.,33.9581277,-118.2829103
666 W. 5th St.,90731.0,14.0,2019,1.0,3,0.3333333333333333,2019,Other/Discretionary,90731,2019-05-16 00:00:00,,,,1.0,,,UDU,deduplicated_matched,666 W. 5th St.,34.0511723,-118.2554237
15323 W. Vanowen St.,91406.0,6.0,2019,1.0,33,0.0303030303030303,2019,Other/Discretionary,91406,2021-03-10 00:00:00,,,,1.0,,,UDU,deduplicated_matched,15323 W. Vanowen St.,34.1943571,-118.4671997
1635 S. Beverly Glen Blvd.,90024.0,5.0,2019,1.0,7,0.1428571428571428,2019,Other/Discretionary,90024,2021-09-21 00:00:00,,,,,1.0,,UDU,deduplicated_matched,1635 S. Beverly Glen Blvd.,34.058802,-118.4253042
1132 W. Berendo St.,90022.0,1.0,2019,1.0,3,0.3333333333333333,2019,Other/Discretionary,90022,2019-07-31 00:00:00,,,,1.0,,,UDU,deduplicated_matched,1132 W. Berendo St.,34.0499403,-118.2934401
1521 1/2 S. Wellesley Ave.,90025.0,11.0,2019,1.0,4,0.25,2019,Other/Discretionary,90025,2024-06-04 00:00:00,,,,1.0,,,UDU,deduplicated_matched,1521/2 S. Wellesley Ave.,34.0381521,-118.4640705
366 N. Orange Grove Ave.,90036.0,5.0,2019,1.0,8,0.125,2019,Other/Discretionary,90036,,,,,,1.0,,UDU,deduplicated_matched,366 N. Orange Grove Ave.,34.0780405,-118.360146
11018 W. Aqua Vista St.,91602.0,2.0,2019,1.0,24,0.0416666666666666,2019,Other/Discretionary,91602,2019-08-26 00:00:00,,,,,1.0,,UDU,deduplicated_matched,11018 W. Aqua Vista St.,34.1447475,-118.3708811
115 E. 81st St.,90003.0,9.0,2019,1.0,4,0.25,2019,Other/Discretionary,5.40E+04,2020-08-06 00:00:00,,,,1.0,,,UDU,deduplicated_matched,115 E. 81st St.,33.9664629,-118.2732883
4609 W. Los Feliz Blvd.,90027.0,4.0,2019,1.0,21,0.0476190476190476,2019,Other/Discretionary,90027,,,,,,1.0,,UDU,deduplicated_matched,4609 W. Los Feliz Blvd.,34.1116665,-118.2898536
7722 N. Reseda Blvd.,91335.0,4.0,2019,1.0,141,0.0070921985815602,2019,Other/Discretionary,91335,,,,,,1.0,,UDU,deduplicated_matched,7722 N. Reseda Blvd.,34.2108642,-118.5358645
1119 S. Alma St.,90731.0,15.0,2019,1.0,5,0.2,2019,Other/Discretionary,90731,2019-07-09 00:00:00,,,,,1.0,,UDU,deduplicated_matched,1119 S. Alma St.,33.7338929,-118.299295
1131.5 S. Queen Anne Pl.,90019.0,10.0,2019,1.0,4,0.25,2019,Other/Discretionary,90019,2020-09-28 00:00:00,,,,,1.0,,UDU,deduplicated_matched,1131.5 S. Queen Anne Pl.,34.0520253,-118.3312222
1536.25 W. 83rd St.,90047.0,8.0,2019,1.0,4,0.25,2019,Other/Discretionary,90047,2023-09-18 00:00:00,,,,1.0,,,UDU,deduplicated_matched,1536.25 W. 83rd St.,33.9637966,-118.4014265
3331 E. Hunter St.,90023.0,14.0,2019,1.0,3,0.3333333333333333,2019,Other/Discretionary,90023,2024-02-28 00:00:00,,,,1.0,,,UDU,deduplicated_matched,3331 E. Hunter St.,34.02066320000001,-118.2066388
223 E. 116th St.,90061.0,15.0,2019,1.0,3,0.3333333333333333,2019,Other/Discretionary,90061,2023-04-24 00:00:00,,,,1.0,,,UDU,deduplicated_matched,223 E. 116th St.,33.9294215,-118.2709572
750 S. Oxford Ave.,90005.0,10.0,2019,37.0,363,0.1019283746556473,2019,Other/Discretionary,90005,,,,,15.0,,22.0,"General Plan Amendment, Vesting Zone Change, Height District Change, Building Line Removal, Conditional Use, Site Plan Review",deduplicated_matched,750 S. Oxford Ave.,34.0582401,-118.3075301
711 E. 84th St.,90001.0,9.0,2019,1.0,3,0.3333333333333333,2019,Other/Discretionary,90001,2020-03-11 00:00:00,,,,1.0,,,UDU,deduplicated_matched,711 E. 84th St.,33.9630807,-118.2625106
8750 N. Topanga Canyon Blvd.,91304.0,12.0,2019,1.0,21,0.0476190476190476,2019,Other/Discretionary,91304,2019-11-14 00:00:00,,,,1.0,,,UDU,deduplicated_matched,8750 N. Topanga Canyon Blvd.,34.1146633,-118.5919163
469.5 E. 41st Pl.,90011.0,9.0,2019,1.0,5,0.2,2019,Other/Discretionary,90011,,,,,1.0,,,UDU,deduplicated_matched,469.5 E. 41st Pl.,34.0083845,-118.2565166
13210 W. Victory Blvd.,91401.0,2.0,2019,1.0,30,0.0333333333333333,2019,Other/Discretionary,91401,,,,,,1.0,,UDU,deduplicated_matched,13210 W. Victory Blvd.,34.1864751,-118.4676387
3443 E. Whittier Blvd.,90023.0,14.0,2019,3.0,10,0.3,2019,Other/Discretionary,90023,2020-01-29 00:00:00,,,,3.0,,,UDU,deduplicated_matched,3443 E. Whittier Blvd.,34.0273705,-118.1994733
928 1/2 E. 25th St.,90011.0,9.0,2019,1.0,5,0.2,2019,Other/Discretionary,90011,,,,,1.0,,,UDU,deduplicated_matched,928/2 E. 25th St.,34.0201423,-118.2561414
1620 N. Westerly Terrace,90026.0,13.0,2019,1.0,5,0.2,2019,Other/Discretionary,90026,,,,1.0,,,,UDU,deduplicated_matched,1620 N. Westerly Terrace,34.0888461,-118.2697747
5929 W. Sunset Blvd.,90028.0,13.0,2019,45.0,299,0.1505016722408027,2019,Other/Discretionary,90028,2020-11-12 00:00:00,,,15.0,,15.0,15.0,Zone Change; General Plan Amendment,deduplicated_matched,5929 W. Sunset Blvd.,34.0982784,-118.3190578
11520 W. Rochester Ave.,90025.0,11.0,2019,1.0,15,0.0666666666666666,2019,Other/Discretionary,90025,2021-08-04 00:00:00,,,,1.0,,,Zoning Variance,deduplicated_matched,11520 W. Rochester Ave.,34.0477369,-118.4549954
10621 W. Valley Spring Lane,91602.0,2.0,2019,3.0,45,0.0666666666666666,2019,Other/Discretionary,91602,2019-10-23 00:00:00,,,,,3.0,,UDU,deduplicated_matched,10621 W. Valley Spring Lane,34.1470845,-118.3622526
5618 E. Meridian St.,90042.0,14.0,2019,1.0,16,0.0625,2019,Other/Discretionary,90042,,,,,1.0,,,UDU,deduplicated_matched,5618 E. Meridian St.,34.12037250000001,-118.1957236
669 S. Union Ave.,90017.0,1.0,2019,1.0,106,0.0094339622641509,2019,Other/Discretionary,90017,,,,,1.0,,,Zoning Variance,deduplicated_matched,669 S. Union Ave.,34.05504190000001,-118.2709032
1941 1/2 E. Sheridan St.,90033.0,14.0,2019,1.0,3,0.3333333333333333,2019,Other/Discretionary,90033,,,,,1.0,,,UDU,deduplicated_matched,1941/2 E. Sheridan St.,34.0531155,-118.2115662
324 S. St. Andrews Pl.,90020.0,13.0,2019,5.0,26,0.1923076923076923,2019,Other/Discretionary,90020,,,,,2.0,3.0,,Zoning Variance,deduplicated_matched,324 S. St. Andrews Pl.,34.0681063,-118.3111718
12021 W. Washington Pl.,90066.0,11.0,2019,1.0,3,0.3333333333333333,2019,Other/Discretionary,90066,7/13/2021 (Term.),,,,1.0,,,UDU,deduplicated_matched,12021 W. Washington Pl.,33.9973396,-118.4227754
1512 S. Wooster St.,90035.0,5.0,2019,1.0,9,0.1111111111111111,2019,Other/Discretionary,90035,2021-09-13 00:00:00,,,,,1.0,,Zoning Variance; Variance from Section 12.21-A.4,deduplicated_matched,1512 S. Wooster St.,34.0515025,-118.3827305
4817 S. Normandie Ave.,90037.0,8.0,2019,1.0,2,0.5,2019,Other/Discretionary,90037,,,,,1.0,,,UDU,deduplicated_matched,4817 S. Normandie Ave.,33.9995513,-118.3004271
1211 N. Kenmore Ave.,90029.0,13.0,2019,1.0,12,0.0833333333333333,2019,Other/Discretionary,90029,2022-06-09 00:00:00,,,,1.0,,,UDU,deduplicated_matched,1211 N. Kenmore Ave.,34.0937809,-118.2976773
259 E. 41st Pl.,90011.0,9.0,2019,2.0,15,0.1333333333333333,2019,Other/Discretionary,90011,,,,,2.0,,,UDU,deduplicated_matched,259 E. 41st Pl.,34.0083454,-118.2700853
7050 N. Woodman Ave.,91405.0,2.0,2019,1.0,25,0.04,2019,Other/Discretionary,91405,,,,,1.0,,,UDU,deduplicated_matched,7050 N. Woodman Ave.,34.2116193,-118.4311424
13713 W. Oxnard St.,91401.0,2.0,2019,1.0,16,0.0625,2019,Other/Discretionary,91401,2023-03-09 00:00:00,,,1.0,,,,Zone Change,deduplicated_matched,13713 W. Oxnard St.,34.1803252,-118.5058382
762.5 E. 43rd St.,90011.0,9.0,2019,1.0,3,0.3333333333333333,2019,Other/Discretionary,90011,2021-05-08 00:00:00,,,,1.0,,,Additional waiver of development standard,deduplicated_matched,762.5 E. 43rd St.,34.0057565,-118.2565026
217 S. Boyle Ave.,90033.0,14.0,2019,3.0,30,0.1,2019,Other/Discretionary,90033,,,,3.0,,,,UDU,deduplicated_matched,217 S. Boyle Ave.,34.0456005,-118.2201963
14648 W. Kittridge St.,91405.0,6.0,2019,1.0,5,0.2,2019,Other/Discretionary,91405,2021-09-20 00:00:00,,,,1.0,,,UDU,deduplicated_matched,14648 W. Kittridge St.,34.1905259,-118.452632
10247 N. Variel Ave.,91311.0,12.0,2019,6.0,32,0.1875,2019,Other/Discretionary,91311,2022-03-11 00:00:00,2.0,,4.0,,,,Zone Change,deduplicated_matched,10247 N. Variel Ave.,34.2567096,-118.5933866
401 S. La Fayette Park Pl.,90057.0,1.0,2019,6.0,58,0.1034482758620689,2019,Other/Discretionary,90057,7/24/2024 (Partial),,,,,6.0,,UDU,deduplicated_matched,401 S. La Fayette Park Pl.,34.0656462,-118.2818559
1077 W. 38th St. - West Lot,90037.0,8.0,2019,69.0,70,0.9857142857142858,2016,DB,90037,2019-08-31 00:00:00,,,11.0,58.0,,,,deduplicated_matched,1077 W. 38th St. - West Lot,34.0177013,-118.2937286
1077 W. 38th St. - East Lot,90037.0,8.0,2019,69.0,70,0.9857142857142858,2016,DB,90037,2019-08-31 00:00:00,,,11.0,58.0,,,,deduplicated_matched,1077 W. 38th St. - East Lot,34.0177013,-118.2937286
1077 W. 38th St,90037.0,8.0,2016,69.0,140,0.4928571428571429,2016,DB,90037,2019-08-31 00:00:00,,,11.0,58.0,,,,deduplicated_matched,1077 W. 38th St,34.0177013,-118.2937286
9190 N. Telfair Ave.,91352.0,6.0,2019,25.0,26,0.9615384615384616,2019,DB,91352,2024-05-09 00:00:00,25.0,,,,,,,deduplicated_matched,9190 N. Telfair Ave.,34.2364052,-118.3965687
6901 S. Main St.,90003.0,9.0,2019,49.0,50,0.98,2019,TOC,90003,2021-04-19 00:00:00,,,,49.0,,,TOC Tier 3,deduplicated_matched,6901 S. Main St.,33.9772343,-118.2741446
1856 S. Wilton Pl.,90019.0,10.0,2019,62.0,64,0.96875,2019,TOC,90019,2021-12-03 00:00:00,,,9.0,53.0,,,TOC Tier 3,deduplicated_matched,1856 S. Wilton Pl.,34.0402581,-118.3143049
950 W. 76th St.,90044.0,8.0,2019,49.0,50,0.98,2019,TOC,90044,2021-12-30 00:00:00,,,6.0,43.0,,,TOC Tier 2,deduplicated_matched,950 W. 76th St.,33.9705965,-118.2909909
11950 W. Missouri Ave.,90025.0,11.0,2019,73.0,74,0.9864864864864864,2019,TOC,90025,2022-12-09 00:00:00,,,11.0,62.0,,,TOC Tier 4,deduplicated_matched,11950 W. Missouri Ave.,34.0351437,-118.4563076
4760 W. Melrose Ave.,90029.0,13.0,2019,38.0,39,0.9743589743589745,2019,TOC,90029,2022-02-01 00:00:00,1.0,,1.0,36.0,,,TOC Tier 3,deduplicated_matched,4760 W. Melrose Ave.,34.0832891,-118.3039
4208 E. Huntington Dr. South,90032.0,14.0,2019,83.0,85,0.976470588235294,2019,Other/Discretionary,90032,2022-10-05 00:00:00,2.0,,76.0,5.0,,,Zone Variance,deduplicated_matched,4208 E. Huntington Dr. South,34.0786557,-118.1926501
3960 S. Grand View Blvd.,90066.0,11.0,2019,49.0,50,0.98,2019,Other/Discretionary,90066,,16.0,,5.0,26.0,2.0,,Vesting Zone Change,deduplicated_matched,3960 S. Grand View Blvd.,34.0018068,-118.4286241
11800 W. Kagel Canyon St.,91342.0,7.0,2019,48.0,49,0.979591836734694,2019,Other/Discretionary,91342,2023-11-29 00:00:00,,,,48.0,,,,deduplicated_matched,11800 W. Kagel Canyon St.,34.2740147,-118.3891973
660 S. Stanford Ave.,90021.0,14.0,2019,81.0,82,0.9878048780487804,2019,Other/Discretionary,90021,,17.0,,64.0,,,,"General Plan Amendment, Vesting Zone Change, Height District Change",deduplicated_matched,660 S. Stanford Ave.,33.8963988,-118.2606936
1500 S. Granville Ave.,90025.0,5.0,2018,16.0,154,0.1038961038961039,2018,DB,90025,2021-03-31 00:00:00,,,16.0,,,,,deduplicated_matched,1500 S. Granville Ave.,34.0425746,-118.4576931
1556 S. Hi Point St.,90035.0,10.0,2018,4.0,45,0.0888888888888888,2018,DB,90035,2022-02-16 00:00:00,,,4.0,,,,,deduplicated_matched,1556 S. Hi Point St.,34.0483768,-118.3693225
3568 S. Motor Ave.,90034.0,5.0,2018,4.0,42,0.0952380952380952,2018,DB,90034,2022-08-30 00:00:00,,,4.0,,,,,deduplicated_matched,3568 S. Motor Ave.,34.0252073,-118.4074095
14540 W. Erwin St.,91411.0,6.0,2018,6.0,48,0.125,2018,DB,91411,2022-06-24 00:00:00,,,6.0,,,,,deduplicated_matched,14540 W. Erwin St.,34.1829925,-118.3935511
14419 W. Riverside Dr.,91423.0,4.0,2018,2.0,12,0.1666666666666666,2018,DB,91423,2024-05-23 00:00:00,,,1.0,1.0,,,,deduplicated_matched,14419 W. Riverside Dr.,34.154216,-118.326101
3324 N. Chapman St.,90065.0,13.0,2018,1.0,7,0.1428571428571428,2018,DB,90065,2022-09-14 00:00:00,,,1.0,,,,,deduplicated_matched,3324 N. Chapman St.,34.1213153,-118.24316
1053 S. Fedora St.,90006.0,10.0,2018,5.0,40,0.125,2018,DB,90006,,,,5.0,,,,,deduplicated_matched,1053 S. Fedora St.,34.0546991,-118.2979644
599 W. Avenue 28,90005.0,1.0,2018,1.0,10,0.1,2018,DB,90005,2022-01-31 00:00:00,,,1.0,,,,,deduplicated_matched,599 W. Avenue,34.3123172,-118.4816555
901 N. Vine St.,90038.0,13.0,2018,7.0,70,0.1,2018,DB,90038,2022-05-17 00:00:00,,,7.0,,,,,deduplicated_matched,901 N. Vine St.,34.087294,-118.3272911
1223 N. Edgemont St.,90029.0,13.0,2018,1.0,13,0.0769230769230769,2018,DB,90029,2021-02-08 00:00:00,,,1.0,,,,,deduplicated_matched,1223 N. Edgemont St.,34.0941248,-118.2964961
1644 S. Malcolm Ave.,90024.0,5.0,2018,1.0,14,0.0714285714285714,2018,DB,90024,2022-11-30 00:00:00,,,1.0,,,,,deduplicated_matched,1644 S. Malcolm Ave.,34.0529673,-118.4368061
14912 W. Wyandotte Ave.,91405.0,6.0,2018,1.0,10,0.1,2018,DB,91405,2021-06-14 00:00:00,,,1.0,,,,,deduplicated_matched,14912 W. Wyandotte Ave.,34.2030335,-118.4393107
1775 N. Sycamore Ave.,90028.0,13.0,2018,10.0,65,0.1538461538461538,2018,DB,90028,,,,,10.0,,,,deduplicated_matched,1775 N. Sycamore Ave.,34.1033652,-118.3436266
1750 N. Glendale Blvd.,90026.0,13.0,2018,8.0,70,0.1142857142857142,2018,DB,90026,2023-06-01 00:00:00,,,8.0,,,,,deduplicated_matched,1750 N. Glendale Blvd.,34.0868565,-118.2597539
1323 S. Orange Grove Ave.,90017.0,10.0,2018,5.0,61,0.081967213114754,2018,DB,90017,2021-03-16 00:00:00,,,5.0,,,,,deduplicated_matched,1323 S. Orange Grove Ave.,34.0525471,-118.3654384
647 N. Beachwood Dr.,90038.0,13.0,2018,5.0,52,0.0961538461538461,2018,DB,90038,2022-03-22 00:00:00,,,5.0,,,,,deduplicated_matched,647 N. Beachwood Dr.,34.08303,-118.32194
3618 S. Dunn Drive,90004.0,5.0,2018,3.0,29,0.1034482758620689,2018,DB,90004,2020-07-31 00:00:00,,,3.0,,,,,deduplicated_matched,3618 S. Dunn Drive,34.0269505,-118.4023618
1301 W. Sunset Blvd.,90026.0,1.0,2018,4.0,45,0.0888888888888888,2018,DB,90026,,,,4.0,,,,,deduplicated_matched,1301 W. Sunset Blvd.,34.0715791,-118.250154
667 N. Wilton Pl.,90004.0,13.0,2018,3.0,34,0.088235294117647,2018,DB,90004,2023-01-17 00:00:00,,,3.0,,,,,deduplicated_matched,667 N. Wilton Pl.,34.0831491,-118.3138346
6240 W. Sunset Blvd.,90028.0,13.0,2018,12.0,200,0.06,2018,DB,90028,,,,9.0,,,3.0,,deduplicated_matched,6240 W. Sunset Blvd.,34.0978678,-118.3251254
800 S. Harvard Blvd.,90005.0,10.0,2018,11.0,131,0.0839694656488549,2018,DB,90005,2021-02-12 00:00:00,,,11.0,,,,,deduplicated_matched,800 S. Harvard Blvd.,34.05747,-118.30403
1827 S. Midvale Ave.,90025.0,5.0,2018,2.0,17,0.1176470588235294,2018,DB,90025,2021-02-26 00:00:00,,,2.0,,,,,deduplicated_matched,1827 S. Midvale Ave.,34.0485392,-118.4375301
7823 S. Main St.,90003.0,9.0,2018,4.0,47,0.0851063829787234,2018,DB,90003,,,,4.0,,,,,deduplicated_matched,7823 S. Main St.,33.9681191,-118.2742732
330 N. Patton St.,90026.0,1.0,2018,3.0,32,0.09375,2018,DB,90026,2023-01-09 00:00:00,,,3.0,,,,,deduplicated_matched,330 N. Patton St.,33.7453981,-118.3062626
1008 N. Myra Ave.,90029.0,13.0,2018,3.0,27,0.1111111111111111,2018,DB,90029,,,,3.0,,,,,deduplicated_matched,1008 N. Myra Ave.,34.0898846,-118.2838626
954 S. Catalina St.,90006.0,10.0,2018,3.0,19,0.1578947368421052,2018,DB,90006,,,,,3.0,,,,deduplicated_matched,954 S. Catalina St.,34.0539754,-118.2942886
5125 S. Avalon Blvd.,90011.0,9.0,2018,3.0,28,0.1071428571428571,2018,DB,90011,,,,,3.0,,,,deduplicated_matched,5125 S. Avalon Blvd.,33.9958287,-118.2654487
767 N. Avenue 50,90042.0,1.0,2018,2.0,17,0.1176470588235294,2018,DB,90042,,,,2.0,,,,,deduplicated_matched,767 N. Avenue,33.7828791,-118.2665136
1101 S. Bedford St.,90035.0,5.0,2018,1.0,10,0.1,2018,DB,90035,2023-12-29 00:00:00,,,1.0,,,,,deduplicated_matched,1101 S. Bedford St.,34.0571345,-118.3804228
5750 W. Hollywood Blvd.,90028.0,13.0,2018,14.0,161,0.0869565217391304,2018,DB,90028,2022-05-19 00:00:00,,,14.0,,,,,deduplicated_matched,5750 W. Hollywood Blvd.,34.1013471,-118.3146819
5122 W. Maplewood Ave.,90004.0,13.0,2018,2.0,24,0.0833333333333333,2018,TOC,90004,2021-06-25 00:00:00,2.0,,,,,,,deduplicated_matched,5122 W. Maplewood Ave.,34.0799817,-118.3144369
9543 S. Compton Ave.,90003.0,15.0,2018,2.0,17,0.1176470588235294,2018,DB,90003,2022-03-01 00:00:00,,,2.0,,,,,deduplicated_matched,9543 S. Compton Ave.,33.9198476,-118.2462306
7025 S. Main St.,90003.0,9.0,2018,1.0,11,0.0909090909090909,2018,DB,90003,,,,1.0,,,,,deduplicated_matched,7025 S. Main St.,33.9757978,-118.2742398
10240 N. Commerce Ave.,91042.0,7.0,2018,3.0,36,0.0833333333333333,2018,DB,91042,2021-03-09 00:00:00,,,3.0,,,,,deduplicated_matched,10240 N. Commerce Ave.,34.2553547,-118.2882876
5608 W. La Mirada Ave.,90038.0,13.0,2018,1.0,13,0.0769230769230769,2018,DB,90038,,,,1.0,,,,,deduplicated_matched,5608 W. La Mirada Ave.,34.0935223,-118.3112632
8719 N. Variel Ave.,91304.0,3.0,2018,2.0,19,0.1052631578947368,2018,DB,91304,,,,,2.0,,,,deduplicated_matched,8719 N. Variel Ave.,34.2284507,-118.5930794
329 S. Rampart Blvd.,90057.0,1.0,2018,8.0,53,0.1509433962264151,2018,DB,90057,,,,5.0,3.0,,,,deduplicated_matched,329 S. Rampart Blvd.,34.0656942,-118.2795543
428 S. Robertson Blvd.,90048.0,5.0,2018,3.0,37,0.081081081081081,2018,TOC,90048,2020-06-18 00:00:00,3.0,,,,,,,deduplicated_matched,428 S. Robertson Blvd.,34.071317,-118.383461
10608 W. Santa Monica Blvd.,90025.0,5.0,2018,3.0,28,0.1071428571428571,2018,TOC,90025,2020-12-14 00:00:00,3.0,,,,,,,deduplicated_matched,10608 W. Santa Monica Blvd.,34.0532899,-118.42955
5022 N. Whitsett Ave.,91607.0,2.0,2018,1.0,9,0.1111111111111111,2018,DB,91607,2021-12-17 00:00:00,,,,1.0,,,,deduplicated_matched,5022 N. Whitsett Ave.,34.1618431,-118.404885
5637 W. Lexington Ave.,90038.0,13.0,2018,3.0,37,0.081081081081081,2018,DB,90038,2021-02-10 00:00:00,,,3.0,,,,,deduplicated_matched,5637 W. Lexington Ave.,34.1516759,-118.2631361
16101 S. Figueroa St.,90248.0,15.0,2018,3.0,36,0.0833333333333333,2018,DB,90248,,,,3.0,,,,,deduplicated_matched,16101 S. Figueroa St.,33.8848919,-118.282909
5050 W. Pico Blvd.,90019.0,10.0,2018,8.0,79,0.1012658227848101,2018,TOC,90019,2022-01-28 00:00:00,8.0,,,,,,,deduplicated_matched,5050 W. Pico Blvd.,34.0476313,-118.3479033
862 N. Moraga Dr.,90049.0,5.0,2018,1.0,13,0.0769230769230769,2018,DB,90049,2022-10-24 00:00:00,,,1.0,,,,,deduplicated_matched,862 N. Moraga Dr.,34.0792121,-118.4680048
11620 W. Chenault St.,90049.0,11.0,2018,3.0,22,0.1363636363636363,2018,DB,90049,,,,3.0,,,,,deduplicated_matched,11620 W. Chenault St.,34.0574742,-118.465621
505 N. Marine Ave.,90744.0,15.0,2018,17.0,17,1.0,2018,DB,90744,2022-02-10 00:00:00,,,,17.0,,,,deduplicated_matched,505 N. Marine Ave.,33.7757265,-118.2637895
1525 N. Hobart Blvd.,90027.0,13.0,2018,2.0,21,0.0952380952380952,2018,DB,90027,,,,2.0,,,,,deduplicated_matched,1525 N. Hobart Blvd.,34.0988804,-118.3061484
410 E. Florence Ave.,90003.0,9.0,2018,50.0,51,0.9803921568627452,2018,TOC,90003,2022-07-01 00:00:00,50.0,,,,,,,deduplicated_matched,410 E. Florence Ave.,33.9743272,-118.2670459
4121 W. Santa Monica Blvd.,90029.0,13.0,2018,5.0,41,0.1219512195121951,2018,TOC,90029,2020-03-10 00:00:00,5.0,,,,,,TOC Tier 3,deduplicated_matched,4121 W. Santa Monica Blvd.,34.0920978,-118.2824281
4749 W. Elmwood Ave.,90004.0,13.0,2018,1.0,14,0.0714285714285714,2018,DB,90004,2022-03-08 00:00:00,,,1.0,,,,,deduplicated_matched,4749 W. Elmwood Ave.,34.168808,-118.3098034
221 W. E St.,90744.0,15.0,2018,10.0,10,1.0,2018,DB,90744,2022-08-30 00:00:00,,,,10.0,,,,deduplicated_matched,221 W. E St.,33.7704876,-118.2870807
3737 S. Motor Ave.,90034.0,5.0,2018,3.0,30,0.1,2018,TOC,90034,2022-04-11 00:00:00,3.0,,,,,,TOC Tier 3,deduplicated_matched,3737 S. Motor Ave.,34.0214734,-118.4053771
5300 W. Adams Blvd.,90016.0,10.0,2018,1.0,8,0.125,2018,TOC,90016,2024-06-13 00:00:00,,,1.0,,,,TOC Tier 1,deduplicated_matched,5300 W. Adams Blvd.,34.0321413,-118.3588801
264 S. Union Ave.,90026.0,1.0,2018,1.0,12,0.0833333333333333,2018,DB,90026,,,,1.0,,,,,deduplicated_matched,264 S. Union Ave.,34.0617983,-118.2671777
4806 Sylmar Avenue,91423.0,4.0,2018,1.0,11,0.0909090909090909,2018,DB,91423,2021-09-02 00:00:00,,,1.0,,,,,deduplicated_matched,4806 Sylmar Avenue,34.1578442,-118.4463521
1021 S. Shenandoah St.,90035.0,5.0,2018,2.0,21,0.0952380952380952,2018,DB,90035,2024-04-29 00:00:00,,,2.0,,,,,deduplicated_matched,1021 S. Shenandoah St.,34.0586639,-118.3816714
825 S. Kingsley Dr.,90005.0,10.0,2018,8.0,90,0.0888888888888888,2018,DB,90005,,,,8.0,,,,,deduplicated_matched,825 S. Kingsley Dr.,34.0570018,-118.30334
1056 S. La Cienega Blvd.,90035.0,5.0,2018,8.0,90,0.0888888888888888,2018,DB,90035,,,,8.0,,,,,deduplicated_matched,1056 S. La Cienega Blvd.,34.0578603,-118.3759788
4800 S. Avalon Blvd.,90011.0,9.0,2018,3.0,33,0.0909090909090909,2018,TOC,90011,2021-05-03 00:00:00,3.0,,,,,,TOC Tier 1,deduplicated_matched,4800 S. Avalon Blvd.,33.9995967,-118.2648518
8521 S. Sepulveda Blvd.,90045.0,11.0,2018,8.0,87,0.0919540229885057,2018,TOC,90045,2024-07-22 00:00:00,8.0,,,,,,TOC Tier 2,deduplicated_matched,8521 S. Sepulveda Blvd.,33.9605033,-118.3967302
552 N. Hobart Blvd.,90004.0,13.0,2018,2.0,26,0.0769230769230769,2018,DB,90004,2021-10-08 00:00:00,,,2.0,,,,,deduplicated_matched,552 N. Hobart Blvd.,34.0813939,-118.3054692
14307 W. Friar St.,91401.0,6.0,2018,6.0,30,0.2,2018,DB,91401,2021-12-22 00:00:00,,,4.0,2.0,,,,deduplicated_matched,14307 W. Friar St.,34.1859052,-118.4447108
5910 W. Saturn St.,90035.0,10.0,2018,4.0,45,0.0888888888888888,2018,DB,90035,,,,4.0,,,,,deduplicated_matched,5910 W. Saturn St.,34.0497324,-118.3684771
955 S. Fedora St.,90006.0,10.0,2018,6.0,60,0.1,2018,DB,90006,,,,5.0,1.0,,,,deduplicated_matched,955 S. Fedora St.,34.0546991,-118.2979644
505 W. 31st St.,90007.0,9.0,2018,8.0,73,0.1095890410958904,2018,DB,90007,2022-01-27 00:00:00,,,,6.0,2.0,,,deduplicated_matched,505 W. 31st St.,34.0239409,-118.277356
11272 W. Nebraska Ave.,90025.0,11.0,2018,3.0,24,0.125,2018,TOC,90025,2021-07-23 00:00:00,3.0,,,,,,,deduplicated_matched,11272 W. Nebraska Ave.,34.0456186,-118.4433624
2602 S. Orange Dr.,90016.0,10.0,2018,3.0,25,0.12,2018,TOC,90016,2024-01-12 00:00:00,,,3.0,,,,,deduplicated_matched,2602 S. Orange Dr.,34.03224,-118.3533
5610 N. Camellia Ave.,91601.0,2.0,2018,6.0,62,0.0967741935483871,2018,TOC,91601,2021-11-23 00:00:00,6.0,,,,,,TOC Tier 2,deduplicated_matched,5610 N. Camellia Ave.,34.1724413,-118.3818699
609 N. Dillon St.,90026.0,13.0,2018,5.0,52,0.0961538461538461,2018,TOC,90026,2022-09-19 00:00:00,5.0,,,,,,TOC Tier 1,deduplicated_matched,609 N. Dillon St.,34.0787096,-118.2792293
5335 W. Adams Blvd.,90016.0,10.0,2018,7.0,60,0.1166666666666666,2018,TOC,90016,2021-04-12 00:00:00,,,7.0,,,,TOC Tier 1,deduplicated_matched,5335 W. Adams Blvd.,34.03268,-118.3593
166 S. Alvarado St.,90057.0,1.0,2018,83.0,84,0.988095238095238,2018,TOC,90057,2022-11-30 00:00:00,7.0,,4.0,72.0,,,TOC Tier 3,deduplicated_matched,166 S. Alvarado St.,34.0649187,-118.2712599
13724 W. Victory Blvd.,91401.0,2.0,2018,4.0,67,0.0597014925373134,2018,DB,91401,2022-02-14 00:00:00,,,4.0,,,,,deduplicated_matched,13724 W. Victory Blvd.,34.1864751,-118.4676387
1901 W. Blake Ave.,90039.0,13.0,2018,5.0,52,0.0961538461538461,2018,DB,90039,2022-08-01 00:00:00,,,5.0,,,,,deduplicated_matched,1901 W. Blake Ave.,34.0985561,-118.2435697
708 S. New Depot St.,90012.0,1.0,2018,3.0,33,0.0909090909090909,2018,DB,90012,,,,3.0,,,,,deduplicated_matched,708 S. New Depot St.,34.0650122,-118.2422531
3415 W. Bellevue Ave.,90026.0,13.0,2018,3.0,14,0.2142857142857142,2018,DB,90026,,,,2.0,1.0,,,,deduplicated_matched,3415 W. Bellevue Ave.,34.0676347,-118.2518376
11588 W. Pico Blvd.,90064.0,11.0,2018,2.0,21,0.0952380952380952,2018,DB,90064,,,,2.0,,,,,deduplicated_matched,11588 W. Pico Blvd.,34.0324497,-118.4436118
924 S. Catalina St.,90006.0,10.0,2018,3.0,30,0.1,2018,TOC,90006,2022-08-15 00:00:00,3.0,,,,,,TOC Tier 3,deduplicated_matched,924 S. Catalina St.,34.0549444,-118.2951021
916 N. Alvarado St.,90026.0,13.0,2018,3.0,27,0.1111111111111111,2018,TOC,90026,2022-10-18 00:00:00,3.0,,,,,,TOC Tier 3,deduplicated_matched,916 N. Alvarado St.,34.0757944,-118.2642882
1255 S. Elden Ave.,90006.0,1.0,2018,92.0,93,0.989247311827957,2018,DB,90006,2020-06-04 00:00:00,,,,92.0,,,,deduplicated_matched,1255 S. Elden Ave.,34.0474467,-118.2878866
846 S. Mariposa Ave.,90005.0,10.0,2018,6.0,38,0.1578947368421052,2018,TOC,90005,2022-01-14 00:00:00,4.0,,1.0,1.0,,,TOC Tier 3,deduplicated_matched,846 S. Mariposa Ave.,34.0563423,-118.2985822
6600 N. Van Nuys Blvd.,90029.0,6.0,2018,6.0,54,0.1111111111111111,2018,DB,90029,2024-11-12 00:00:00,,,6.0,,,,,deduplicated_matched,6600 N. Van Nuys Blvd.,34.2120075,-118.4491617
7401 N. Lankershim Blvd.,91605.0,2.0,2018,9.0,108,0.0833333333333333,2018,TOC,91605,2021-04-23 00:00:00,9.0,,,,,,TOC Tier 1,deduplicated_matched,7401 N. Lankershim Blvd.,34.2049402,-118.3883429
11280 W. Peach Grove St.,91601.0,2.0,2018,2.0,21,0.0952380952380952,2018,TOC,91601,2021-06-22 00:00:00,2.0,,,,,,TOC Tier 1,deduplicated_matched,11280 W. Peach Grove St.,34.1590015,-118.3771499
13654 W. Bassett St.,91405.0,2.0,2018,2.0,19,0.1052631578947368,2018,DB,91405,2021-01-11 00:00:00,,,2.0,,,,,deduplicated_matched,13654 W. Bassett St.,34.1955909,-118.4309596
1901 N. Echo Park Ave.,90026.0,13.0,2018,1.0,13,0.0769230769230769,2018,DB,90026,2021-01-07 00:00:00,,,1.0,,,,,deduplicated_matched,1901 N. Echo Park Ave.,34.0865077,-118.2521527
5360 W. San Vicente Blvd.,90019.0,10.0,2018,1.0,8,0.125,2018,DB,90019,,,,1.0,,,,,deduplicated_matched,5360 W. San Vicente Blvd.,34.0553087,-118.357837
6211 S. Vermont Ave.,90044.0,8.0,2018,15.0,15,1.0,2018,DB,90044,,,,,15.0,,,,deduplicated_matched,6211 S. Vermont Ave.,33.9828178,-118.2917461
12071 W. Wilshire Blvd.,90025.0,11.0,2018,2.0,12,0.1666666666666666,2018,DB,90025,,,,2.0,,,,,deduplicated_matched,12071 W. Wilshire Blvd.,34.044622,-118.4671995
2108 E. 1st St.,90033.0,14.0,2018,1.0,4,0.25,2018,Other/Discretionary,90033,2019-12-05 00:00:00,,,,1.0,,,UDU,deduplicated_matched,2108 E. 1st St.,34.044564,-118.2135026
16515 W. Victory Blvd.,91406.0,6.0,2018,1.0,8,0.125,2018,Other/Discretionary,91406,,,,,,1.0,,UDU,deduplicated_matched,16515 W. Victory Blvd.,34.1864904,-118.4720437
1612 W. 81st St.,90047.0,8.0,2018,1.0,4,0.25,2018,Other/Discretionary,90047,,,,,,1.0,,UDU,deduplicated_matched,1612 W. 81st St.,33.9652681,-118.3051628
1238 1/2 N. June St.,90038.0,13.0,2018,1.0,3,0.3333333333333333,2018,Other/Discretionary,90038,2018-12-08 00:00:00,,,,,1.0,,UDU,deduplicated_matched,1238/2 N. June St.,34.0937301,-118.33396
920 W. 49th St.,90037.0,9.0,2018,1.0,4,0.25,2018,Other/Discretionary,90037,,,,1.0,,,,UDU,deduplicated_matched,920 W. 49th St.,33.99848060000001,-118.2899452
651 W. 12th St.,90731.0,14.0,2018,1.0,10,0.1,2018,Other/Discretionary,90731,2018-08-09 00:00:00,,,,,1.0,,UDU,deduplicated_matched,651 W. 12th St.,34.041844,-118.2662542
11525 W. Chandler Blvd.,91601.0,2.0,2018,6.0,60,0.1,2018,Other/Discretionary,91601,2024-05-16 00:00:00,,,,3.0,3.0,,Vesting Zone Change,deduplicated_matched,11525 W. Chandler Blvd.,34.1687887,-118.4466606
10002 1/2 N. Pinewood Ave.,91042.0,7.0,2018,1.0,4,0.25,2018,Other/Discretionary,91042,2019-11-27 00:00:00,,,,,1.0,,UDU,deduplicated_matched,10002/2 N. Pinewood Ave.,34.2502685,-118.2857735
2551 1/2 W. Avenue 31,90065.0,1.0,2018,1.0,4,0.25,2018,Other/Discretionary,90065,2018-06-30 00:00:00,,,,1.0,,,UDU,deduplicated_matched,2551/2 W. Avenue,34.3123172,-118.4816555
2033 N. Vista Del Mar Ave.,90068.0,4.0,2018,2.0,12,0.1666666666666666,2018,Other/Discretionary,90068,2019-03-28 00:00:00,,,,,2.0,,Zoning Variance,deduplicated_matched,2033 N. Vista Del Mar Ave.,34.1079999,-118.32415
4307 W. Russell Ave.,90027.0,4.0,2018,1.0,3,0.3333333333333333,2018,Other/Discretionary,90027,2019-04-17 00:00:00,,,,,1.0,,UDU,deduplicated_matched,4307 W. Russell Ave.,34.1047042,-118.2834356
1376 W. 37th Pl.,90007.0,8.0,2018,1.0,5,0.2,2018,Other/Discretionary,90007,2019-08-10 00:00:00,,,1.0,,,,UDU,deduplicated_matched,1376 W. 37th Pl.,34.0198208,-118.2997238
1371 W. 37th St.,90007.0,8.0,2018,1.0,3,0.3333333333333333,2018,Other/Discretionary,90007,2019-09-26 00:00:00,,,,1.0,,,UDU,deduplicated_matched,1371 W. 37th St.,34.0211409,-118.2995808
200 N. Edgemont St.,90004.0,10.0,2018,1.0,15,0.0666666666666666,2018,Other/Discretionary,90004,2018-07-09 00:00:00,,,,1.0,,,UDU,deduplicated_matched,200 N. Edgemont St.,34.0753591,-118.2971971
21 E. Voyage St.,90292.0,11.0,2018,1.0,3,0.3333333333333333,2018,Other/Discretionary,90292,,,,,,1.0,,UDU,deduplicated_matched,21 E. Voyage St.,33.9677031,-118.4565348
10 E. Anchorage St.,90292.0,11.0,2018,1.0,5,0.2,2018,Other/Discretionary,90292,2020-10-29 00:00:00,,,,,1.0,,UDU,deduplicated_matched,10 E. Anchorage St.,33.9786735,-118.4661187
"29 E. Lighthouse St., Unit #1, #2, #3",90292.0,11.0,2018,1.0,3,0.3333333333333333,2018,Other/Discretionary,90292,4/12/2021 (Term.),,,,,1.0,,UDU,deduplicated_matched,"29 E. Lighthouse St., Unit #1, #2, #3",33.9732599,-118.4607631
474 W. Casanova St.,90012.0,1.0,2018,1.0,5,0.2,2018,Other/Discretionary,90012,2019-02-04 00:00:00,,,,1.0,,,UDU,deduplicated_matched,474 W. Casanova St.,34.0732972,-118.230081
1945 S. Glendon Ave.,90025.0,5.0,2018,1.0,17,0.0588235294117647,2018,Other/Discretionary,90025,2018-08-16 00:00:00,,,,,1.0,,Zoning Variance,deduplicated_matched,1945 S. Glendon Ave.,34.047422,-118.4338574
25 E. Lighthouse St.,90292.0,11.0,2018,1.0,3,0.3333333333333333,2018,Other/Discretionary,90292,,,,,,1.0,,UDU,deduplicated_matched,25 E. Lighthouse St.,33.9732018,-118.4608695
409 E. Rialto Ave.,90291.0,11.0,2018,1.0,2,0.5,2018,Other/Discretionary,90291,2019-09-24 00:00:00,,,,,1.0,,Mello Act Compliance,deduplicated_matched,409 E. Rialto Ave.,33.9890916,-118.4688549
1420 S. Bonnie Brae St.,90006.0,1.0,2018,2.0,29,0.0689655172413793,2018,Other/Discretionary,90006,,,,,2.0,,,Zoning Variance,deduplicated_matched,1420 S. Bonnie Brae St.,34.0436682,-118.2810974
3101 S. Bagley Ave.,90034.0,5.0,2018,1.0,10,0.1,2018,Other/Discretionary,90034,2018-11-02 00:00:00,,,,,1.0,,UDU,deduplicated_matched,3101 S. Bagley Ave.,34.0334318,-118.3954817
1060 1/2 51st Pl.,90037.0,9.0,2018,1.0,3,0.3333333333333333,2018,Other/Discretionary,90037,2019-10-11 00:00:00,,,,1.0,,,UDU,deduplicated_matched,1060/2 51st Pl.,33.9957824,-118.2936597
12762 W. Vanowen St.,91605.0,2.0,2018,1.0,7,0.1428571428571428,2018,Other/Discretionary,91605,,,,,1.0,,,UDU,deduplicated_matched,12762 W. Vanowen St.,34.1936411,-118.4117069
5514 W. Sierra Vista Ave.,90038.0,13.0,2018,1.0,29,0.0344827586206896,2018,Other/Discretionary,90038,2019-12-26 00:00:00,,,,1.0,,,UDU,deduplicated_matched,5514 W. Sierra Vista Ave.,34.0894364,-118.3120351
1638 W. 206th St.,90501.0,15.0,2018,1.0,5,0.2,2018,Other/Discretionary,90501,2019-01-18 00:00:00,,,,1.0,,,UDU,deduplicated_matched,1638 W. 206th St.,33.8436102,-118.3080893
3735 S. Bagley Ave.,90034.0,5.0,2018,1.0,30,0.0333333333333333,2018,Other/Discretionary,90034,2020-08-11 00:00:00,,,,,1.0,,UDU,deduplicated_matched,3735 S. Bagley Ave.,34.0265984,-118.3963185
12 E. Lighthouse St.,90292.0,11.0,2018,1.0,4,0.25,2018,Other/Discretionary,90292,5/7/21 (Term.),,,,,1.0,,UDU,deduplicated_matched,12 E. Lighthouse St.,33.9727175,-118.4609335
9324 1/2 S. Holmes Ave.,90002.0,15.0,2018,1.0,3,0.3333333333333333,2018,Other/Discretionary,90002,2019-01-24 00:00:00,,,,1.0,,,UDU,deduplicated_matched,9324/2 S. Holmes Ave.,33.9517473,-118.240557
7131 N. Baird Ave.,91335.0,3.0,2018,5.0,40,0.125,2018,Other/Discretionary,91335,,2.0,,3.0,,,,Vesting Zone Change,deduplicated_matched,7131 N. Baird Ave.,34.2001079,-118.5376239
9131 Darby Ave.,91325.0,12.0,2018,17.0,146,0.1164383561643835,2018,Other/Discretionary,91325,2021-07-01 00:00:00,,,17.0,,,,Vesting Zone Change and height District Change,deduplicated_matched,9131 Darby Ave.,34.2360976,-118.5341271
1652 W. 207th St.,90501.0,15.0,2018,1.0,6,0.1666666666666666,2018,Other/Discretionary,90501,2019-01-15 00:00:00,,,1.0,,,,UDU,deduplicated_matched,1652 W. 207th St.,33.8426357,-118.3084602
245 S. Serrano Ave.,90004.0,10.0,2018,1.0,54,0.0185185185185185,2018,Other/Discretionary,90004,2019-11-25 00:00:00,,,,1.0,,,Zoning Variance,deduplicated_matched,245 S. Serrano Ave.,34.0696548,-118.307125
1644 W. 206th St.,90501.0,15.0,2018,1.0,5,0.2,2018,Other/Discretionary,90501,2019-01-15 00:00:00,,,,1.0,,,UDU,deduplicated_matched,1644 W. 206th St.,33.84359680000001,-118.3083
723 W. 20th St.,90731.0,1.0,2018,1.0,5,0.2,2018,Other/Discretionary,90731,2019-02-11 00:00:00,,,,,1.0,,UDU,deduplicated_matched,723 W. 20th St.,33.725815,-118.2929875
619 N. Hayworth Ave.,90048.0,5.0,2018,1.0,9,0.1111111111111111,2018,Other/Discretionary,90048,2019-06-25 00:00:00,,,,,1.0,,UDU,deduplicated_matched,619 N. Hayworth Ave.,34.0821739,-118.3630422
3334 1/2 N. Drew St.,90065.0,13.0,2018,1.0,6,0.1666666666666666,2018,Other/Discretionary,90065,2019-11-14 00:00:00,,,1.0,,,,UDU,deduplicated_matched,3334/2 N. Drew St.,34.1205206,-118.2418625
661 N. Echandia St.,90033.0,14.0,2018,1.0,3,0.3333333333333333,2018,Other/Discretionary,90033,2019-08-09 00:00:00,,,,1.0,,,UDU,deduplicated_matched,661 N. Echandia St.,34.0544249,-118.2179488
3536 S. Hughes Ave.,90034.0,5.0,2018,4.0,16,0.25,2018,Other/Discretionary,90034,,,,,,4.0,,UDU,deduplicated_matched,3536 S. Hughes Ave.,34.0283769,-118.402316
3423 1/2 S. Walton Ave.,90007.0,8.0,2018,1.0,4,0.25,2018,Other/Discretionary,90007,2019-08-26 00:00:00,,,,1.0,,,UDU,deduplicated_matched,3423/2 S. Walton Ave.,34.0248348,-118.2951417
6000 W. Comey Ave.,90034.0,10.0,2018,1.0,5,0.2,2018,Other/Discretionary,90034,2023-03-22 00:00:00,,,,,1.0,,UDU,deduplicated_matched,6000 W. Comey Ave.,34.033837,-118.3748174
4427 S. Centinela Ave.,90066.0,11.0,2018,1.0,3,0.3333333333333333,2018,Other/Discretionary,90066,2021-02-23 00:00:00,,,,,1.0,,UDU,deduplicated_matched,4427 S. Centinela Ave.,33.9934983,-118.4245022
6929 N. Radford Ave.,91605.0,2.0,2018,1.0,6,0.1666666666666666,2018,Other/Discretionary,91605,2021-10-13 00:00:00,,,,1.0,,,UDU,deduplicated_matched,6929 N. Radford Ave.,34.1966975,-118.3924774
1362 1/2 W. 30th St.,90007.0,8.0,2018,1.0,3,0.3333333333333333,2018,Other/Discretionary,90007,2019-02-07 00:00:00,,,,1.0,,,UDU,deduplicated_matched,1362/2 W. 30th St.,34.0276116,-118.2935851
1309 1/2 E. 43rd St.,90011.0,9.0,2018,1.0,4,0.25,2018,Other/Discretionary,90011,2021-01-28 00:00:00,,,,1.0,,,UDU,deduplicated_matched,1309/2 E. 43rd St.,34.00586699999999,-118.2517203
1542 S. Wooster St.,90212.0,5.0,2018,1.0,9,0.1111111111111111,2018,Other/Discretionary,90212,2020-02-11 00:00:00,,,,,1.0,,UDU,deduplicated_matched,1542 S. Wooster St.,34.0506759,-118.3828689
126 1/2 W. 40th Pl.,90037.0,9.0,2018,1.0,5,0.2,2018,Other/Discretionary,90037,2021-10-14 00:00:00,,,,1.0,,,UDU,deduplicated_matched,126/2 W. 40th Pl.,34.0099301,-118.2748336
6916 N. Agnes Ave.,91605.0,2.0,2018,1.0,6,0.1666666666666666,2018,Other/Discretionary,91605,2021-03-25 00:00:00,,,,1.0,,,UDU,deduplicated_matched,6916 N. Agnes Ave.,34.1539898,-118.3953981
905 3/4 N. Robinson St.,90026.0,13.0,2018,1.0,5,0.2,2018,Other/Discretionary,90026,,,,,,1.0,,UDU,deduplicated_matched,905/4 N. Robinson St.,34.0833762,-118.2776718
4056 S. Dalton Ave.,90062.0,8.0,2018,1.0,4,0.25,2018,Other/Discretionary,90062,,,,,1.0,,,UDU,deduplicated_matched,4056 S. Dalton Ave.,34.0183922,-118.3039992
886 S. Hilgard Ave.,90025.0,5.0,2018,1.0,60,0.0166666666666666,2018,Other/Discretionary,90025,2019-11-15 00:00:00,,,,,1.0,,UDU,deduplicated_matched,886 S. Hilgard Ave.,34.06437349999999,-118.440823
5414 S. Crenshaw Blvd.,90043.0,8.0,2018,12.0,70,0.1714285714285714,2018,DB,90043,2020-04-13 00:00:00,,,,12.0,,,,deduplicated_matched,5414 S. Crenshaw Blvd.,33.99269990000001,-118.3302886
2423 E. 1st Street,90033.0,14.0,2018,28.0,29,0.9655172413793104,2018,DB,90033,2020-03-12 00:00:00,,,4.0,24.0,,,,deduplicated_matched,2423 E. 1st Street,34.0435425,-118.2089656
4050 S. Figueroa St.,90037.0,9.0,2018,56.0,57,0.9824561403508772,2018,DB,90037,2022-03-07 00:00:00,,,14.0,42.0,,,,deduplicated_matched,4050 S. Figueroa St.,34.0097838,-118.2825729
10966 W. Ratner St.,91352.0,6.0,2018,43.0,44,0.9772727272727272,2018,DB,91352,2020-08-12 00:00:00,,,7.0,36.0,,,,deduplicated_matched,10966 W. Ratner St.,34.2168174,-118.3693183
1044 E. Jefferson Blvd.,90011.0,9.0,2018,73.0,74,0.9864864864864864,2018,DB,90011,2019-08-12 00:00:00,,,10.0,63.0,,,,deduplicated_matched,1044 E. Jefferson Blvd.,34.01157,-118.25695
1532 W. Cambria St.,90017.0,1.0,2018,56.0,57,0.9824561403508772,2018,TOC,90017,2020-10-09 00:00:00,7.0,,,49.0,,,"TOC Tier 4, PSH, MP",deduplicated_matched,1532 W. Cambria St.,34.052636,-118.27105
459 S. Hartford Ave.,90017.0,1.0,2018,100.0,101,0.99009900990099,2018,DB,90017,2022-05-02 00:00:00,,,,100.0,,,Also PSH; MP,deduplicated_matched,459 S. Hartford Ave.,34.057063,-118.2638755
9041 N. Laurel Canyon Blvd.,91352.0,6.0,2018,95.0,96,0.9895833333333334,2018,Other/Discretionary,91352,2020-12-04 00:00:00,,,,95.0,,,,deduplicated_matched,9041 N. Laurel Canyon Blvd.,34.2323133,-118.4040899
519 E. 7th St.,90014.0,14.0,2018,80.0,81,0.9876543209876544,2018,Other/Discretionary,90014,2021-12-21 00:00:00,,,80.0,,,,Greater Downtown Housing Incentive,deduplicated_matched,519 E. 7th St.,34.0410821,-118.2468555
1127 N. Las Palmas Ave,90038.0,13.0,2018,124.0,124,1.0,2018,Other/Discretionary,90038,,,,14.0,,110.0,,"Vesting Zone Change, Height District Change",deduplicated_matched,1127 N. Las Palmas Ave,34.0916155,-118.3366189
401 E. 7th St.,90014.0,14.0,2018,98.0,99,0.98989898989899,2018,Other/Discretionary,90014,2021-01-27 00:00:00,,,98.0,,,,Greater Downtown Housing Incentive,deduplicated_matched,401 E. 7th St.,34.0420093,-118.2482824
326 S. Reno St.,90057.0,1.0,2017,6.0,65,0.0923076923076923,2017,DB,90057,2021-06-25 00:00:00,,,6.0,,,,,deduplicated_matched,326 S. Reno St.,34.06730270000001,-118.2835149
1836 N. Sichel St.,90031.0,14.0,2017,3.0,27,0.1111111111111111,2017,DB,90031,2018-11-01 00:00:00,,,3.0,,,,,deduplicated_matched,1836 N. Sichel St.,34.0651135,-118.2125141
3355 S. Overland Ave.,90064.0,5.0,2017,4.0,37,0.1081081081081081,2017,DB,90064,2023-03-28 00:00:00,,,4.0,,,,,deduplicated_matched,3355 S. Overland Ave.,34.0266796,-118.413386
4210 S. Del Rey Ave.,90292.0,11.0,2017,6.0,68,0.088235294117647,2017,DB,90292,2019-10-31 00:00:00,,,6.0,,,,,deduplicated_matched,4210 S. Del Rey Ave.,33.9871478,-118.4436492
5252 N. Willow Crest Ave.,91601.0,2.0,2017,3.0,25,0.12,2017,DB,91601,2021-06-24 00:00:00,,,3.0,,,,,deduplicated_matched,5252 N. Willow Crest Ave.,34.1664033,-118.3618609
8837 N. Burnet Ave.,91343.0,6.0,2017,1.0,12,0.0833333333333333,2017,DB,91343,,,,1.0,,,,,deduplicated_matched,8837 N. Burnet Ave.,34.2004009,-118.4623467
518 N. Gramercy Pl.,90004.0,13.0,2017,4.0,51,0.0784313725490196,2017,DB,90004,2019-08-01 00:00:00,,,4.0,,,,,deduplicated_matched,518 N. Gramercy Pl.,34.0809128,-118.3123085
933 E. Vernon Ave.,90011.0,9.0,2017,21.0,21,1.0,2017,DB,90011,2021-08-02 00:00:00,,,21.0,,,,,deduplicated_matched,933 E. Vernon Ave.,34.00409370000001,-118.259264
1846 N. Cherokee Ave.,90028.0,13.0,2017,3.0,20,0.15,2017,DB,90028,,,,,3.0,,,,deduplicated_matched,1846 N. Cherokee Ave.,34.1045037,-118.3344093
12905 W Landale St.,91604.0,4.0,2017,2.0,10,0.2,2017,DB,91604,2021-05-18 00:00:00,,,1.0,1.0,,,,deduplicated_matched,12905 W Landale St.,34.1523618,-118.4141424
22769 W. Del Valle St.,91364.0,3.0,2017,2.0,22,0.0909090909090909,2017,DB,91364,2019-08-15 00:00:00,,,2.0,,,,,deduplicated_matched,22769 W. Del Valle St.,34.1655084,-118.6226958
5066 Romaine St.,90029.0,13.0,2017,1.0,15,0.0666666666666666,2017,DB,90029,2020-08-17 00:00:00,,,1.0,,,,,deduplicated_matched,5066 Romaine St.,34.0882133,-118.3025365
150 N. Berendo St.,90004.0,10.0,2017,2.0,21,0.0952380952380952,2017,DB,90004,2017-03-07 00:00:00,,,2.0,,,,,deduplicated_matched,150 N. Berendo St.,34.0742593,-118.2938792
527 S. Wilton Pl.,90020.0,13.0,2017,1.0,14,0.0714285714285714,2017,DB,90020,2021-06-25 00:00:00,,,1.0,,,,,deduplicated_matched,527 S. Wilton Pl.,34.0645042,-118.314421
644 N. Normandie Ave.,90004.0,13.0,2017,1.0,12,0.0833333333333333,2017,DB,90004,2019-12-23 00:00:00,,,1.0,,,,,deduplicated_matched,644 N. Normandie Ave.,34.0825807,-118.3002093
1440 N. Gordon St.,90028.0,13.0,2017,5.0,41,0.1219512195121951,2017,DB,90028,2020-10-09 00:00:00,,,4.0,1.0,,,,deduplicated_matched,1440 N. Gordon St.,34.096906,-118.319793
2441 S. Sepulveda Blvd.,90064.0,5.0,2017,66.0,595,0.1109243697478991,2017,DB,90064,2020-07-15 00:00:00,,,66.0,,,,,deduplicated_matched,2441 S. Sepulveda Blvd.,34.0358135,-118.434533
4847 W. Oakwood Ave.,90004.0,13.0,2017,4.0,49,0.0816326530612244,2017,DB,90004,2021-11-05 00:00:00,,,4.0,,,,,deduplicated_matched,4847 W. Oakwood Ave.,34.0775707,-118.3129053
957 N. Figueroa Ter.,90012.0,1.0,2017,1.0,28,0.0357142857142857,2017,DB,90012,2021-10-29 00:00:00,,,1.0,,,,,deduplicated_matched,957 N. Figueroa Ter.,34.0678349,-118.243811
338 N. Mariposa Ave.,90064.0,13.0,2017,1.0,14,0.0714285714285714,2017,DB,90064,2021-12-08 00:00:00,,,1.0,,,,,deduplicated_matched,338 N. Mariposa Ave.,34.0774922,-118.2992955
662 S. Kelton Ave.,90024.0,5.0,2017,1.0,12,0.0833333333333333,2017,DB,90024,2020-10-23 00:00:00,,,1.0,,,,,deduplicated_matched,662 S. Kelton Ave.,34.0650383,-118.4525205
801 S. Berendo St.,90005.0,10.0,2017,9.0,98,0.0918367346938775,2017,DB,90005,2021-09-27 00:00:00,,,9.0,,,,,deduplicated_matched,801 S. Berendo St.,34.0575188,-118.2942914
1011 S. Serrano Ave.,90006.0,10.0,2017,9.0,104,0.0865384615384615,2017,DB,90006,2019-12-03 00:00:00,,,9.0,,,,,deduplicated_matched,1011 S. Serrano Ave.,34.0520292,-118.3065634
1265 S. Sterns Dr.,90035.0,5.0,2017,5.0,48,0.1041666666666666,2017,DB,90035,2022-02-25 00:00:00,,,5.0,,,,,deduplicated_matched,1265 S. Sterns Dr.,34.0526945,-118.3713497
1330 S. Federal Ave.,90025.0,11.0,2017,3.0,36,0.0833333333333333,2017,DB,90025,2021-09-22 00:00:00,,,3.0,,,,,deduplicated_matched,1330 S. Federal Ave.,34.04765500000001,-118.4562408
4247 N. Eagle Rock Bvld.,90065.0,1.0,2017,5.0,59,0.0847457627118644,2017,DB,90065,2019-05-16 00:00:00,,,5.0,,,,,deduplicated_matched,4247 N. Eagle Rock Bvld.,34.1228523,-118.2240625
4920 W. Melrose Ave.,90029.0,13.0,2017,4.0,45,0.0888888888888888,2017,DB,90029,2022-03-08 00:00:00,,,4.0,,,,,deduplicated_matched,4920 W. Melrose Ave.,34.0833299,-118.30758
5630 N. Fair Ave.,91601.0,2.0,2017,2.0,15,0.1333333333333333,2017,DB,91601,2019-03-06 00:00:00,,,1.0,1.0,,,,deduplicated_matched,5630 N. Fair Ave.,34.1730784,-118.3742362
5842 N. Carlton Way,90028.0,13.0,2017,2.0,18,0.1111111111111111,2017,DB,90028,2021-10-07 00:00:00,,,2.0,,,,,deduplicated_matched,5842 N. Carlton Way,34.1001337,-118.3173238
12616 W. Vanowen St.,91606.0,2.0,2017,1.0,6,0.1666666666666666,2017,DB,91606,2021-07-27 00:00:00,,,,1.0,,,,deduplicated_matched,12616 W. Vanowen St.,34.1936637,-118.4079292
12622 W. Vanowen St.,91606.0,2.0,2017,1.0,6,0.1666666666666666,2017,DB,91606,2021-07-28 00:00:00,,,,1.0,,,,deduplicated_matched,12622 W. Vanowen St.,34.1936631,-118.4081442
218 S. Occidental Blvd.,90057.0,13.0,2017,11.0,47,0.2340425531914893,2017,DB,90057,,,,6.0,5.0,,,,deduplicated_matched,218 S. Occidental Blvd.,34.068522,-118.2811
5012 S. Slauson Ave.,90230.0,11.0,2017,2.0,28,0.0714285714285714,2017,DB,90230,2020-07-16 00:00:00,,,2.0,,,,,deduplicated_matched,5012 S. Slauson Ave.,33.9946013,-118.407981
269 S. Mariposa Ave.,90004.0,10.0,2017,17.0,121,0.140495867768595,2017,DB,90004,2020-02-19 00:00:00,,,17.0,,,,,deduplicated_matched,269 S. Mariposa Ave.,34.0692679,-118.2994807
1127 S. Spaulding Ave.,90019.0,10.0,2017,1.0,13,0.0769230769230769,2017,DB,90019,2020-09-17 00:00:00,,,1.0,,,,,deduplicated_matched,1127 S. Spaulding Ave.,34.0554136,-118.3606245
1650 Sawtelle Blvd.,90025.0,11.0,2017,4.0,48,0.0833333333333333,2017,DB,90025,2022-08-24 00:00:00,,,4.0,,,,,deduplicated_matched,1650 Sawtelle Blvd.,34.0460264,-118.4477265
4220 W. Mont Clair St.,90018.0,10.0,2017,4.0,46,0.0869565217391304,2017,DB,90018,2022-06-30 00:00:00,,,4.0,,,,,deduplicated_matched,4220 W. Mont Clair St.,34.0317528,-118.3322255
4522 W. Lexington Ave.,90029.0,13.0,2017,1.0,9,0.1111111111111111,2017,DB,90029,,,,1.0,,,,,deduplicated_matched,4522 W. Lexington Ave.,34.1516759,-118.2631361
5773 W. Olympic Blvd.,90036.0,5.0,2017,1.0,11,0.0909090909090909,2017,DB,90036,2019-11-01 00:00:00,,,,1.0,,,,deduplicated_matched,5773 W. Olympic Blvd.,34.0577731,-118.3554266
14828 Rayen St.,91402.0,6.0,2017,1.0,14,0.0714285714285714,2017,DB,91402,2019-03-04 00:00:00,,,1.0,,,,,deduplicated_matched,14828 Rayen St.,34.2316624,-118.4561514
178 N. Alexandria Ave.,90004.0,10.0,2017,1.0,14,0.0714285714285714,2017,DB,90004,2022-09-30 00:00:00,,,1.0,,,,,deduplicated_matched,178 N. Alexandria Ave.,34.0750285,-118.2982111
849 N. Bunker Hill Ave.,90012.0,1.0,2017,2.0,37,0.054054054054054,2017,DB,90012,,,,2.0,,,,,deduplicated_matched,849 N. Bunker Hill Ave.,34.0644344,-118.2425982
1233 N. Highland Ave.,90038.0,13.0,2017,8.0,72,0.1111111111111111,2017,DB,90038,,,,8.0,,,,,deduplicated_matched,1233 N. Highland Ave.,34.0935297,-118.338809
1502 W. Rockwood St.,90026.0,13.0,2017,4.0,40,0.1,2017,DB,90026,,,,,4.0,,,,deduplicated_matched,1502 W. Rockwood St.,34.0628479,-118.2599483
1515 S. Holt Ave.,90035.0,5.0,2017,2.0,21,0.0952380952380952,2017,DB,90035,,,,2.0,,,,,deduplicated_matched,1515 S. Holt Ave.,34.0509013,-118.3791233
1755 N. Canyon Dr.,90028.0,13.0,2017,2.0,14,0.1428571428571428,2017,DB,90028,,,,2.0,,,,,deduplicated_matched,1755 N. Canyon Dr.,34.1032451,-118.3171656
3638 S. Motor Ave.,90034.0,5.0,2017,4.0,49,0.0816326530612244,2017,DB,90034,2021-12-06 00:00:00,,,4.0,,,,,deduplicated_matched,3638 S. Motor Ave.,34.024122,-118.4063027
3643 S. Empire Dr.,90034.0,5.0,2017,1.0,8,0.125,2017,DB,90034,2021-10-13 00:00:00,,,1.0,,,,,deduplicated_matched,3643 S. Empire Dr.,34.0253117,-118.4038869
5536 N. Fulcher Ave.,91601.0,2.0,2017,3.0,36,0.0833333333333333,2017,DB,91601,,,,3.0,,,,,deduplicated_matched,5536 N. Fulcher Ave.,34.171084,-118.3727759
5548 N. Elmer Ave.,91601.0,2.0,2017,2.0,15,0.1333333333333333,2017,DB,91601,2021-03-03 00:00:00,,,2.0,,,,,deduplicated_matched,5548 N. Elmer Ave.,34.1713649,-118.3761675
6630 W. Sunset Blvd.,90028.0,13.0,2017,4.0,40,0.1,2017,DB,90028,,,,4.0,,,,,deduplicated_matched,6630 W. Sunset Blvd.,34.0978256,-118.3343468
7077 W. Willoughby Ave.,90038.0,13.0,2017,14.0,169,0.0828402366863905,2017,DB,90038,2022-01-31 00:00:00,,,14.0,,,,,deduplicated_matched,7077 W. Willoughby Ave.,34.08719749999999,-118.3435665
7639 N. Van Nuys Blvd.,91405.0,6.0,2017,4.0,36,0.1111111111111111,2017,DB,91405,2019-10-08 00:00:00,,,4.0,,,,,deduplicated_matched,7639 N. Van Nuys Blvd.,34.2120075,-118.4491617
11408 W. Sarah St.,91601.0,2.0,2017,1.0,10,0.1,2017,DB,91601,2019-12-06 00:00:00,,,1.0,,,,,deduplicated_matched,11408 W. Sarah St.,34.1548175,-118.3486405
18535 W. Burbank Blvd.,91356.0,3.0,2017,1.0,13,0.0769230769230769,2017,DB,91356,2020-03-04 00:00:00,,,1.0,,,,,deduplicated_matched,18535 W. Burbank Blvd.,34.1725221,-118.6446463
1745 N. Western Ave.,90027.0,13.0,2017,3.0,24,0.125,2017,DB,90027,2020-05-05 00:00:00,,,3.0,,,,,deduplicated_matched,1745 N. Western Ave.,34.10314,-118.3096797
11050 W. Hartsook St.,91601.0,2.0,2017,3.0,48,0.0625,2017,DB,91601,,,,3.0,,,,,deduplicated_matched,11050 W. Hartsook St.,34.1639602,-118.4750835
5628 W. Harold Way,90028.0,13.0,2017,2.0,13,0.1538461538461538,2017,DB,90028,2021-05-24 00:00:00,,,2.0,,,,,deduplicated_matched,5628 W. Harold Way,34.0987315,-118.312376
11036 W. Moorpark St.,91602.0,2.0,2017,8.0,96,0.0833333333333333,2017,DB,91602,2021-03-22 00:00:00,,,8.0,,,,,deduplicated_matched,11036 W. Moorpark St.,34.1498415,-118.3718053
714 N. Sweetzer Ave.,90069.0,5.0,2017,2.0,26,0.0769230769230769,2017,DB,90069,2019-01-11 00:00:00,,,2.0,,,,,deduplicated_matched,714 N. Sweetzer Ave.,34.0842098,-118.3699549
820 W. Colden Ave.,90044.0,8.0,2017,2.0,9,0.2222222222222222,2017,DB,90044,,,,1.0,1.0,,,,deduplicated_matched,820 W. Colden Ave.,33.9489463,-118.2901892
7000 W. Melrose Ave.,90038.0,5.0,2017,4.0,40,0.1,2017,DB,90038,2020-10-05 00:00:00,,,4.0,,,,,deduplicated_matched,7000 W. Melrose Ave.,34.0851949,-118.3070164
11433 W. Albers St.,91601.0,2.0,2017,6.0,59,0.1016949152542373,2017,DB,91601,2020-07-16 00:00:00,,,6.0,,,,,deduplicated_matched,11433 W. Albers St.,34.1707134,-118.3802691
10718 W. Acama St.,91602.0,2.0,2017,1.0,7,0.1428571428571428,2017,DB,91602,2021-04-23 00:00:00,,,,1.0,,,,deduplicated_matched,10718 W. Acama St.,34.1456517,-118.3638018
13448 W. Beach Ave.,90292.0,11.0,2017,23.0,228,0.1008771929824561,2017,DB,90292,2020-10-30 00:00:00,,,23.0,,,,,deduplicated_matched,13448 W. Beach Ave.,33.9702223,-118.3613688
1446 N. Detroit St.,90046.0,13.0,2017,7.0,60,0.1166666666666666,2017,DB,90046,2021-01-15 00:00:00,,,7.0,,,,,deduplicated_matched,1446 N. Detroit St.,34.09751,-118.34507
1718 N. Las Palmas Ave.,90028.0,13.0,2017,24.0,224,0.1071428571428571,2017,DB,90028,2017-10-12 00:00:00,,,24.0,,,,,deduplicated_matched,1718 N. Las Palmas Ave.,34.1025063,-118.3360462
1481 S. Shenandoah St.,90035.0,5.0,2017,1.0,11,0.0909090909090909,2017,DB,90035,2020-06-04 00:00:00,,,,1.0,,,,deduplicated_matched,1481 S. Shenandoah St.,34.052048,-118.3822314
1250 S. Westmoreland Ave.,90006.0,1.0,2017,92.0,93,0.989247311827957,2017,DB,90006,2021-07-14 00:00:00,,,,92.0,,,,deduplicated_matched,1250 S. Westmoreland Ave.,34.0476542,-118.2887562
525 N. Wilton Place.,90004.0,13.0,2017,8.0,88,0.0909090909090909,2017,DB,90004,,,,8.0,,,,,deduplicated_matched,525 N. Wilton Place.,34.08111,-118.3137977
323 N. Avenue 50,90042.0,1.0,2017,1.0,8,0.125,2017,DB,90042,,,,,1.0,,,,deduplicated_matched,323 N. Avenue,33.7907058,-118.2669724
2140 S. Butler Ave.,90025.0,11.0,2017,7.0,77,0.0909090909090909,2017,DB,90025,,,,7.0,,,,,deduplicated_matched,2140 S. Butler Ave.,33.8814225,-118.1964519
6226 N. Colfax Ave.,91606.0,2.0,2017,4.0,41,0.0975609756097561,2017,DB,91606,2021-12-02 00:00:00,,,4.0,,,,,deduplicated_matched,6226 N. Colfax Ave.,34.1838589,-118.3874186
5342 W. Fountain Ave.,90029.0,13.0,2017,1.0,15,0.0666666666666666,2017,DB,90029,2020-02-04 00:00:00,,,1.0,,,,,deduplicated_matched,5342 W. Fountain Ave.,34.0947459,-118.3061702
1244 W. 39th St.,90037.0,8.0,2017,4.0,13,0.3076923076923077,2017,DB,90037,2022-03-09 00:00:00,,,2.0,2.0,,,,deduplicated_matched,1244 W. 39th St.,34.0151259,-118.2988295
1301 S. Westgate Ave.,90025.0,11.0,2017,2.0,27,0.074074074074074,2017,DB,90025,2019-01-28 00:00:00,,,2.0,,,,,deduplicated_matched,1301 S. Westgate Ave.,34.0451797,-118.4618008
1315 W. Florence Ave.,90044.0,8.0,2017,20.0,20,1.0,2017,DB,90044,2020-09-21 00:00:00,,,,20.0,,,,deduplicated_matched,1315 W. Florence Ave.,33.974856,-118.298633
4909 W. Rosewood Ave.,90004.0,13.0,2017,2.0,26,0.0769230769230769,2017,DB,90004,2020-09-11 00:00:00,,,2.0,,,,,deduplicated_matched,4909 W. Rosewood Ave.,34.0797279,-118.3116485
6500 N. Sepulveda Blvd.,91411.0,11.0,2017,7.0,160,0.04375,2017,DB,91411,,,,7.0,,,,,deduplicated_matched,6500 N. Sepulveda Blvd.,34.2053465,-118.4656399
1919 S. Western Ave.,90018.0,10.0,2017,2.0,22,0.0909090909090909,2017,DB,90018,2021-03-03 00:00:00,,,2.0,,,,,deduplicated_matched,1919 S. Western Ave.,34.0392026,-118.3091967
6677 W. Santa Monica Blvd.,90038.0,13.0,2017,31.0,695,0.0446043165467625,2017,DB,90038,,,,31.0,,,,,deduplicated_matched,6677 W. Santa Monica Blvd.,34.0911056,-118.3359734
845 S. St. Andrews Place,90005.0,5.0,2017,1.0,14,0.0714285714285714,2017,DB,90005,,,,1.0,,,,,deduplicated_matched,845 S. St. Andrews Place,34.05673170000001,-118.3114649
1051 S. Corning St.,90035.0,5.0,2017,2.0,19,0.1052631578947368,2017,DB,90035,2019-08-18 00:00:00,,,2.0,,,,,deduplicated_matched,1051 S. Corning St.,34.0578388,-118.3776081
1545 S. Fairfax Ave.,90019.0,10.0,2017,1.0,10,0.1,2017,DB,90019,2021-07-23 00:00:00,,,1.0,,,,,deduplicated_matched,1545 S. Fairfax Ave.,34.0484018,-118.3676916
3160 W. Riverside Dr.,90027.0,4.0,2017,4.0,65,0.0615384615384615,2017,DB,90027,2022-12-27 00:00:00,,,4.0,,,,,deduplicated_matched,3160 W. Riverside Dr.,34.1515808,-118.3335482
3672 S. Jasmine Ave.,90034.0,5.0,2017,2.0,17,0.1176470588235294,2017,DB,90034,2021-05-25 00:00:00,,,2.0,,,,,deduplicated_matched,3672 S. Jasmine Ave.,34.0243915,-118.4036222
3815 W. Ave 43,90041.0,1.0,2017,2.0,28,0.0714285714285714,2017,DB,90041,2021-09-03 00:00:00,,,2.0,,,,,deduplicated_matched,3815 W. Ave,34.3123172,-118.4816555
4807 W. Elmwood Ave.,90004.0,13.0,2017,1.0,13,0.0769230769230769,2017,DB,90004,,,,1.0,,,,,deduplicated_matched,4807 W. Elmwood Ave.,34.168808,-118.3098034
5240 W. Virginia Ave.,90029.0,13.0,2017,2.0,14,0.1428571428571428,2017,DB,90029,,,,,2.0,,,,deduplicated_matched,5240 W. Virginia Ave.,34.0916957,-118.3039433
5261 N. Harmony Ave.,91601.0,2.0,2017,2.0,12,0.1666666666666666,2017,DB,91601,2020-04-14 00:00:00,,,1.0,1.0,,,,deduplicated_matched,5261 N. Harmony Ave.,34.1666578,-118.3668075
7043 N. Jordan Ave.,91303.0,3.0,2017,3.0,33,0.0909090909090909,2017,DB,91303,,,,3.0,,,,,deduplicated_matched,7043 N. Jordan Ave.,34.1973966,-118.6028709
15322 W. Hart St.,91406.0,6.0,2017,2.0,11,0.1818181818181818,2017,DB,91406,2022-02-04 00:00:00,,,,2.0,,,,deduplicated_matched,15322 W. Hart St.,34.1973486,-118.4671666
11612 W. Culver Blvd.,90066.0,11.0,2017,4.0,40,0.1,2017,DB,90066,"8/27/2020, 05/01/2021, 12/04/2021, 12/06/2021, 12/15/2021",,,4.0,,,,,deduplicated_matched,11612 W. Culver Blvd.,33.9989741,-118.4142511
1503 W. 206th St.,90501.0,15.0,2017,1.0,10,0.1,2017,DB,90501,2023-04-21 00:00:00,,,,1.0,,,,deduplicated_matched,1503 W. 206th St.,33.844088,-118.3042932
1226 S. Bedford St.,90035.0,5.0,2017,2.0,20,0.1,2017,DB,90035,,,,2.0,,,,,deduplicated_matched,1226 S. Bedford St.,34.0549859,-118.3802063
1233 S. Dunsmuir Ave.,90019.0,10.0,2017,1.0,14,0.0714285714285714,2017,DB,90019,,,,1.0,,,,,deduplicated_matched,1233 S. Dunsmuir Ave.,34.0521058,-118.3526157
718 N. Hudson Ave.,90038.0,13.0,2017,2.0,23,0.0869565217391304,2017,DB,90038,2022-08-25 00:00:00,,,2.0,,,,,deduplicated_matched,718 N. Hudson Ave.,34.0840698,-118.3318222
3647 S. Hughes Ave.,90034.0,5.0,2017,1.0,8,0.125,2017,DB,90034,2020-08-13 00:00:00,,,1.0,,,,,deduplicated_matched,3647 S. Hughes Ave.,34.0264116,-118.4014758
5151 W. Romaine St.,90029.0,13.0,2017,75.0,76,0.986842105263158,2017,DB,90029,2018-01-31 00:00:00,,,,75.0,,,,deduplicated_matched,5151 W. Romaine St.,34.0887974,-118.3039095
5715 W. Harold Way,90028.0,13.0,2017,3.0,40,0.075,2017,DB,90028,2021-04-23 00:00:00,,,3.0,,,,,deduplicated_matched,5715 W. Harold Way,34.0995333,-118.3142027
6417 N. Figueroa St.,90042.0,14.0,2017,2.0,21,0.0952380952380952,2017,DB,90042,2021-12-14 00:00:00,,,2.0,,,,,deduplicated_matched,6417 N. Figueroa St.,34.1184543,-118.1837739
8555 W. Colgate Ave.,90048.0,5.0,2017,1.0,10,0.1,2017,DB,90048,2021-06-17 00:00:00,,,1.0,,,,,deduplicated_matched,8555 W. Colgate Ave.,34.0709958,-118.378169
11916 W. Pico Blvd.,90064.0,11.0,2017,9.0,100,0.09,2017,DB,90064,2020-07-06 00:00:00,,,9.0,,,,,deduplicated_matched,11916 W. Pico Blvd.,34.0298043,-118.4486693
22121 W. Clarendon St.,91367.0,3.0,2017,26.0,335,0.0776119402985074,2017,DB,91367,,,,26.0,,,,,deduplicated_matched,22121 W. Clarendon St.,34.17002250000001,-118.6085502
11925 W. Louise Ave.,90066.0,11.0,2017,4.0,49,0.0816326530612244,2017,DB,90066,2021-05-06 00:00:00,,,4.0,,,,,deduplicated_matched,11925 W. Louise Ave.,34.2875161,-118.5110693
12431 W. Rochester Ave.,90025.0,11.0,2017,5.0,50,0.1,2017,DB,90025,2020-06-11 00:00:00,,,5.0,,,,,deduplicated_matched,12431 W. Rochester Ave.,34.038846,-118.467856
11671 W. Erwin St.,91606.0,2.0,2017,1.0,10,0.1,2017,DB,91606,2021-02-11 00:00:00,,,1.0,,,,,deduplicated_matched,11671 W. Erwin St.,34.1829925,-118.3935511
10757 W. Palms Blvd.,90034.0,5.0,2017,1.0,14,0.0714285714285714,2017,DB,90034,2021-07-08 00:00:00,,,1.0,,,,,deduplicated_matched,10757 W. Palms Blvd.,34.0063716,-118.4458212
4864 W. Melrose Ave.,90004.0,13.0,2017,6.0,51,0.1176470588235294,2017,DB,90004,2019-03-12 00:00:00,,,6.0,,,,,deduplicated_matched,4864 W. Melrose Ave.,34.08334,-118.30645
3671 S. Western Ave.,90018.0,8.0,2017,32.0,33,0.9696969696969696,2017,DB,90018,2021-01-14 00:00:00,,,5.0,,27.0,,,deduplicated_matched,3671 S. Western Ave.,34.02138,-118.30918
1832 S. Barrington Ave.,90025.0,11.0,2017,1.0,11,0.0909090909090909,2017,DB,90025,2023-12-27 00:00:00,,,1.0,,,,,deduplicated_matched,1832 S. Barrington Ave.,34.0392973,-118.4519044
750 S. Kingsley Dr.,90005.0,10.0,2017,6.0,68,0.088235294117647,2017,DB,90005,2021-04-30 00:00:00,,,6.0,,,,,deduplicated_matched,750 S. Kingsley Dr.,34.0583163,-118.3027881
610 S. Van Ness Ave.,90005.0,13.0,2017,1.0,12,0.0833333333333333,2017,DB,90005,2021-02-26 00:00:00,,,1.0,,,,"Proj. Permit Compl., Design Review",deduplicated_matched,610 S. Van Ness Ave.,34.0628121,-118.3149325
519 N. Normandie Ave.,90004.0,13.0,2017,1.0,14,0.0714285714285714,2017,DB,90004,2023-09-19 00:00:00,,,1.0,,,,,deduplicated_matched,519 N. Normandie Ave.,34.0805758,-118.3007728
12444 W. Chandler Blvd.,91607.0,2.0,2017,9.0,69,0.1304347826086956,2017,DB,91607,2020-06-12 00:00:00,,,9.0,,,,,deduplicated_matched,12444 W. Chandler Blvd.,34.1682011,-118.4269129
6109 S. Crenshaw Blvd.,90043.0,8.0,2017,9.0,75,0.12,2017,DB,90043,2021-09-09 00:00:00,,,9.0,,,,,deduplicated_matched,6109 S. Crenshaw Blvd.,33.9841781,-118.3311915
11445 W. Riverside Dr.,91602.0,2.0,2017,2.0,29,0.0689655172413793,2017,DB,91602,2021-08-12 00:00:00,,,2.0,,,,,deduplicated_matched,11445 W. Riverside Dr.,34.154216,-118.326101
161 S. Normandie Ave.,90004.0,10.0,2017,1.0,13,0.0769230769230769,2017,DB,90004,2019-10-03 00:00:00,,,1.0,,,,,deduplicated_matched,161 S. Normandie Ave.,34.0719441,-118.3007585
11616 W. Burbank Blvd.,91601.0,2.0,2017,2.0,21,0.0952380952380952,2017,DB,91601,2020-11-18 00:00:00,,,2.0,,,,,deduplicated_matched,11616 W. Burbank Blvd.,34.1723993,-118.6449145
11837 W. Mayfield Ave.,90049.0,11.0,2017,2.0,26,0.0769230769230769,2017,DB,90049,,,,2.0,,,,,deduplicated_matched,11837 W. Mayfield Ave.,34.0499413,-118.4662052
4170 W. 5th St.,90020.0,13.0,2017,4.0,32,0.125,2017,DB,90020,2018-08-30 00:00:00,,,4.0,,,,,deduplicated_matched,4170 W. 5th St.,34.0651232,-118.3098147
6740 S. Brynhurst Ave.,90043.0,8.0,2017,2.0,12,0.1666666666666666,2017,DB,90043,2019-11-07 00:00:00,,,2.0,,,,,deduplicated_matched,6740 S. Brynhurst Ave.,33.9769905,-118.3333788
1314 1/2 Westerly Ter.,90026.0,13.0,2017,1.0,4,0.25,2017,Other/Discretionary,90026,2017-11-07 00:00:00,,,1.0,,,,Zoning Variance,deduplicated_matched,1314/2 Westerly Ter.,34.0837262,-118.2728945
4415 S. San Pedro St.,90011.0,9.0,2017,1.0,3,0.3333333333333333,2017,Other/Discretionary,90011,2018-07-11 00:00:00,,,,1.0,,,UDU,deduplicated_matched,4415 S. San Pedro St.,34.0034215,-118.2698529
1331 N. Cahuenga Blvd.,90028.0,13.0,2017,20.0,369,0.05420054200542,2017,Other/Discretionary,90028,2022-01-10 00:00:00,,,,,20.0,,Zoning Administrator's Adj.,deduplicated_matched,1331 N. Cahuenga Blvd.,34.0955406,-118.3294343
4451 N. Vista Del Monte Ave.,91403.0,4.0,2017,1.0,16,0.0625,2017,Other/Discretionary,91403,2018-03-20 00:00:00,,,,,1.0,,Zoning Variance,deduplicated_matched,4451 N. Vista Del Monte Ave.,34.1526035,-118.4501452
2815 S. Ocean Front Walk,90291.0,11.0,2017,1.0,3,0.3333333333333333,2017,Other/Discretionary,90291,06/04/21 (Term.),,,,,1.0,,UDU,deduplicated_matched,2815 S. Ocean Front Walk,33.9803392,-118.4677653
1405 N. Talmadge St.,90027.0,4.0,2017,1.0,3,0.3333333333333333,2017,Other/Discretionary,90027,2019-02-12 00:00:00,,,,,1.0,,UDU,deduplicated_matched,1405 N. Talmadge St.,34.0971712,-118.2834971
7070 S. Flight Ave.,90045.0,11.0,2017,1.0,20,0.05,2017,Other/Discretionary,90045,2022-01-06 00:00:00,,,,,1.0,,Zoning Variance,deduplicated_matched,7070 S. Flight Ave.,33.9746376,-118.3761012
12626 W. Burbank Blvd.,91607.0,2.0,2017,1.0,25,0.04,2017,Other/Discretionary,91607,2018-10-18 00:00:00,,,,,1.0,,UDU,deduplicated_matched,12626 W. Burbank Blvd.,34.1722422,-118.6443478
1210 S. Sherbourne Dr.,90035.0,5.0,2017,1.0,9,0.1111111111111111,2017,Other/Discretionary,90035,2018-09-27 00:00:00,,,,,1.0,,UDU,deduplicated_matched,1210 S. Sherbourne Dr.,34.0553057,-118.3791438
15705 W. Vose St.,91406.0,6.0,2017,1.0,14,0.0714285714285714,2017,Other/Discretionary,91406,2018-05-15 00:00:00,,,1.0,,,,UDU,deduplicated_matched,15705 W. Vose St.,34.1987157,-118.4753147
1010 E. Jefferson Blvd.,90011.0,9.0,2017,40.0,41,0.975609756097561,2017,DB,90011,2019-08-12 00:00:00,,,2.0,38.0,,,,deduplicated_matched,1010 E. Jefferson Blvd.,34.0119979,-118.2578329
1601 N. Hobart Blvd.,90027.0,13.0,2017,53.0,54,0.9814814814814816,2017,DB,90027,2019-06-18 00:00:00,,,25.0,16.0,12.0,,,deduplicated_matched,1601 N. Hobart Blvd.,34.100016,-118.306066
320 N. Madison Ave.,90004.0,13.0,2017,120.0,122,0.9836065573770492,2017,DB,90004,2020-12-17 00:00:00,,,14.0,106.0,,,"Specific Plan Excep., Proj. Permit Compl. Review",deduplicated_matched,320 N. Madison Ave.,34.07701309999999,-118.288958
8862 W. Pico Blvd.,90035.0,5.0,2017,47.0,48,0.9791666666666666,2017,DB,90035,2021-01-25 00:00:00,,,3.0,44.0,,,,deduplicated_matched,8862 W. Pico Blvd.,34.05475,-118.38522
1301 W. 7th St.,90017.0,1.0,2017,75.0,76,0.986842105263158,2017,TOC,90017,2021-05-11 00:00:00,,,75.0,,,,,deduplicated_matched,1301 W. 7th St.,34.0526363,-118.2676913
252 S. Rampart Blvd.,90057.0,13.0,2017,23.0,23,1.0,2017,TOC,90057,2021-03-10 00:00:00,,,,23.0,,,,deduplicated_matched,252 S. Rampart Blvd.,34.06697279999999,-118.2779718
649 S. Wall St.,90014.0,14.0,2017,54.0,55,0.9818181818181818,2017,TOC,90014,2021-08-24 00:00:00,,,54.0,,,,,deduplicated_matched,649 S. Wall St.,34.0723647,-118.3858164
3015 S. West View St.,90016.0,10.0,2017,63.0,64,0.984375,2017,DB,90016,2020-03-12 00:00:00,,,7.0,56.0,,,,deduplicated_matched,3015 S. West View St.,34.0263842,-118.3535463
14827 W Victory Blvd,91411.0,6.0,2016,2.0,9,0.2222222222222222,2016,DB,91411,,,,1.0,1.0,,,,deduplicated_matched,14827 W Victory Blvd,34.1864751,-118.4677373
7004 N Lennox Ave,91405.0,6.0,2016,1.0,8,0.125,2016,DB,91405,2018-09-26 00:00:00,,,,1.0,,,,deduplicated_matched,7004 N Lennox Ave,34.1977572,-118.4450945
2651 S Hobart Blvd,90018.0,8.0,2016,1.0,9,0.1111111111111111,2016,DB,90018,2019-04-10 00:00:00,,,,1.0,,,,deduplicated_matched,2651 S Hobart Blvd,34.0310865,-118.3082995
6328 N Hazeltine Ave,91401.0,2.0,2016,1.0,7,0.1428571428571428,2016,DB,91401,2020-03-11 00:00:00,,,,1.0,,,,deduplicated_matched,6328 N Hazeltine Ave,34.185549,-118.4396458
639 N Fairfax Ave,90036.0,5.0,2016,4.0,48,0.0833333333333333,2016,DB,90036,2018-12-07 00:00:00,,,4.0,,,,,deduplicated_matched,639 N Fairfax Ave,34.0827502,-118.3616524
1115 S Cardiff Ave,90035.0,5.0,2016,2.0,21,0.0952380952380952,2016,DB,90035,2020-02-24 00:00:00,,,2.0,,,,,deduplicated_matched,1115 S Cardiff Ave,34.056663,-118.3920704
860 E Florence Ave,90001.0,9.0,2016,5.0,30,0.1666666666666666,2016,DB,90001,2019-06-17 00:00:00,,,,5.0,,,,deduplicated_matched,860 E Florence Ave,33.9746193,-118.2590247
1306 N Orange Dr,90028.0,13.0,2016,1.0,12,0.0833333333333333,2016,DB,90028,2018-05-18 00:00:00,,,1.0,,,,,deduplicated_matched,1306 N Orange Dr,34.0946442,-118.3412496
3743 S Midvale Ave,90066.0,5.0,2016,1.0,14,0.0714285714285714,2016,DB,90066,2019-07-08 00:00:00,,,1.0,,,,,deduplicated_matched,3743 S Midvale Ave,34.0172961,-118.4118712
5812 W Virginia Ave,90038.0,13.0,2016,1.0,12,0.0833333333333333,2016,DB,90038,2018-10-19 00:00:00,,,1.0,,,,,deduplicated_matched,5812 W Virginia Ave,34.091543,-118.3162656
1150 N Cahuenga Blvd,90038.0,13.0,2016,3.0,29,0.1034482758620689,2016,DB,90038,2018-04-03 00:00:00,,,3.0,,,,,deduplicated_matched,1150 N Cahuenga Blvd,34.0922226,-118.3285506
327 N Boylston St,90012.0,1.0,2016,14.0,121,0.1157024793388429,2016,DB,90012,2020-01-27 00:00:00,,,14.0,,,,,deduplicated_matched,327 N Boylston St,34.0639852,-118.2536267
5030 W Rosewood Ave,90004.0,13.0,2016,2.0,22,0.0909090909090909,2016,DB,90004,2019-03-28 00:00:00,,,2.0,,,,,deduplicated_matched,5030 W Rosewood Ave,34.0791468,-118.3148033
3060 W Olympic Blvd,90006.0,10.0,2016,19.0,226,0.084070796460177,2016,DB,90006,2018-09-17 00:00:00,,,19.0,,,,,deduplicated_matched,3060 W Olympic Blvd,34.0522197,-118.3026096
5455 S Inglewood Blvd,90230.0,11.0,2016,3.0,13,0.2307692307692307,2016,DB,90230,2017-11-01 00:00:00,,,3.0,,,,,deduplicated_matched,5455 S Inglewood Blvd,33.98527,-118.4074035
7343 N Reseda Blvd,91335.0,3.0,2016,2.0,40,0.05,2016,DB,91335,,,,2.0,,,,,deduplicated_matched,7343 N Reseda Blvd,34.2041613,-118.536305
8590 W Pico Blvd,90035.0,5.0,2016,3.0,36,0.0833333333333333,2016,DB,90035,2019-02-04 00:00:00,,,3.0,,,,,deduplicated_matched,8590 W Pico Blvd,34.0535136,-118.3781842
5327 N Hermitage Ave,91607.0,2.0,2016,4.0,42,0.0952380952380952,2016,DB,91607,2019-01-16 00:00:00,,,4.0,,,,,deduplicated_matched,5327 N Hermitage Ave,34.1675164,-118.4006707
3838 S Dunn Dr,90232.0,5.0,2016,7.0,86,0.0813953488372093,2016,DB,90232,2018-08-10 00:00:00,,,7.0,,,,,deduplicated_matched,3838 S Dunn Dr,34.0222053,-118.3986472
6200 N Kester Ave,91411.0,6.0,2016,2.0,22,0.0909090909090909,2016,DB,91411,2018-06-01 00:00:00,,,2.0,,,,,deduplicated_matched,6200 N Kester Ave,34.1829588,-118.4572055
850 N Wilcox Ave,90038.0,13.0,2016,2.0,23,0.0869565217391304,2016,DB,90038,2018-05-07 00:00:00,,,2.0,,,,,deduplicated_matched,850 N Wilcox Ave,34.031177,-118.1245955
7120 N Bellaire Ave,91605.0,2.0,2016,3.0,29,0.1034482758620689,2016,DB,91605,2018-09-04 00:00:00,,,3.0,,,,,deduplicated_matched,7120 N Bellaire Ave,34.1999137,-118.4091563
105 S Doheny Dr,90048.0,5.0,2016,4.0,35,0.1142857142857142,2016,DB,90048,2020-07-29 00:00:00,,,4.0,,,,,deduplicated_matched,105 S Doheny Dr,34.0751217,-118.3900951
740 S Ridgeley Dr,90036.0,5.0,2016,2.0,25,0.08,2016,DB,90036,2020-07-02 00:00:00,,,2.0,,,,,deduplicated_matched,740 S Ridgeley Dr,34.0612445,-118.350781
535 S Kingsley Dr,90020.0,10.0,2016,6.0,72,0.0833333333333333,2016,DB,90020,2018-09-28 00:00:00,,,6.0,,,,,deduplicated_matched,535 S Kingsley Dr,34.0642473,-118.3032242
5639 E Huntington Dr North,90032.0,14.0,2016,1.0,13,0.0769230769230769,2016,DB,90032,,,,1.0,,,,,deduplicated_matched,5639 E Huntington Dr North,34.0964331,-118.1570858
12035 W Wilshire Blvd,90025.0,11.0,2016,7.0,81,0.0864197530864197,2016,DB,90025,2020-06-11 00:00:00,,,7.0,,,,,deduplicated_matched,12035 W Wilshire Blvd,34.0453898,-118.4664367
21514 W Saticoy St,91304.0,3.0,2016,2.0,29,0.0689655172413793,2016,DB,91304,2019-11-21 00:00:00,,,2.0,,,,,deduplicated_matched,21514 W Saticoy St,34.208328,-118.5788487
11262 W Otsego St,91601.0,2.0,2016,5.0,49,0.1020408163265306,2016,DB,91601,2018-03-02 00:00:00,,,5.0,,,,,deduplicated_matched,11262 W Otsego St,34.1627783,-118.3768055
18334 W Malden St,91325.0,12.0,2016,2.0,22,0.0909090909090909,2016,DB,91325,2019-08-22 00:00:00,,,2.0,,,,,deduplicated_matched,18334 W Malden St,34.225336,-118.5329885
909 S Le Doux Rd,90035.0,5.0,2016,2.0,21,0.0952380952380952,2016,DB,90035,2020-12-16 00:00:00,,,2.0,,,,,deduplicated_matched,909 S Le Doux Rd,33.9841797,-118.3717617
415 S Le Doux Rd,90048.0,5.0,2016,2.0,19,0.1052631578947368,2016,DB,90048,2019-12-05 00:00:00,,,2.0,,,,,deduplicated_matched,415 S Le Doux Rd,33.9841797,-118.3717617
5645 N Farmdale Ave,91601.0,2.0,2016,4.0,44,0.0909090909090909,2016,DB,91601,2019-01-16 00:00:00,,,4.0,,,,,deduplicated_matched,5645 N Farmdale Ave,34.1734062,-118.3812579
18529 W Calvert St,91335.0,3.0,2016,1.0,24,0.0416666666666666,2016,DB,91335,2018-09-05 00:00:00,,,1.0,,,,,deduplicated_matched,18529 W Calvert St,34.1821587,-118.5370715
10601 W Washington Blvd,90232.0,5.0,2016,11.0,135,0.0814814814814814,2016,DB,90232,2020-05-29 00:00:00,,,11.0,,,,,deduplicated_matched,10601 W Washington Blvd,34.0173856,-118.4052654
5036 S Slauson Ave,90230.0,11.0,2016,1.0,13,0.0769230769230769,2016,DB,90230,2018-11-06 00:00:00,,,1.0,,,,,deduplicated_matched,5036 S Slauson Ave,33.9941499,-118.4073877
1338 N Gordon St,90028.0,13.0,2016,4.0,44,0.0909090909090909,2016,DB,90028,2019-08-15 00:00:00,,,4.0,,,,,deduplicated_matched,1338 N Gordon St,34.0549076,-118.242643
1237 S Holt Ave,90035.0,5.0,2016,3.0,34,0.088235294117647,2016,DB,90035,2019-09-23 00:00:00,,,3.0,,,,,deduplicated_matched,1237 S Holt Ave,34.05462980000001,-118.3787748
1515 S Colby Ave,90025.0,11.0,2016,5.0,56,0.0892857142857142,2016,DB,90025,2018-11-16 00:00:00,,,5.0,,,,,deduplicated_matched,1515 S Colby Ave,34.0456592,-118.4537374
3675 S Dunn Dr,90034.0,5.0,2016,1.0,18,0.0555555555555555,2016,DB,90034,2019-06-04 00:00:00,,,1.0,,,,,deduplicated_matched,3675 S Dunn Dr,34.0254025,-118.4017743
5837 W Sunset Blvd,90028.0,13.0,2016,4.0,79,0.050632911392405,2016,DB,90028,2016-09-15 00:00:00,,,4.0,,,,,deduplicated_matched,5837 W Sunset Blvd,34.0983563,-118.317055
11401 W Santa Monica Blvd,90025.0,11.0,2016,4.0,51,0.0784313725490196,2016,DB,90025,2022-05-26 00:00:00,,,4.0,,,,,deduplicated_matched,11401 W Santa Monica Blvd,34.0460377,-118.4512201
4725 N Radford Ave,91607.0,2.0,2016,2.0,21,0.0952380952380952,2016,DB,91607,2019-04-30 00:00:00,,,2.0,,,,,deduplicated_matched,4725 N Radford Ave,34.1565252,-118.3924084
1549 S Beverly Dr,90035.0,5.0,2016,1.0,14,0.0714285714285714,2016,DB,90035,,,,1.0,,,,,deduplicated_matched,1549 S Beverly Dr,34.051078,-118.3956812
3752 S Veteran Ave,90034.0,5.0,2016,2.0,16,0.125,2016,DB,90034,,,,2.0,,,,,deduplicated_matched,3752 S Veteran Ave,34.0163938,-118.4128822
700 S Manhattan Pl,90005.0,5.0,2016,13.0,160,0.08125,2016,DB,90005,2020-03-25 00:00:00,,,13.0,,,,,deduplicated_matched,700 S Manhattan Pl,34.0594172,-118.3098895
700 S Berendo St,90005.0,10.0,2016,2.0,27,0.074074074074074,2016,DB,90005,2018-04-11 00:00:00,,,2.0,,,,,deduplicated_matched,700 S Berendo St,34.059586,-118.2939027
850 S Crenshaw Blvd,90005.0,5.0,2016,4.0,44,0.0909090909090909,2016,DB,90005,2018-03-02 00:00:00,,,4.0,,,,,deduplicated_matched,850 S Crenshaw Blvd,34.0575989,-118.3209892
625 S Barrington Ave,90049.0,11.0,2016,4.0,46,0.0869565217391304,2016,DB,90049,2020-06-29 00:00:00,,,4.0,,,,,deduplicated_matched,625 S Barrington Ave,34.0568534,-118.4683299
1446 N Tamarind Ave,90028.0,13.0,2016,5.0,44,0.1136363636363636,2016,DB,90028,2019-11-05 00:00:00,,,4.0,1.0,,,,deduplicated_matched,1446 N Tamarind Ave,33.9058086,-118.2224468
4505 S Slauson Ave,90230.0,11.0,2016,2.0,23,0.0869565217391304,2016,DB,90230,2019-10-08 00:00:00,,,2.0,,,,,deduplicated_matched,4505 S Slauson Ave,33.9973383,-118.4133699
1312 W 8th St,90025.0,1.0,2016,3.0,36,0.0833333333333333,2016,DB,90025,,,,3.0,,,,,deduplicated_matched,1312 W 8th St,34.0503407,-118.2696226
3550 S Overland Ave,90034.0,5.0,2016,6.0,60,0.1,2016,DB,90034,2023-11-13 00:00:00,,,6.0,,,,,deduplicated_matched,3550 S Overland Ave,34.0238089,-118.4106615
644 N Hobart,90004.0,13.0,2016,1.0,12,0.0833333333333333,2016,DB,90004,2019-06-12 00:00:00,,,1.0,,,,,deduplicated_matched,644 N Hobart,34.0830081,-118.3055621
1070 S Holt Ave,90035.0,5.0,2016,3.0,29,0.1034482758620689,2016,DB,90035,,,,3.0,,,,,deduplicated_matched,1070 S Holt Ave,34.0574186,-118.3781103
6636 N Irvine Ave,91606.0,2.0,2016,1.0,6,0.1666666666666666,2016,DB,91606,2017-12-01 00:00:00,,,,1.0,,,,deduplicated_matched,6636 N Irvine Ave,34.1913602,-118.385311
3515 W Hyde Park Blvd,90043.0,8.0,2016,6.0,51,0.1176470588235294,2016,DB,90043,2018-12-04 00:00:00,,,6.0,,,,,deduplicated_matched,3515 W Hyde Park Blvd,33.9690083,-118.3645686
705 S Gayley Ave,90024.0,5.0,2016,2.0,12,0.1666666666666666,2016,DB,90024,2019-12-19 00:00:00,,,2.0,,,,,deduplicated_matched,705 S Gayley Ave,34.0653924,-118.4482734
10534 W. Santa Monica Blvd,90025.0,5.0,2016,3.0,37,0.081081081081081,2016,DB,90025,2019-11-12 00:00:00,,,3.0,,,,,deduplicated_matched,10534 W. Santa Monica Blvd,34.0544156,-118.4276895
11011 W. Otsego St,91601.0,2.0,2016,20.0,144,0.1388888888888889,2016,DB,91601,2020-07-20 00:00:00,,,20.0,,,,,deduplicated_matched,11011 W. Otsego St,34.1632385,-118.3712822
11828 W. Runnymede,91605.0,2.0,2016,2.0,26,0.0769230769230769,2016,DB,91605,2018-08-08 00:00:00,,,2.0,,,,,deduplicated_matched,11828 W. Runnymede,34.2056172,-118.3911077
11110 W. Hartsook,91601.0,2.0,2016,7.0,61,0.1147540983606557,2016,DB,91601,2021-03-22 00:00:00,,,7.0,,,,,deduplicated_matched,11110 W. Hartsook,34.1639602,-118.4750835
643 N. Juanita Ave,90004.0,13.0,2016,1.0,11,0.0909090909090909,2016,DB,90004,,,,1.0,,,,,deduplicated_matched,643 N. Juanita Ave,34.0830312,-118.2909665
1947 S. Sawtelle Ave,90025.0,11.0,2016,8.0,72,0.1111111111111111,2016,DB,90025,,,,8.0,,,,,deduplicated_matched,1947 S. Sawtelle Ave,34.041074,-118.4439364
5501 N. Laurel Canyon Blvd,91607.0,2.0,2016,6.0,46,0.1304347826086956,2016,DB,91607,2023-06-09 00:00:00,,,,6.0,,,,deduplicated_matched,5501 N. Laurel Canyon Blvd,34.2259821,-118.3978434
7636 N Owensmouth Ave,91304.0,3.0,2016,2.0,40,0.05,2016,DB,91304,2017-04-25 00:00:00,,,2.0,,,,,deduplicated_matched,7636 N Owensmouth Ave,34.2093301,-118.6011632
10748 W Riverside Dr,91602.0,2.0,2016,1.0,13,0.0769230769230769,2016,DB,91602,2018-08-02 00:00:00,,,1.0,,,,,deduplicated_matched,10748 W Riverside Dr,34.154216,-118.326101
3815 S McLaughlin Ave,90066.0,11.0,2016,1.0,27,0.037037037037037,2016,Other/Discretionary,90066,2017-10-23 00:00:00,,,,,1.0,,,deduplicated_matched,3815 S McLaughlin Ave,34.0078263,-118.4243938
901 S Irolo St,90006.0,10.0,2016,1.0,32,0.03125,2016,Other/Discretionary,90006,2017-10-26 00:00:00,,,,1.0,,,,deduplicated_matched,901 S Irolo St,34.0557494,-118.301231
6200 W Hollywood Blvd,90028.0,13.0,2016,50.0,497,0.1006036217303823,2016,Other/Discretionary,90028,2019-06-03 00:00:00,,,,12.0,38.0,,,deduplicated_matched,6200 W Hollywood Blvd,34.1014901,-118.3245869
6928 N Agnes Ave,91605.0,2.0,2016,1.0,6,0.1666666666666666,2016,Other/Discretionary,91605,2016-09-19 00:00:00,,,,,1.0,,,deduplicated_matched,6928 N Agnes Ave,34.1539898,-118.3953981
3314 W 17th Dr.,90019.0,10.0,2016,1.0,6,0.1666666666666666,2016,Other/Discretionary,90019,2016-09-12 00:00:00,,,,,1.0,,,deduplicated_matched,3314 W 17th Dr.,34.0416354,-118.3207726
1919 W Court St,90026.0,13.0,2016,46.0,46,1.0,2016,Other/Discretionary,90026,,,,23.0,23.0,,,,deduplicated_matched,1919 W Court St,34.06861,-118.26678
2409 E 1st St,90033.0,14.0,2016,49.0,50,0.98,2016,DB,90033,2018-04-06 00:00:00,,,15.0,34.0,,,,deduplicated_matched,2409 E 1st St,34.043679,-118.2093368
14920 W Astoria St,91342.0,7.0,2016,100.0,101,0.99009900990099,2016,DB,91342,2018-11-13 00:00:00,,,,31.0,69.0,,,deduplicated_matched,14920 W Astoria St,34.2955937,-118.4561215
7860 N Simpson Ave,91605.0,6.0,2016,49.0,50,0.98,2016,DB,91605,2018-10-26 00:00:00,,,5.0,44.0,,,,deduplicated_matched,7860 N Simpson Ave,34.2135414,-118.3885844
550 W 127th St,90044.0,15.0,2016,84.0,85,0.9882352941176472,2016,DB,90044,2018-09-04 00:00:00,,,,84.0,,,,deduplicated_matched,550 W 127th St,33.9172846,-118.2844972
14055 W Archwood St,90034.0,2.0,2016,2.0,36,0.0555555555555555,2016,DB,90034,2017-08-07 00:00:00,,,2.0,,,,,deduplicated_matched,14055 W Archwood St,34.1930513,-118.4397195
5525 N Case Ave,91601.0,2.0,2016,12.0,90,0.1333333333333333,2016,DB,91601,2022-06-17 00:00:00,,,12.0,,,,,deduplicated_matched,5525 N Case Ave,34.17078240000001,-118.372162
4814 W Oakwood Ave,90004.0,13.0,2016,1.0,11,0.0909090909090909,2016,DB,90004,2018-02-20 00:00:00,,,,1.0,,,,deduplicated_matched,4814 W Oakwood Ave,34.0769659,-118.3120263
2645 S Crenshaw Blvd,90006.0,10.0,2016,8.0,29,0.2758620689655172,2016,DB,90006,2018-12-06 00:00:00,,,8.0,,,,,deduplicated_matched,2645 S Crenshaw Blvd,34.03134470000001,-118.3351219
3411 S. Crenshaw Blvd,90016.0,10.0,2016,8.0,49,0.1632653061224489,2016,DB,90016,2019-04-26 00:00:00,,,8.0,,,,,deduplicated_matched,3411 S. Crenshaw Blvd,34.0251483,-118.3351173
1101 Martin Luther King Jr Blvd,90037.0,8.0,2016,25.0,26,0.9615384615384616,2016,DB,90037,2018-09-07 00:00:00,,,3.0,22.0,,,,deduplicated_matched,1101 Martin Luther King Jr Blvd,34.0112975,-118.2943681
1015 W. E Street,90744.0,15.0,2016,87.0,88,0.9886363636363636,2016,DB,90744,2018-04-11 00:00:00,,,14.0,73.0,,,,deduplicated_matched,1015 W. E Street,33.7704876,-118.2870807
1116 W. D Street,90744.0,15.0,2016,87.0,88,0.9886363636363636,2016,DB,90744,2018-05-14 00:00:00,,,14.0,73.0,,,,deduplicated_matched,1116 W. D Street,33.7733199,-118.2754932
2451 Colorado Blvd,90041.0,14.0,2016,16.0,41,0.3902439024390244,2016,DB,90041,,,,,16.0,,,,deduplicated_matched,2451 Colorado Blvd,34.14102099999999,-118.2202154
111 S Lucas Ave,90026.0,1.0,2016,123.0,125,0.984,2016,DB,90026,2018-08-14 00:00:00,,,,88.0,35.0,,,deduplicated_matched,111 S Lucas Ave,34.0618807,-118.2604631
535 W El Segundo Blvd,90248.0,15.0,2016,74.0,75,0.9866666666666668,2016,DB,90248,2018-08-23 00:00:00,,,,37.0,37.0,,,deduplicated_matched,535 W El Segundo Blvd,33.9169373,-118.2846372
15121 W Rayen Street,91343.0,7.0,2015,1.0,20,0.05,2015,DB,91343,2017-02-06 00:00:00,,,1.0,,,,,deduplicated_matched,15121 W Rayen Street,34.2321433,-118.4616058
7108 N Amigo Avenue,91335.0,3.0,2015,3.0,33,0.0909090909090909,2015,DB,91335,2017-09-13 00:00:00,,,3.0,,,,,deduplicated_matched,7108 N Amigo Avenue,34.1994443,-118.538404
748 N Wilcox Avenue,90038.0,13.0,2015,3.0,36,0.0833333333333333,2015,DB,90038,2016-12-22 00:00:00,,,3.0,,,,,deduplicated_matched,748 N Wilcox Avenue,34.0249936,-118.1216161
733 N. Hudson Ave,90038.0,13.0,2015,4.0,46,0.0869565217391304,2015,DB,90038,2017-05-03 00:00:00,,,4.0,,,,,deduplicated_matched,733 N. Hudson Ave,34.084594,-118.3324057
5026 W Rosewood Ave,90004.0,13.0,2015,2.0,22,0.0909090909090909,2015,DB,90004,2017-06-21 00:00:00,,,2.0,,,,,deduplicated_matched,5026 W Rosewood Ave,34.07923880000001,-118.3145318
7228 N Amigo Ave,91335.0,3.0,2015,1.0,22,0.0454545454545454,2015,DB,91335,2016-03-24 00:00:00,,,1.0,,,,,deduplicated_matched,7228 N Amigo Ave,34.2020002,-118.538333
7627 N Laurel Canyon Blvd.,91605.0,2.0,2015,2.0,40,0.05,2015,DB,91605,2013-04-19 00:00:00,,,2.0,,,,,deduplicated_matched,7627 N Laurel Canyon Blvd.,34.2259821,-118.3978434
905 S Ardmore Ave,90006.0,10.0,2015,1.0,12,0.0833333333333333,2015,DB,90006,2017-06-02 00:00:00,,,1.0,,,,,deduplicated_matched,905 S Ardmore Ave,34.0556035,-118.3023212
837 S Harvard Blvd,90005.0,10.0,2015,5.0,65,0.0769230769230769,2015,DB,90005,2019-03-11 00:00:00,,,5.0,,,,,deduplicated_matched,837 S Harvard Blvd,34.0567536,-118.3044356
5044 N Bakman Ave,90601.0,2.0,2015,4.0,46,0.0869565217391304,2015,DB,90601,2018-11-13 00:00:00,,,4.0,,,,,deduplicated_matched,5044 N Bakman Ave,34.1618745,-118.3770232
1650 Veteran Ave,90024.0,5.0,2015,1.0,24,0.0416666666666666,2015,DB,90024,,,,,,1.0,,,deduplicated_matched,1650 Veteran Ave,34.0500953,-118.4407469
117 S Boyle Ave,90033.0,14.0,2015,79.0,80,0.9875,2015,DB,90033,2016-12-29 00:00:00,9.0,,27.0,43.0,,,,deduplicated_matched,117 S Boyle Ave,34.0469273,-118.220405
6726 N Sylmar Ave,91405.0,2.0,2015,1.0,13,0.0769230769230769,2015,DB,91405,2017-09-13 00:00:00,,,1.0,,,,,deduplicated_matched,6726 N Sylmar Ave,34.1929617,-118.4461975
15313 W Cabrito Rd,91406.0,6.0,2015,2.0,24,0.0833333333333333,2015,DB,91406,2017-08-04 00:00:00,,,2.0,,,,,deduplicated_matched,15313 W Cabrito Rd,34.2119006,-118.4489411
3526 N Marmion Way,90065.0,1.0,2015,48.0,49,0.979591836734694,2015,DB,90065,2016-12-29 00:00:00,,,,48.0,,,,deduplicated_matched,3526 N Marmion Way,34.113852,-118.1860216
1120-22 W 6th Street,90017.0,1.0,2015,27.0,606,0.0445544554455445,2015,DB,90017,2018-05-22 00:00:00,,,27.0,,,,,deduplicated_matched,1120-22 W 6th Street,34.0542537,-118.2629991
14225 W Dickens St,91423.0,4.0,2015,2.0,18,0.1111111111111111,2015,DB,91423,2017-04-25 00:00:00,,,,2.0,,,,deduplicated_matched,14225 W Dickens St,34.1491082,-118.4429572
11209 W Richland Ave,90064.0,5.0,2015,1.0,13,0.0769230769230769,2015,DB,90064,2017-11-28 00:00:00,,,1.0,,,,,deduplicated_matched,11209 W Richland Ave,34.0328409,-118.4330535
409 N Hayworth Ave,90048.0,5.0,2015,3.0,33,0.0909090909090909,2015,DB,90048,2017-01-06 00:00:00,,,3.0,,,,,deduplicated_matched,409 N Hayworth Ave,34.0787221,-118.3630416
3714 Kelton Ave,90034.0,5.0,2015,1.0,16,0.0625,2015,DB,90034,2017-06-09 00:00:00,,,1.0,,,,,deduplicated_matched,3714 Kelton Ave,34.017828,-118.4128976
838 N Hudson Ave,90038.0,13.0,2015,1.0,11,0.0909090909090909,2015,DB,90038,2016-12-16 00:00:00,,,1.0,,,,,deduplicated_matched,838 N Hudson Ave,34.0863848,-118.3318653
1319 N Martel Ave,90046.0,13.0,2015,2.0,23,0.0869565217391304,2015,DB,90046,2017-06-05 00:00:00,,,2.0,,,,,deduplicated_matched,1319 N Martel Ave,34.0951125,-118.3508867
9325 N Sylmar Ave,91402.0,6.0,2015,2.0,11,0.1818181818181818,2015,DB,91402,,,,,2.0,,,,deduplicated_matched,9325 N Sylmar Ave,34.2395188,-118.4466898
940 S Western,90006.0,10.0,2015,5.0,78,0.0641025641025641,2015,DB,90006,2018-03-09 00:00:00,,,5.0,,,,,deduplicated_matched,940 S Western,33.7511842,-118.3070664
11400 W Culver Blvd,90066.0,11.0,2015,1.0,20,0.05,2015,DB,90066,2018-01-24 00:00:00,,,1.0,,,,,deduplicated_matched,11400 W Culver Blvd,34.0007041,-118.412682
11965 W Montana Ave,90049.0,11.0,2015,4.0,49,0.0816326530612244,2015,DB,90049,2019-03-27 00:00:00,,,4.0,,,,,deduplicated_matched,11965 W Montana Ave,34.051313,-118.4722081
7036 S La Tijera Blvd,90045.0,11.0,2015,1.0,13,0.0769230769230769,2015,DB,90045,2017-08-16 00:00:00,,,1.0,,,,,deduplicated_matched,7036 S La Tijera Blvd,33.9742044,-118.375039
11650 W Pico Blvd,90064.0,11.0,2015,6.0,71,0.0845070422535211,2015,DB,90064,2017-08-24 00:00:00,,,6.0,,,,,deduplicated_matched,11650 W Pico Blvd,34.031808,-118.44458
11721 W Runnymede St,90016.0,2.0,2015,4.0,43,0.0930232558139534,2015,DB,90016,2017-01-10 00:00:00,,,4.0,,,,,deduplicated_matched,11721 W Runnymede St,34.206103,-118.388689
6718 N Sylmar Ave,91405.0,2.0,2015,1.0,11,0.0909090909090909,2015,DB,91405,2021-03-15 00:00:00,,,1.0,,,,,deduplicated_matched,6718 N Sylmar Ave,34.1927616,-118.4462185
10850 W Bloomfield St,91602.0,2.0,2015,2.0,28,0.0714285714285714,2015,DB,91602,2017-08-15 00:00:00,,,2.0,,,,,deduplicated_matched,10850 W Bloomfield St,34.1488433,-118.3667311
11100 W Riverside Dr,91602.0,2.0,2015,4.0,51,0.0784313725490196,2015,DB,91602,2017-01-11 00:00:00,,,4.0,,,,,deduplicated_matched,11100 W Riverside Dr,34.154216,-118.326101
7118 N Amigo Ave,91335.0,3.0,2015,2.0,20,0.1,2015,DB,91335,2017-02-28 00:00:00,,,2.0,,,,,deduplicated_matched,7118 N Amigo Ave,34.1998144,-118.5382458
807 N Hudson Ave,90038.0,13.0,2015,3.0,34,0.088235294117647,2015,DB,90038,2017-06-09 00:00:00,,,3.0,,,,,deduplicated_matched,807 N Hudson Ave,34.0855538,-118.3324057
3737 S Bentley Ave,90034.0,5.0,2015,2.0,25,0.08,2015,DB,90034,2019-06-24 00:00:00,,,2.0,,,,,deduplicated_matched,3737 S Bentley Ave,34.0149174,-118.416942
14915 W Roscoe Blvd,91402.0,6.0,2015,1.0,22,0.0454545454545454,2015,DB,91402,2016-11-22 00:00:00,,,1.0,,,,,deduplicated_matched,14915 W Roscoe Blvd,34.2215698,-118.5040624
1157 S Bundy Dr,90049.0,11.0,2015,3.0,33,0.0909090909090909,2015,DB,90049,2017-06-13 00:00:00,,,3.0,,,,,deduplicated_matched,1157 S Bundy Dr,34.044517,-118.4683511
6944 S Knowlton Pl,90045.0,11.0,2015,3.0,36,0.0833333333333333,2015,DB,90045,2021-01-04 00:00:00,,,,3.0,,,,deduplicated_matched,6944 S Knowlton Pl,33.97370100000001,-118.3710548
2980 N Allesandro St,90039.0,13.0,2015,3.0,40,0.075,2015,DB,90039,2017-08-16 00:00:00,,,3.0,,,,,deduplicated_matched,2980 N Allesandro St,34.1056839,-118.2444263
4600 N Coldwater Canyon Ave,91604.0,4.0,2015,3.0,32,0.09375,2015,DB,91604,2018-06-26 00:00:00,,,3.0,,,,,deduplicated_matched,4600 N Coldwater Canyon Ave,34.1730192,-118.4132379
13919 W Victory Blvd,91401.0,2.0,2015,2.0,18,0.1111111111111111,2015,DB,91401,"12/22/21, Corrected 04/04/22",,,2.0,,,,,deduplicated_matched,13919 W Victory Blvd,34.1864751,-118.4676387
5550 W Hollywood Blvd,90028.0,13.0,2015,23.0,280,0.0821428571428571,2015,DB,90028,2018-05-22 00:00:00,,,23.0,,,,,deduplicated_matched,5550 W Hollywood Blvd,34.10158,-118.3106771
7354 N Woodman Ave,91405.0,2.0,2015,7.0,86,0.0813953488372093,2015,DB,91405,2019-07-24 00:00:00,,,7.0,,,,,deduplicated_matched,7354 N Woodman Ave,34.2116193,-118.4311424
1235 S Westgate Ave,90025.0,11.0,2015,5.0,57,0.087719298245614,2015,DB,90025,2018-10-22 00:00:00,,,5.0,,,,,deduplicated_matched,1235 S Westgate Ave,34.0462846,-118.4629029
4227 S McLaughlin Ave,90066.0,11.0,2015,1.0,14,0.0714285714285714,2015,DB,90066,2018-03-19 00:00:00,,,1.0,,,,,deduplicated_matched,4227 S McLaughlin Ave,34.0008462,-118.4188711
1431 S Armacost Ave,90025.0,11.0,2015,1.0,13,0.0769230769230769,2015,DB,90025,2019-06-13 00:00:00,,,1.0,,,,,deduplicated_matched,1431 S Armacost Ave,34.043033,-118.461601
1350 S Roxbury Dr,90035.0,5.0,2015,3.0,34,0.088235294117647,2015,DB,90035,2018-07-26 00:00:00,,,3.0,,,,,deduplicated_matched,1350 S Roxbury Dr,34.0547442,-118.4024221
5338 N Cartwright Ave,91601.0,2.0,2015,2.0,21,0.0952380952380952,2015,DB,91601,2017-05-23 00:00:00,,,2.0,,,,,deduplicated_matched,5338 N Cartwright Ave,34.167819,-118.362985
129 S Kings Rd,90048.0,5.0,2015,3.0,36,0.0833333333333333,2015,DB,90048,2018-03-15 00:00:00,,,3.0,,,,,deduplicated_matched,129 S Kings Rd,34.0735873,-118.3723578
711 N Cole Ave,90038.0,13.0,2015,7.0,84,0.0833333333333333,2015,DB,90038,2017-07-11 00:00:00,,,7.0,,,,,deduplicated_matched,711 N Cole Ave,34.0839051,-118.3301249
12636 W Matteson Ave,90066.0,11.0,2015,3.0,29,0.1034482758620689,2015,DB,90066,2017-08-31 00:00:00,,,3.0,,,,,deduplicated_matched,12636 W Matteson Ave,33.9994901,-118.4362531
1019 S Catalina St,90006.0,10.0,2015,7.0,70,0.1,2015,DB,90006,2021-08-09 00:00:00,,,7.0,,,,,deduplicated_matched,1019 S Catalina St,34.0522052,-118.2949628
8435 N Orion Ave,91343.0,6.0,2015,1.0,24,0.0416666666666666,2015,DB,91343,2018-07-05 00:00:00,,,1.0,,,,,deduplicated_matched,8435 N Orion Ave,34.2636912,-118.4711916
12160 W Hart St,91605.0,2.0,2015,2.0,26,0.0769230769230769,2015,DB,91605,2017-09-12 00:00:00,,,2.0,,,,,deduplicated_matched,12160 W Hart St,34.1973343,-118.3986281
11260 Mississippi Ave,90025.0,11.0,2015,2.0,17,0.1176470588235294,2015,DB,90025,2018-05-23 00:00:00,,,2.0,,,,,deduplicated_matched,11260 Mississippi Ave,34.0397838,-118.4416607
1837 S Sawtelle Blvd,90025.0,11.0,2015,2.0,19,0.1052631578947368,2015,DB,90025,2017-07-21 00:00:00,,,2.0,,,,,deduplicated_matched,1837 S Sawtelle Blvd,34.042844,-118.4457038
11405 W Chandler Blvd,91601.0,2.0,2015,7.0,82,0.0853658536585365,2015,DB,91601,2017-12-14 00:00:00,,,7.0,,,,,deduplicated_matched,11405 W Chandler Blvd,34.1687887,-118.4466606
5825 W Camerford Ave,90038.0,13.0,2015,3.0,34,0.088235294117647,2015,DB,90038,2017-02-02 00:00:00,,,3.0,,,,,deduplicated_matched,5825 W Camerford Ave,34.0847019,-118.3254198
1854 S Sawtelle Blvd,90025.0,11.0,2015,3.0,25,0.12,2015,DB,90025,2018-02-27 00:00:00,,,3.0,,,,,deduplicated_matched,1854 S Sawtelle Blvd,34.0427657,-118.4448319
8748 S Reading Ave,90045.0,11.0,2015,1.0,10,0.1,2015,DB,90045,2018-11-01 00:00:00,,,,1.0,,,,deduplicated_matched,8748 S Reading Ave,33.9586075,-118.3813752
6238 N Fulton Ave,91401.0,2.0,2015,2.0,18,0.1111111111111111,2015,DB,91401,2019-10-22 00:00:00,,,2.0,,,,,deduplicated_matched,6238 N Fulton Ave,34.1842215,-118.4221962
7403 La Tijera Blvd,90045.0,11.0,2015,13.0,140,0.0928571428571428,2015,DB,90045,2019-10-10 00:00:00,,,13.0,,,,,deduplicated_matched,7403 La Tijera Blvd,33.97042,-118.3801513
10300 W Venice Blvd,90232.0,5.0,2015,3.0,34,0.088235294117647,2015,DB,90232,2019-02-26 00:00:00,,,3.0,,,,,deduplicated_matched,10300 W Venice Blvd,34.0452252,-118.350816
9122 N Orion Ave,91343.0,7.0,2015,2.0,14,0.1428571428571428,2015,DB,91343,2021-05-24 00:00:00,,,2.0,,,,,deduplicated_matched,9122 N Orion Ave,34.2636912,-118.4711916
1070 S Bedford St,90035.0,5.0,2015,2.0,19,0.1052631578947368,2015,DB,90035,2020-08-12 00:00:00,,,2.0,,,,,deduplicated_matched,1070 S Bedford St,34.0572997,-118.3802306
5955 W Saturn St,90035.0,10.0,2015,2.0,29,0.0689655172413793,2015,DB,90035,2019-04-22 00:00:00,,,2.0,,,,,deduplicated_matched,5955 W Saturn St,34.050517,-118.3700329
14934 W Burbank Blvd,91411.0,4.0,2015,1.0,11,0.0909090909090909,2015,DB,91411,2019-05-09 00:00:00,,,1.0,,,,,deduplicated_matched,14934 W Burbank Blvd,34.1722422,-118.6443478
1731 S Federal Ave,90025.0,11.0,2015,2.0,25,0.08,2015,DB,90025,2018-09-19 00:00:00,,,2.0,,,,,deduplicated_matched,1731 S Federal Ave,34.0416191,-118.4515698
3644 S Overland Ave,90034.0,5.0,2015,8.0,92,0.0869565217391304,2015,DB,90034,2019-01-28 00:00:00,,,8.0,,,,,deduplicated_matched,3644 S Overland Ave,34.02226640000001,-118.4093348
12405 W Oxnard St,91606.0,2.0,2015,1.0,17,0.0588235294117647,2015,DB,91606,2018-07-27 00:00:00,,,1.0,,,,,deduplicated_matched,12405 W Oxnard St,34.1803252,-118.5058382
15157 W Roscoe Blvd,91402.0,6.0,2015,2.0,39,0.0512820512820512,2015,DB,91402,2018-06-08 00:00:00,,,2.0,,,,,deduplicated_matched,15157 W Roscoe Blvd,34.2215698,-118.5040624
11800 W Santa Monica Blvd,90025.0,11.0,2015,16.0,147,0.1088435374149659,2015,DB,90025,2020-02-07 00:00:00,,,16.0,,,,,deduplicated_matched,11800 W Santa Monica Blvd,34.0425779,-118.458224
5537 W La Mirada Ave,90038.0,13.0,2015,2.0,10,0.2,2015,DB,90038,2019-11-22 00:00:00,,,,2.0,,,,deduplicated_matched,5537 W La Mirada Ave,34.09392680000001,-118.3105939
10625 Tabor St,90034.0,5.0,2015,4.0,32,0.125,2015,DB,90034,2020-07-28 00:00:00,,,4.0,,,,,deduplicated_matched,10625 Tabor St,34.023547,-118.4101815
4231 S McLaughlin Ave,90066.0,11.0,2015,2.0,13,0.1538461538461538,2015,DB,90066,2020-02-04 00:00:00,,,1.0,1.0,,,,deduplicated_matched,4231 S McLaughlin Ave,34.00076749999999,-118.4187291
1558 N Gordon St,90028.0,13.0,2015,4.0,47,0.0851063829787234,2015,DB,90028,2018-09-12 00:00:00,,,4.0,,,,,deduplicated_matched,1558 N Gordon St,34.0997249,-118.3192469
11210 W Sardis Ave,90064.0,5.0,2015,3.0,25,0.12,2015,DB,90064,2018-06-08 00:00:00,,,2.0,1.0,,,,deduplicated_matched,11210 W Sardis Ave,34.0296582,-118.430116
15123 W Sherman Way,91405.0,6.0,2015,2.0,33,0.0606060606060606,2015,Other/Discretionary,,2016-06-21 00:00:00,,,,,2.0,,,deduplicated_matched,15123 W Sherman Way,34.2009462,-118.5231576
721 S Bonnie Brae St,90057.0,1.0,2015,5.0,28,0.1785714285714285,2015,Other/Discretionary,90057,2016-04-18 00:00:00,,,5.0,,,,,deduplicated_matched,721 S Bonnie Brae St,34.0549598,-118.2752668
5325 N Denny Ave,91601.0,2.0,2015,1.0,17,0.0588235294117647,2015,Other/Discretionary,91601,2015-08-11 00:00:00,,,,1.0,,,,deduplicated_matched,5325 N Denny Ave,34.1674605,-118.3645938
10201 W Woodbine St,90034.0,5.0,2015,1.0,20,0.05,2015,Other/Discretionary,90034,2015-06-12 00:00:00,,,,1.0,,,,deduplicated_matched,10201 W Woodbine St,34.02885080000001,-118.4078872
11811 W Washington Pl,90066.0,11.0,2015,2.0,68,0.0294117647058823,2015,Other/Discretionary,90066,2018-04-12 00:00:00,,,,1.0,1.0,,,deduplicated_matched,11811 W Washington Pl,34.0038276,-118.4227174
6836 N Agnes Ave,91605.0,2.0,2015,1.0,6,0.1666666666666666,2015,Other/Discretionary,91605,2015-12-05 00:00:00,,,,1.0,,,,deduplicated_matched,6836 N Agnes Ave,34.1539898,-118.3953981
6929 N Ben Ave,91605.0,2.0,2015,1.0,6,0.1666666666666666,2015,Other/Discretionary,91605,2016-04-21 00:00:00,,,,1.0,,,,deduplicated_matched,6929 N Ben Ave,34.1966731,-118.3945858
6055 W Center Dr,90045.0,11.0,2015,3.0,109,0.0275229357798165,2015,Other/Discretionary,90045,,,,,,,3.0,,deduplicated_matched,6055 W Center Dr,33.7722723,-118.2703478
5901 W Center Dr,90045.0,11.0,2015,21.0,375,0.056,2015,Other/Discretionary,90045,2019-07-26 00:00:00,,,,,,21.0,,deduplicated_matched,5901 W Center Dr,33.7722723,-118.2703478
12954 W Riverside Dr,91423.0,4.0,2015,1.0,18,0.0555555555555555,2015,Other/Discretionary,91423,,,,,,1.0,,,deduplicated_matched,12954 W Riverside Dr,34.154216,-118.326101
7048 N Fulton Ave,91605.0,2.0,2015,1.0,16,0.0625,2015,Other/Discretionary,91605,,,,1.0,,,,,deduplicated_matched,7048 N Fulton Ave,34.1989147,-118.4222232
5335 N Denny Ave,91601.0,2.0,2015,1.0,9,0.1111111111111111,2015,Other/Discretionary,91601,2016-07-26 00:00:00,,,,1.0,,,,deduplicated_matched,5335 N Denny Ave,34.1676796,-118.3646049
13604 West Sherman Way,91403.0,2.0,2015,63.0,64,0.984375,2015,DB,91403,2016-08-01 00:00:00,,,,11.0,52.0,,,deduplicated_matched,13604 West Sherman Way,34.20108099999999,-118.5199707
225 N Vermont Ave,90004.0,10.0,2015,99.0,100,0.99,2015,DB,90004,2017-10-25 00:00:00,,,50.0,49.0,,,,deduplicated_matched,225 N Vermont Ave,34.0754481,-118.2919011
6570 S West Blvd,90043.0,8.0,2015,48.0,49,0.979591836734694,2015,DB,90043,2017-06-07 00:00:00,,,,48.0,,,,deduplicated_matched,6570 S West Blvd,33.9331221,-118.2883887
10046 N Samoa Ave,91042.0,7.0,2015,32.0,48,0.6666666666666666,2015,DB,91042,2019-03-05 00:00:00,,,,32.0,,,,deduplicated_matched,10046 N Samoa Ave,34.2514328,-118.2871256
10950 West Bloomfield Street,91602.0,2.0,2014,3.0,49,0.0612244897959183,2014,DB,91602,2015-12-24 00:00:00,,,3.0,,,,,deduplicated_matched,10950 West Bloomfield Street,34.1487715,-118.3692442
3627 South Hughes Avenue,90034.0,5.0,2014,2.0,27,0.074074074074074,2014,DB,90034,2015-09-11 00:00:00,,,2.0,,,,,deduplicated_matched,3627 South Hughes Avenue,34.0268863,-118.4017942
11120 West Huston Street,91601.0,2.0,2014,3.0,34,0.088235294117647,2014,DB,91601,2016-05-04 00:00:00,,,3.0,,,,,deduplicated_matched,11120 West Huston Street,34.1594509,-118.3723264
11738 West Courtleigh Drive,90066.0,11.0,2014,18.0,18,1.0,2014,DB,90066,2015-09-01 00:00:00,,,,18.0,,,,deduplicated_matched,11738 West Courtleigh Drive,33.9987088,-118.4174274
1644 South Bentley Avenue,90025.0,5.0,2014,1.0,9,0.1111111111111111,2014,DB,90025,2016-09-16 00:00:00,,,1.0,,,,,deduplicated_matched,1644 South Bentley Avenue,34.0485467,-118.4436774
11722 West Kiowa Avenue,90049.0,11.0,2014,2.0,10,0.2,2014,DB,90049,2014-04-25 00:00:00,,,,2.0,,,,deduplicated_matched,11722 West Kiowa Avenue,34.0503108,-118.4629235
3221 West Temple Street,90026.0,13.0,2014,6.0,67,0.0895522388059701,2014,DB,90026,2016-05-23 00:00:00,,,6.0,,,,,deduplicated_matched,3221 West Temple Street,34.0756416,-118.2815416
10523 West Ashton Avenue,90024.0,5.0,2014,1.0,14,0.0714285714285714,2014,DB,90024,2015-12-31 00:00:00,,,1.0,,,,,deduplicated_matched,10523 West Ashton Avenue,34.0631197,-118.4314316
739 South Ogden Drive,90036.0,5.0,2014,4.0,45,0.0888888888888888,2014,DB,90036,2015-09-15 00:00:00,,,4.0,,,,,deduplicated_matched,739 South Ogden Drive,34.0616079,-118.3604877
1101 South Harvard Blvd,90006.0,10.0,2014,4.0,40,0.1,2014,DB,90006,2018-03-19 00:00:00,,,4.0,,,,,deduplicated_matched,1101 South Harvard Blvd,34.0507589,-118.3043885
4270 South Lindblade,90066.0,11.0,2014,1.0,20,0.05,2014,DB,90066,2015-09-11 00:00:00,,,1.0,,,,,deduplicated_matched,4270 South Lindblade,33.99642530000001,-118.4220246
7029 North Woodman Avenue,91405.0,2.0,2014,2.0,23,0.0869565217391304,2014,DB,91405,2017-08-16 00:00:00,,,2.0,,,,,deduplicated_matched,7029 North Woodman Avenue,34.2097641,-118.4317501
14526 West Hartland St,91504.0,6.0,2014,2.0,22,0.0909090909090909,2014,DB,91504,,,,2.0,,,,,deduplicated_matched,14526 West Hartland St,34.1947196,-118.44994
10201 North Mountair Avenue,91042.0,7.0,2014,1.0,10,0.1,2014,DB,91042,2016-08-01 00:00:00,,,1.0,,,,,deduplicated_matched,10201 North Mountair Avenue,34.2542509,-118.2935406
1836 South Colby Avenue,90025.0,11.0,2014,4.0,49,0.0816326530612244,2014,DB,90025,2017-07-07 00:00:00,,,4.0,,,,,deduplicated_matched,1836 South Colby Avenue,34.0407387,-118.4487624
11210 West Peach Grove,91601.0,2.0,2014,1.0,15,0.0666666666666666,2014,DB,91601,2016-03-15 00:00:00,,,1.0,,,,,deduplicated_matched,11210 West Peach Grove,33.9059656,-118.2324993
10647 W. Ashton Avenue,90024.0,5.0,2014,1.0,14,0.0714285714285714,2014,DB,90024,2016-06-24 00:00:00,,,1.0,,,,,deduplicated_matched,10647 W. Ashton Avenue,34.0602101,-118.4346572
15003 West Victory Blvd,91411.0,6.0,2014,2.0,17,0.1176470588235294,2014,DB,91411,2015-10-09 00:00:00,,,2.0,,,,,deduplicated_matched,15003 West Victory Blvd,34.1864751,-118.4677498
6844 North Woodman Avenue,91405.0,2.0,2014,1.0,15,0.0666666666666666,2014,DB,91405,2017-02-23 00:00:00,,,1.0,,,,,deduplicated_matched,6844 North Woodman Avenue,34.2116193,-118.4311424
1215 South Bedford St,91035.0,5.0,2014,2.0,21,0.0952380952380952,2014,DB,91035,2017-08-17 00:00:00,,,2.0,,,,,deduplicated_matched,1215 South Bedford St,34.0552951,-118.3807867
11743 West Goshen Avenue,90049.0,11.0,2014,1.0,13,0.0769230769230769,2014,DB,90049,2017-09-05 00:00:00,,,1.0,,,,,deduplicated_matched,11743 West Goshen Avenue,34.0496083,-118.4630148
507 West 83rd Street,90003.0,8.0,2014,3.0,37,0.081081081081081,2014,DB,90003,2016-09-07 00:00:00,,,3.0,,,,,deduplicated_matched,507 West 83rd Street,33.9633376,-118.2831562
7121 North Woodley Avenue,91406.0,6.0,2014,12.0,126,0.0952380952380952,2014,DB,91406,2016-10-03 00:00:00,,,12.0,,,,,deduplicated_matched,7121 North Woodley Avenue,34.20012,-118.4838916
120 South Orlando Avenue,90048.0,5.0,2014,3.0,35,0.0857142857142857,2014,DB,90048,2016-09-26 00:00:00,,,3.0,,,,,deduplicated_matched,120 South Orlando Avenue,34.0734954,-118.3727775
1503 South Menlo Avenue,90006.0,1.0,2014,1.0,9,0.1111111111111111,2014,DB,90006,2014-12-04 00:00:00,,,,1.0,,,,deduplicated_matched,1503 South Menlo Avenue,33.8964466,-118.2892049
2250 South Fox Hills Drive,90064.0,5.0,2014,2.0,22,0.0909090909090909,2014,DB,90064,2016-03-24 00:00:00,,,2.0,,,,,deduplicated_matched,2250 South Fox Hills Drive,34.0515925,-118.415329
14944 West Magnolia Blvd.,91403.0,4.0,2014,5.0,18,0.2777777777777778,2014,DB,91403,2016-06-29 00:00:00,,,,5.0,,,,deduplicated_matched,14944 West Magnolia Blvd.,34.1647086,-118.3582277
11755 West Culver Blvd.,90066.0,11.0,2014,2.0,19,0.1052631578947368,2014,DB,90066,2016-04-21 00:00:00,,,2.0,,,,,deduplicated_matched,11755 West Culver Blvd.,33.9978128,-118.4162239
6908 North Vesper Avenue,91405.0,6.0,2014,10.0,49,0.2040816326530612,2014,DB,91405,2016-07-21 00:00:00,,,4.0,6.0,,,,deduplicated_matched,6908 North Vesper Avenue,34.1960511,-118.4505678
1526 South Armacost Avenue,90025.0,11.0,2014,2.0,26,0.0769230769230769,2014,DB,90025,2017-09-29 00:00:00,,,2.0,,,,,deduplicated_matched,1526 South Armacost Avenue,34.0413349,-118.4593156
8715 North Tobias Avenue,91042.0,6.0,2014,5.0,27,0.1851851851851851,2014,DB,91042,2019-07-26 00:00:00,,,,5.0,,,,deduplicated_matched,8715 North Tobias Avenue,34.2285622,-118.4519154
12770 West Caswell Avenue,90036.0,11.0,2014,1.0,11,0.0909090909090909,2014,DB,90036,2017-11-28 00:00:00,,,1.0,,,,,deduplicated_matched,12770 West Caswell Avenue,33.9976836,-118.4379554
1515 West Wilshire Blvd,90017.0,1.0,2014,18.0,218,0.0825688073394495,2014,DB,90017,2016-12-23 00:00:00,,,18.0,,,,,deduplicated_matched,1515 West Wilshire Blvd,34.0550365,-118.2689781
2585 South Sepulveda Blvd,90064.0,5.0,2014,1.0,7,0.1428571428571428,2014,DB,90064,2016-07-06 00:00:00,,,,1.0,,,,deduplicated_matched,2585 South Sepulveda Blvd,34.0330409,-118.432923
670 South Kelton Avenue,90024.0,5.0,2014,4.0,48,0.0833333333333333,2014,DB,90024,2018-07-06 00:00:00,,,4.0,,,,,deduplicated_matched,670 South Kelton Avenue,34.0646048,-118.4524579
1500 South Beverly Drive,90035.0,5.0,2014,1.0,8,0.125,2014,DB,90035,2018-06-18 00:00:00,,,1.0,,,,,deduplicated_matched,1500 South Beverly Drive,34.0523472,-118.3951474
13610 West Strathern Street,91402.0,6.0,2014,4.0,34,0.1176470588235294,2014,DB,91402,2016-03-10 00:00:00,,,4.0,,,,,deduplicated_matched,13610 West Strathern Street,34.2159026,-118.4239039
4091 South Redwood Avenue,90066.0,11.0,2014,6.0,67,0.0895522388059701,2014,DB,90066,2017-06-02 00:00:00,,,6.0,,,,,deduplicated_matched,4091 South Redwood Avenue,33.9909288,-118.4412503
8746 North Burnett Avenue,91343.0,6.0,2014,1.0,20,0.05,2014,DB,91343,2016-04-14 00:00:00,,,1.0,,,,,deduplicated_matched,8746 North Burnett Avenue,34.2004009,-118.4623467
4180 West Wilshire Blvd,90010.0,5.0,2014,3.0,29,0.1034482758620689,2014,DB,90010,2016-07-27 00:00:00,,,3.0,,,,,deduplicated_matched,4180 West Wilshire Blvd,34.0614164,-118.3188894
15566 West Rayen Street,91343.0,6.0,2014,3.0,31,0.0967741935483871,2014,DB,91343,2021-02-24 00:00:00,,,3.0,,,,,deduplicated_matched,15566 West Rayen Street,34.2317541,-118.4725545
11811 West Culver Blvd,90066.0,11.0,2014,3.0,27,0.1111111111111111,2014,DB,90066,2016-10-26 00:00:00,,,3.0,,,,,deduplicated_matched,11811 West Culver Blvd,33.9973389,-118.416556
11430 West Burbank Blvd,91601.0,2.0,2014,14.0,125,0.112,2014,DB,91601,2017-08-18 00:00:00,,,14.0,,,,,deduplicated_matched,11430 West Burbank Blvd,34.1723993,-118.6449145
8935 North Orion Avenue,91343.0,7.0,2014,3.0,33,0.0909090909090909,2014,DB,91343,2018-02-28 00:00:00,,,3.0,,,,,deduplicated_matched,8935 North Orion Avenue,34.2636912,-118.4711916
5107 West Harold Way,90027.0,13.0,2014,1.0,7,0.1428571428571428,2014,DB,90027,2018-12-04 00:00:00,,,,1.0,,,,deduplicated_matched,5107 West Harold Way,34.099595,-118.3008854
5000 South Main Street,90037.0,9.0,2014,58.0,59,0.9830508474576272,2014,DB,90037,2016-11-07 00:00:00,,,9.0,49.0,,,,deduplicated_matched,5000 South Main Street,33.9970235,-118.2737624
8822 North Burnet Avenue,91343.0,6.0,2014,1.0,20,0.05,2014,DB,91343,2016-02-05 00:00:00,,,1.0,,,,,deduplicated_matched,8822 North Burnet Avenue,34.2004009,-118.4623467
5700 North Sepulveda Blvd,91411.0,5.0,2014,11.0,131,0.0839694656488549,2014,DB,91411,2018-02-28 00:00:00,,,11.0,,,,,deduplicated_matched,5700 North Sepulveda Blvd,34.168478,-118.4659308
1225 South Vermont Avenue,90006.0,1.0,2014,39.0,40,0.975,2014,DB,90006,2015-09-09 00:00:00,,,,39.0,,,,deduplicated_matched,1225 South Vermont Avenue,34.0481029,-118.2919331
5110 South Crenshaw Blvd,90043.0,8.0,2014,32.0,32,1.0,2014,DB,90043,2016-01-27 00:00:00,,,,32.0,,,,deduplicated_matched,5110 South Crenshaw Blvd,33.9967391,-118.3309696
4812 South Avalon Blvd,90011.0,9.0,2014,7.0,7,1.0,2014,DB,90011,2015-11-03 00:00:00,,,,7.0,,,,deduplicated_matched,4812 South Avalon Blvd,33.9992402,-118.2649658
6026 N. Whitsett Avenue,91606.0,2.0,2014,1.0,18,0.0555555555555555,2014,DB,91606,2014-10-09 00:00:00,,,1.0,,,,,deduplicated_matched,6026 N. Whitsett Avenue,34.1802306,-118.4049089
7912 South Main Street,90003.0,9.0,2014,6.0,6,1.0,2014,DB,90003,2016-08-11 00:00:00,,,,,6.0,,,deduplicated_matched,7912 South Main Street,33.9674969,-118.2737095
246 West 73rd Street,90003.0,9.0,2014,3.0,7,0.4285714285714285,2014,Other/Discretionary,90003,2016-02-23 00:00:00,,,,3.0,,,,deduplicated_matched,246 West 73rd Street,33.9735457,-118.2775727
14430 West Benefit Street,91423.0,4.0,2014,2.0,26,0.0769230769230769,2014,Other/Discretionary,91423,2015-07-10 00:00:00,,,,,2.0,,,deduplicated_matched,14430 West Benefit Street,34.1485492,-118.4475516
2 East Breeze Avenue - Mello,90291.0,11.0,2014,1.0,31,0.032258064516129,2014,Other/Discretionary,90291,2015-01-08 00:00:00,,,,,1.0,,,deduplicated_matched,2 East Breeze Avenue - Mello,33.9900837,-118.4761622
915 North La Brea Avenue,90046.0,5.0,2014,18.0,179,0.1005586592178771,2014,Other/Discretionary,90046,2016-12-22 00:00:00,,,,,18.0,,,deduplicated_matched,915 North La Brea Avenue,34.087495,-118.3444598
3025 East Gleason Avenue,90063.0,14.0,2014,1.0,48,0.0208333333333333,2014,Other/Discretionary,90063,2016-02-01 00:00:00,,,,,1.0,,,deduplicated_matched,3025 East Gleason Avenue,34.0342649,-118.168715
6438 Vineland Avenue,91606.0,2.0,2014,1.0,8,0.125,2014,Other/Discretionary,91606,2017-06-15 00:00:00,,,,1.0,,,,deduplicated_matched,6438 Vineland Avenue,34.1877791,-118.3697465
1317 South Hope St,90015.0,14.0,2014,6.0,38,0.1578947368421052,2014,Other/Discretionary,90015,,,5.0,,1.0,,,,deduplicated_matched,1317 South Hope St,34.0390941,-118.2663897
1605 North Cherokee Avenue (Selma Project),90028.0,13.0,2014,65.0,66,0.9848484848484848,2014,Other/Discretionary,90028,2016-11-15 00:00:00,,,,65.0,,,,deduplicated_matched,1605 North Cherokee Avenue (Selma Project),34.0998607,-118.3352748
1333 South Hope St.,90015.0,14.0,2014,6.0,33,0.1818181818181818,2014,Other/Discretionary,90015,,,5.0,,1.0,,,,deduplicated_matched,1333 South Hope St.,34.038757,-118.2666181
8413 West Blackburn Avenue,90048.0,5.0,2014,2.0,25,0.08,2014,Other/Discretionary,90048,2017-02-02 00:00:00,,,2.0,,,,,deduplicated_matched,8413 West Blackburn Avenue,34.07241670000001,-118.3737614
811 South Carondelet Street,90057.0,1.0,2014,50.0,52,0.9615384615384616,2014,DB,90057,2015-09-11 00:00:00,,,,8.0,42.0,,,deduplicated_matched,811 South Carondelet Street,34.0564544,-118.2827967
16304 South Vermont Avenue,90247.0,15.0,2014,69.0,79,0.8734177215189873,2014,DB,90247,2015-08-10 00:00:00,,,4.0,65.0,,,,deduplicated_matched,16304 South Vermont Avenue,33.8832143,-118.2909851
1901 West Sixth Street,90057.0,1.0,2014,52.0,53,0.981132075471698,2014,DB,90057,2016-11-08 00:00:00,,,,52.0,,,,deduplicated_matched,1901 West Sixth Street,34.0589568,-118.2725404
13368 West Beach Avenue,90292.0,11.0,2014,20.0,21,0.9523809523809524,2014,DB,90292,2016-03-02 00:00:00,,,15.0,5.0,,,,deduplicated_matched,13368 West Beach Avenue,33.9702223,-118.3613688
540 South Kingsley Drive,90020.0,10.0,2014,34.0,35,0.9714285714285714,2014,DB,90020,2016-07-21 00:00:00,,,,34.0,,,,deduplicated_matched,540 South Kingsley Drive,34.0641964,-118.302499
4110 West 9th Street,90019.0,5.0,2014,31.0,32,0.96875,2014,DB,90019,2016-10-04 00:00:00,,,4.0,27.0,,,,deduplicated_matched,4110 West 9th Street,34.0560482,-118.3216425
2590 East Arvia Street (Taylor Yard),90065.0,1.0,2014,107.0,108,0.9907407407407408,2014,DB,90065,2017-08-04 00:00:00,,,,107.0,,,,deduplicated_matched,2590 East Arvia Street (Taylor Yard),34.0944715,-118.2315099
1600 North Western Avenue,90027.0,13.0,2013,39.0,40,0.975,2013,DB,90006,2014-10-02 00:00:00,,,,39.0,,,,deduplicated_matched,1600 North Western Avenue,34.0999355,-118.3089888
6217 West Waring Avenue,90048.0,13.0,2013,2.0,23,0.0869565217391304,2013,DB,90038,2015-02-09 00:00:00,,,2.0,,,,0.35,deduplicated_matched,6217 West Waring Avenue,34.0855126,-118.3317842
12611 West Pacific Avenue,90066.0,11.0,2013,1.0,10,0.1,2013,DB,90066,2013-10-25 00:00:00,,,,1.0,,,0.2,deduplicated_matched,12611 West Pacific Avenue,34.1883376,-118.3448679
14402 West Hamlin Street,91401.0,6.0,2013,24.0,25,0.96,2013,DB,91401,2014-06-04 00:00:00,,,24.0,,,,0.35,deduplicated_matched,14402 West Hamlin Street,34.1885298,-118.4030985
14610 West Plummer Street,91402.0,6.0,2013,4.0,44,0.0909090909090909,2013,DB,91402,2013-11-18 00:00:00,,,4.0,,,,0.35,deduplicated_matched,14610 West Plummer Street,34.2422433,-118.4508929
7260 West Hawthorn Avenue,90046.0,4.0,2013,2.0,25,0.08,2013,DB,90046,2014-12-21 00:00:00,,,2.0,,,,0.35,deduplicated_matched,7260 West Hawthorn Avenue,34.099677,-118.3481772
4824 North Tujunga Avenue,91601.0,2.0,2013,2.0,31,0.064516129032258,2013,DB,91601,2014-09-11 00:00:00,,,2.0,,,,0.1,deduplicated_matched,4824 North Tujunga Avenue,34.2334089,-118.3818787
3535 East Whittier Blvd,90023.0,14.0,2013,77.0,78,0.9871794871794872,2013,DB,90023,2014-11-21 00:00:00,,,12.0,65.0,,,0.35,deduplicated_matched,3535 East Whittier Blvd,34.0082413,-118.0998554
738 North Wilcox Avenue,90038.0,13.0,2013,9.0,103,0.087378640776699,2013,DB,90038,2015-01-23 00:00:00,,,9.0,,,,,deduplicated_matched,738 North Wilcox Avenue,34.0248464,-118.1216578
2917 East 1st Street,90033.0,14.0,2013,51.0,53,0.9622641509433962,2013,DB,90033,2014-11-05 00:00:00,,,,51.0,,,,deduplicated_matched,2917 East 1st Street,34.0408964,-118.2029536
18452 West Halsted Street,91325.0,12.0,2013,4.0,47,0.0851063829787234,2013,DB,91325,2015-08-27 00:00:00,,,4.0,,,,0.35,deduplicated_matched,18452 West Halsted Street,34.2443154,-118.5356806
303 South Pacific Avenue,90731.0,15.0,2013,49.0,49,1.0,2013,DB,90731,2014-12-30 00:00:00,,,7.0,22.0,20.0,,0.35,deduplicated_matched,303 South Pacific Avenue,33.9956346,-118.4785811
5100 North Woodman Avenue,91423.0,4.0,2013,4.0,36,0.1111111111111111,2013,DB,91423,2014-12-04 00:00:00,,,,4.0,,,0.2,deduplicated_matched,5100 North Woodman Avenue,34.2116193,-118.4311424
13488 West Terra Bella,91331.0,7.0,2013,3.0,24,0.125,2013,DB,91331,2015-05-04 00:00:00,,,,3.0,,,0.2,deduplicated_matched,13488 West Terra Bella,34.2510154,-118.4283324
13470 West Terra Bella Street,91331.0,7.0,2013,3.0,23,0.1304347826086956,2013,DB,91331,2015-05-04 00:00:00,,,,3.0,,,0.2,deduplicated_matched,13470 West Terra Bella Street,34.2510154,-118.4283324
545 North Kenmore Avenue,90004.0,13.0,2013,1.0,16,0.0625,2013,DB,90004,2016-06-17 00:00:00,,,1.0,,,,0.28,deduplicated_matched,545 North Kenmore Avenue,34.0804044,-118.2968904
12000 West Idaho Avenue,90025.0,11.0,2013,3.0,34,0.088235294117647,2013,DB,90025,2014-12-18 00:00:00,,,3.0,,,,0.35,deduplicated_matched,12000 West Idaho Avenue,34.03890380000001,-118.460413
1539 South Beloit Avenue,90025.0,11.0,2013,6.0,63,0.0952380952380952,2013,DB,90025,2015-04-13 00:00:00,,,6.0,,,,0.35,deduplicated_matched,1539 South Beloit Avenue,34.0387433,-118.4403584
5810 West Olympic Blvd,90036.0,5.0,2013,1.0,18,0.0555555555555555,2013,DB,90019,2013-08-13 00:00:00,,,1.0,,,,0.2,deduplicated_matched,5810 West Olympic Blvd,34.0571488,-118.3564908
11715 West Bellagio Road,90049.0,5.0,2013,1.0,23,0.0434782608695652,2013,DB,90049,2014-12-18 00:00:00,,,1.0,,,,0.2,deduplicated_matched,11715 West Bellagio Road,34.0814349,-118.4582996
8621 South Ramsgate Avenue,90045.0,11.0,2013,1.0,13,0.0769230769230769,2013,DB,90045,2014-10-18 00:00:00,,,1.0,,,,0.23,deduplicated_matched,8621 South Ramsgate Avenue,33.9598853,-118.3825589
18101 West Roscoe Blvd,91325.0,12.0,2013,2.0,41,0.048780487804878,2013,DB,91325,2018-03-05 00:00:00,,,2.0,,,,0.2,deduplicated_matched,18101 West Roscoe Blvd,34.2213896,-118.5089
1439 North Poinsettia Place,90046.0,13.0,2013,3.0,39,0.0769230769230769,2013,DB,90046,2015-01-28 00:00:00,,,3.0,,,,0.33,deduplicated_matched,1439 North Poinsettia Place,34.0972696,-118.3487206
845 North Fuller Avenue,90046.0,5.0,2013,1.0,9,0.1111111111111111,2013,DB,90046,2014-10-03 00:00:00,,,1.0,,,,0.35,deduplicated_matched,845 North Fuller Avenue,34.0866507,-118.3499451
4742 North Sepulveda Blvd,91403.0,4.0,2013,1.0,19,0.0526315789473684,2013,DB,91403,2015-02-03 00:00:00,,,1.0,,,,0.06,deduplicated_matched,4742 North Sepulveda Blvd,34.1281642,-118.4801929
121 North Clark Drive,90048.0,5.0,2013,1.0,19,0.0526315789473684,2013,DB,90048,2015-08-26 00:00:00,,,1.0,,,,0.23,deduplicated_matched,121 North Clark Drive,34.0758641,-118.3851395
4044 South Redwood Avenue,90066.0,11.0,2013,2.0,22,0.0909090909090909,2013,DB,90066,2015-02-25 00:00:00,,,2.0,,,,0.35,deduplicated_matched,4044 South Redwood Avenue,33.9923306,-118.4411733
5308 North Sepulveda Blvd,91411.0,4.0,2013,3.0,36,0.0833333333333333,2013,DB,91411,2015-05-13 00:00:00,,,3.0,,,,0.35,deduplicated_matched,5308 North Sepulveda Blvd,34.1672454,-118.465719
9947 North Marcus Avenue,91042.0,7.0,2013,1.0,9,0.1111111111111111,2013,DB,91042,2019-11-26 00:00:00,,,1.0,,,,0.35,deduplicated_matched,9947 North Marcus Avenue,34.300579,-118.5216962
4140 South Glencoe Avenue,90292.0,11.0,2013,6.0,67,0.0895522388059701,2013,DB,90292,2017-08-11 00:00:00,,,6.0,,,,0.35,deduplicated_matched,4140 South Glencoe Avenue,33.9890765,-118.4416035
3759 West 27th St,90018.0,10.0,2013,3.0,28,0.1071428571428571,2013,DB,90018,2014-01-23 00:00:00,,,,3.0,,,0.08,deduplicated_matched,3759 West 27th St,34.0313713,-118.326092
4020 West 5th Street,90020.0,10.0,2013,5.0,48,0.1041666666666666,2013,DB,90020,(4/1/2015) ,,,,5.0,,,0.09,deduplicated_matched,4020 West 5th Street,34.0651717,-118.3060006
111 North Kings Road,90048.0,5.0,2013,1.0,21,0.0476190476190476,2013,DB,90048,2014-03-20 00:00:00,,,1.0,,,,0.2,deduplicated_matched,111 North Kings Road,34.0749199,-118.3723842
12341 West Chandler Blvd,91607.0,2.0,2013,2.0,23,0.0869565217391304,2013,DB,91607,2016-01-14 00:00:00,,,2.0,,,,0.35,deduplicated_matched,12341 West Chandler Blvd,34.1687887,-118.4466606
14920 West Parthenia Street,91402.0,6.0,2013,127.0,127,1.0,2013,DB,91402,2017-09-01 00:00:00,,,,127.0,,,0.35,deduplicated_matched,14920 West Parthenia Street,34.2279278,-118.4589498
6842 North Agnes Avenue,91605.0,2.0,2013,1.0,6,0.1666666666666666,2013,DB,91605,2015-05-15 00:00:00,,,1.0,,,,0.17,deduplicated_matched,6842 North Agnes Avenue,34.1539898,-118.3953981
4255 West Lockwood Avenue,90029.0,13.0,2013,1.0,8,0.125,2013,DB,90029,2016-06-17 00:00:00,,,,1.0,,,0.29,deduplicated_matched,4255 West Lockwood Avenue,34.0889413,-118.2865006
1825 South Corinth Avenue,90025.0,11.0,2013,4.0,52,0.0769230769230769,2013,DB,90025,,,,4.0,,,,0.35,deduplicated_matched,1825 South Corinth Avenue,34.0426546,-118.4468115
12045 West Keswick Street,91605.0,6.0,2013,2.0,32,0.0625,2013,DB,91605,2015-02-26 00:00:00,,,2.0,,,,0.03,deduplicated_matched,12045 West Keswick Street,34.2105225,-118.3961529
1053 South New Hampshire Avenue,90006.0,10.0,2013,51.0,52,0.9807692307692308,2013,DB,90006,2014-10-21 00:00:00,,,,51.0,,,,deduplicated_matched,1053 South New Hampshire Avenue,34.0511794,-118.2929616
14629 West Friar Street,91411.0,6.0,2013,1.0,3,0.3333333333333333,2013,DB,91411,2015-08-24 00:00:00,,,,1.0,,,,deduplicated_matched,14629 West Friar Street,34.1858748,-118.4519209
3856 South Normandie Avenue,90037.0,8.0,2013,2.0,16,0.125,2013,DB,90037,2016-11-16 00:00:00,,,,,2.0,,,deduplicated_matched,3856 South Normandie Avenue,34.0157659,-118.299911
415 South Burlington Avenue,90057.0,1.0,2013,29.0,30,0.9666666666666668,2013,DB,90057,2014-10-24 00:00:00,,,,15.0,14.0,,,deduplicated_matched,415 South Burlington Avenue,34.0601465,-118.2699995
9547 South Compton Avenue,90002.0,15.0,2013,6.0,9,0.6666666666666666,2013,DB,90002,2015-04-29 00:00:00,,,,6.0,,,,deduplicated_matched,9547 South Compton Avenue,33.9198476,-118.2462306
"12301 W. Pico Blvd, Los Angeles, CA",90064.0,11.0,2012,8.0,95,0.0842105263157894,2012,DB,90064,2014-10-06 00:00:00,,,8.0,,,,,deduplicated_matched,"12301 W. Pico Blvd, Los Angeles, CA",34.0285235,-118.4526583
"5816 N. Whitsett Avenue, Los Angeles, CA",91607.0,2.0,2012,2.0,23,0.0869565217391304,2012,DB,91607,2015-11-20 00:00:00,,,2.0,,,,,deduplicated_matched,"5816 N. Whitsett Avenue, Los Angeles, CA",34.1762827,-118.4050646
"1735 N. La Brea Ave., Los Angeles, CA",90046.0,4.0,2012,1.0,18,0.0555555555555555,2012,DB,90046,2015-01-13 00:00:00,,,1.0,,,,,deduplicated_matched,"1735 N. La Brea Ave., Los Angeles, CA",34.1026172,-118.345967
"6912 N. Coldwater Canyon, Los Angeles, CA",91605.0,2.0,2012,1.0,12,0.0833333333333333,2012,DB,91605,2018-05-14 00:00:00,,,1.0,,,,,deduplicated_matched,"6912 N. Coldwater Canyon, Los Angeles, CA",34.1757569,-118.4135944
"10810 W. Palms Blvd., Los Angeles, CA",90034.0,5.0,2012,2.0,25,0.08,2012,DB,90034,2014-01-22 00:00:00,,,2.0,,,,,deduplicated_matched,"10810 W. Palms Blvd., Los Angeles, CA",34.0063701,-118.4458242
"11900 W. Courtleigh Dr., Los Angeles, CA",90066.0,11.0,2012,3.0,28,0.1071428571428571,2012,DB,90066,2014-02-28 00:00:00,,,3.0,,,,,deduplicated_matched,"11900 W. Courtleigh Dr., Los Angeles, CA",33.99717529999999,-118.4187522
"1616 N. La Brea Ave., aka 7084 W. Hawthorne Ave",90028.0,13.0,2012,5.0,56,0.0892857142857142,2012,DB,90028,2016-04-06 00:00:00,,,5.0,,,,,deduplicated_matched,"1616 N. La Brea Ave., aka W. Hawthorne Ave",34.1001016,-118.3444142
"5005 S. Main St., Los Angeles, CA",90011.0,9.0,2012,88.0,89,0.9887640449438202,2012,DB,90037,2014-12-23 00:00:00,,,14.0,74.0,,,,deduplicated_matched,"5005 S. Main St., Los Angeles, CA",33.9969407,-118.2741513
"3680 S. Keystone Ave., Los Angeles, CA",90034.0,5.0,2012,1.0,12,0.0833333333333333,2012,DB,90034,2013-04-10 00:00:00,,,,1.0,,,,deduplicated_matched,"3680 S. Keystone Ave., Los Angeles, CA",34.1600572,-118.3242107
"153 N. Glendale Blvd., Los Angeles, CA",90026.0,13.0,2012,44.0,45,0.9777777777777776,2012,DB,90026,2013-12-10 00:00:00,,,,44.0,,,,deduplicated_matched,"153 N. Glendale Blvd., Los Angeles, CA",34.0826764,-118.2599383
"9901 W. Washington Blvd., Los Angeles, CA",90232.0,5.0,2012,11.0,131,0.0839694656488549,2012,DB,90232,2015-12-30 00:00:00,,,11.0,,,,,deduplicated_matched,"9901 W. Washington Blvd., Los Angeles, CA",34.0217063,-118.3980175
"11776 W. Idaho Ave., Los Angeles, CA",90025.0,11.0,2012,1.0,9,0.1111111111111111,2012,DB,90025,2014-05-22 00:00:00,,,1.0,,,,,deduplicated_matched,"11776 W. Idaho Ave., Los Angeles, CA",34.0414606,-118.4566413
"13429 W. Vanowen St., Los Angeles, CA",91405.0,2.0,2012,2.0,23,0.0869565217391304,2012,DB,91405,2014-06-17 00:00:00,,,2.0,,,,,deduplicated_matched,"13429 W. Vanowen St., Los Angeles, CA",34.194368,-118.4256659
"7355 N. Balboa Blvd., Los Angeles, CA",91406.0,6.0,2012,1.0,14,0.0714285714285714,2012,DB,91406,2013-04-15 00:00:00,,,1.0,,,,,deduplicated_matched,"7355 N. Balboa Blvd., Los Angeles, CA",34.25409399999999,-118.5026391
"9245 N. Burnett Ave., Los Angeles, CA",91343.0,7.0,2012,1.0,9,0.1111111111111111,2012,DB,91343,2016-09-23 00:00:00,,,1.0,,,,,deduplicated_matched,"9245 N. Burnett Ave., Los Angeles, CA",34.2004009,-118.4623467
"7930 Hollywood Blvd., Los Angeles, CA",90046.0,13.0,2012,4.0,79,0.050632911392405,2012,DB,90046,2014-03-24 00:00:00,,,4.0,,,,,deduplicated_matched,"7930 Hollywood Blvd., Los Angeles, CA",34.1010172,-118.3628857
"1301 S. Brockton Ave., Los Angeles, CA",90025.0,11.0,2012,4.0,49,0.0816326530612244,2012,DB,90025,2014-10-07 00:00:00,,,4.0,,,,,deduplicated_matched,"1301 S. Brockton Ave., Los Angeles, CA",34.04401500000001,-118.4636898
"3425 S. Motor Ave., Los Angeles, CA",90034.0,5.0,2012,17.0,115,0.1478260869565217,2012,DB,90034,2015-01-24 00:00:00,,,,17.0,,,,deduplicated_matched,"3425 S. Motor Ave., Los Angeles, CA",34.0272074,-118.4093687
"4632 N. Vista Del Monte, Los Angeles, CA",91403.0,4.0,2012,3.0,34,0.088235294117647,2012,DB,91403,2015-01-28 00:00:00,,,3.0,,,,,deduplicated_matched,"4632 N. Vista Del Monte, Los Angeles, CA",34.2726244,-118.6751321
"1411 S. Barry Ave., Los Angeles CA",90025.0,11.0,2012,2.0,25,0.08,2012,DB,90025,2014-09-29 00:00:00,,,2.0,,,,,deduplicated_matched,"1411 S. Barry Ave., Los Angeles CA",34.0116104,-118.4291138
"928 N. Western Ave., Los Angeles, CA",90029.0,13.0,2012,2.0,49,0.0408163265306122,2012,DB,90029,2017-02-23 00:00:00,,,2.0,,,,,deduplicated_matched,"928 N. Western Ave., Los Angeles, CA",34.0870602,-118.3089855
"14139-14143 W. Gilmore St., Los Angeles, CA",91401.0,2.0,2012,2.0,20,0.1,2012,DB,91401,2013-07-31 00:00:00,,,2.0,,,,,deduplicated_matched,"14139-14143 W. Gilmore St., Los Angeles, CA",34.1879534,-118.441339
"6841 N. Woodman Ave., Los Angeles, CA",91401.0,2.0,2012,1.0,12,0.0833333333333333,2012,DB,91405,2013-12-16 00:00:00,,,1.0,,,,,deduplicated_matched,"6841 N. Woodman Ave., Los Angeles, CA",34.2097641,-118.4317501
"13309 W. Woodbridge St., Los Angeles, CA",91423.0,4.0,2012,3.0,30,0.1,2012,DB,91423,2016-08-31 00:00:00,,,3.0,,,,,deduplicated_matched,"13309 W. Woodbridge St., Los Angeles, CA",34.1477477,-118.4228097
"4501 S. Figueroa, Los Angeles, CA",90037.0,9.0,2012,13.0,21,0.6190476190476191,2012,DB,90037,2013-08-23 00:00:00,,,,13.0,,,,deduplicated_matched,"4501 S. Figueroa, Los Angeles, CA",34.0026184,-118.2831026
"325 W. Adams Blvd., Los Angeles, CA",90007.0,9.0,2012,46.0,913,0.0503833515881708,2012,DB,90007,2015-06-11 00:00:00,,,46.0,,,,,deduplicated_matched,"325 W. Adams Blvd., Los Angeles, CA",34.028336,-118.2728824
"1407 E. Venice Blvd., Los Angeles, CA",90291.0,11.0,2012,1.0,9,0.1111111111111111,2012,DB,90291,2013-05-30 00:00:00,,,1.0,,,,,deduplicated_matched,"1407 E. Venice Blvd., Los Angeles, CA",33.9962719,-118.4491525
"238 E. Vernon Ave., Los Angeles, CA",90011.0,9.0,2012,9.0,9,1.0,2012,DB,90011,2013-03-20 00:00:00,,,,9.0,,,,deduplicated_matched,"238 E. Vernon Ave., Los Angeles, CA",34.0035694,-118.2703872
"14532 W. Hart St., Los Angeles, CA",91406.0,6.0,2012,5.0,6,0.8333333333333334,2012,DB,91405,2015-01-05 00:00:00,,,,,5.0,,,deduplicated_matched,"14532 W. Hart St., Los Angeles, CA",34.1973345,-118.4499998
"3555 E. Whittier Blvd., Los Angeles",90023.0,14.0,2012,59.0,60,0.9833333333333332,2012,DB,90023,2014-05-08 00:00:00,,,9.0,50.0,,,,deduplicated_matched,"3555 E. Whittier Blvd., Los Angeles",34.0262815,-118.1967033
"2401 W. Jefferson Blvd., Los Angeles",90018.0,10.0,2012,39.0,40,0.975,2012,DB,90018,2014-04-18 00:00:00,,,,39.0,,,,deduplicated_matched,"2401 W. Jefferson Blvd., Los Angeles",34.0258641,-118.3215435
"2914-2936 W. 8th St., Los Angeles, CA",90015.0,1.0,2012,84.0,85,0.9882352941176472,2012,DB,90005,2014-03-19 00:00:00,,,,84.0,,,,deduplicated_matched,"2914-2936 W. 8th St., Los Angeles, CA",34.05751,-118.28966
"9247 N. Van Nuys Blvd., Los Angeles, CA",91402.0,6.0,2012,3.0,56,0.0535714285714285,2012,DB,91402,2013-11-04 00:00:00,,,3.0,,,,,deduplicated_matched,"9247 N. Van Nuys Blvd., Los Angeles, CA",34.2134238,-118.4493142
"2403 W. 4th St., Los Angeles, CA",90057.0,1.0,2012,38.0,39,0.9743589743589745,2012,DB,90057,2014-10-21 00:00:00,,,,38.0,,,,deduplicated_matched,"2403 W. 4th St., Los Angeles, CA",34.06422730000001,-118.2767406
"1866 S. Greenfield Ave, Los Angeles 90025",90025.0,5.0,2011,1.0,19,0.0526315789473684,2011,DB,90025,2018-12-07 00:00:00,,,1.0,,,,,deduplicated_matched,"1866 S. Greenfield Ave, Los Angeles",34.0470915,-118.4394702
"375 N. La Cienega Blvd, Los Angeles 90048",90048.0,5.0,2011,11.0,125,0.088,2011,DB,90048,2015-01-16 00:00:00,,,11.0,,,,,deduplicated_matched,"375 N. La Cienega Blvd, Los Angeles",34.0783933,-118.377094
"11055 Cumpston St, Los Angeles 91601",91601.0,2.0,2011,2.0,25,0.08,2011,DB,91601,2015-08-25 00:00:00,,,2.0,,,,,deduplicated_matched,"11055 Cumpston St, Los Angeles",34.1702597,-118.3721642
"5315 N. Bellingham Ave, Los Angeles 91607",91607.0,2.0,2011,1.0,17,0.0588235294117647,2011,DB,91607,2012-07-12 00:00:00,,,1.0,,,,,deduplicated_matched,"5315 N. Bellingham Ave, Los Angeles",34.1671894,-118.3995953
"14309 Burbank Blvd, Los Angeles 91401",91401.0,4.0,2011,1.0,8,0.125,2011,DB,91401,2013-02-14 00:00:00,,,1.0,,,,,deduplicated_matched,"14309 Burbank Blvd, Los Angeles",34.1724797,-118.4447406
"10227 Mason Ave, Woodland Hills 91364",91364.0,12.0,2011,3.0,50,0.06,2011,DB,91311,2013-12-19 00:00:00,,,,3.0,,,,deduplicated_matched,"10227 Mason Ave, Woodland Hills",34.2564911,-118.5810833
"6332 Brynhurst Ave, Los Angeles 90043",90043.0,8.0,2011,11.0,12,0.9166666666666666,2011,DB,90043,2014-05-29 00:00:00,,,,11.0,,,,deduplicated_matched,"6332 Brynhurst Ave, Los Angeles",33.9819228,-118.3334651
"12412 Pacific Ave, Los Angeles 90066",90066.0,11.0,2011,1.0,12,0.0833333333333333,2011,DB,90066,2011-11-21 00:00:00,,,1.0,,,,,deduplicated_matched,"12412 Pacific Ave, Los Angeles",34.0023428,-118.4330485
"7651 Laurel Canyon Blvd, North Hollywood 91605",91605.0,2.0,2011,2.0,36,0.0555555555555555,2011,DB,91605,2012-08-06 00:00:00,,,2.0,,,,,deduplicated_matched,"7651 Laurel Canyon Blvd, North Hollywood",34.2100932,-118.3971555
"7135 N Woodley Ave, Van Nuys 91406",91406.0,6.0,2011,15.0,42,0.3571428571428571,2011,DB,91406,1972-07-26 00:00:00,,,,,15.0,,,deduplicated_matched,"7135 N Woodley Ave, Van Nuys",34.2003201,-118.4838996
"7857 W Manchester Ave, Los Angeles 90293",90293.0,11.0,2011,3.0,32,0.09375,2011,DB,90293,2012-07-17 00:00:00,,,3.0,,,,,deduplicated_matched,"7857 W Manchester Ave, Los Angeles",33.9600014,-118.4347765
"7045 N. Remmet Ave., Los Angeles 90303",90303.0,3.0,2011,1.0,11,0.0909090909090909,2011,DB,91303,2012-10-04 00:00:00,,,1.0,,,,,deduplicated_matched,"7045 N. Remmet Ave., Los Angeles",34.250039,-118.6004353
"1611 S. Beverly Glen Blvd., Los Angeles, CA 90024",90024.0,5.0,2011,1.0,12,0.0833333333333333,2011,DB,90024,2014-06-20 00:00:00,,,1.0,,,,,deduplicated_matched,"1611 S. Beverly Glen Blvd., Los Angeles, CA",34.0593891,-118.4253693
"4251 and 4263 S. Central Avenue, Los Angeles, CA 90011",90011.0,9.0,2011,17.0,18,0.9444444444444444,2011,DB,90011,2014-03-08 00:00:00,,,,17.0,,,,deduplicated_matched,"4251 and S. Central Avenue, Los Angeles, CA",34.00652,-118.2567
"7621 S. Figueroa St, Los Angeles 90044",90044.0,8.0,2011,35.0,35,1.0,2011,DB,90044,2013-06-03 00:00:00,,,,35.0,,,,deduplicated_matched,"7621 S. Figueroa St, Los Angeles",33.970024,-118.2830815
"5525 Klump Ave, Los Angeles 91601",91601.0,2.0,2011,48.0,49,0.979591836734694,2011,DB,91601,2012-10-22 00:00:00,,,6.0,42.0,,,,deduplicated_matched,"5525 Klump Ave, Los Angeles",34.17084,-118.3756414
"7135 N Wilbur Ave, Los Angeles 91335",91335.0,3.0,2011,11.0,73,0.1506849315068493,2011,DB,91335,2012-11-20 00:00:00,,,,11.0,,,,deduplicated_matched,"7135 N Wilbur Ave, Los Angeles",34.1983658,-118.5450339
"14731 W Rayen St, Panorama City 91402",91402.0,6.0,2011,41.0,42,0.9761904761904762,2011,DB,91402,2012-08-06 00:00:00,,,41.0,,,,,deduplicated_matched,"14731 W Rayen St, Panorama City",34.2320579,-118.4550858
"12230 W Osborne Pl, Los Angeles 91331",91331.0,7.0,2011,62.0,64,0.96875,2011,DB,91331,2012-11-05 00:00:00,,,,62.0,,,,deduplicated_matched,"12230 W Osborne Pl, Los Angeles",34.2608777,-118.3997113
"240 E. 6th Street, Los Angeles, CA",90014.0,14.0,2011,100.0,102,0.9803921568627452,2011,DB,90014,2013-11-12 00:00:00,,,77.0,23.0,,,,deduplicated_matched,"240 E. 6th Street, Los Angeles, CA",34.0435051,-118.2480591
"4900 Vineland Avenue, Los Angeles 91601",91601.0,2.0,2011,81.0,82,0.9878048780487804,2011,DB,91601,2013-08-22 00:00:00,,,81.0,,,,,deduplicated_matched,"4900 Vineland Avenue, Los Angeles",34.159284,-118.370097
"8747 N.Sepulveda Blvd, North Hills 91301",91301.0,6.0,2010,4.0,38,0.1052631578947368,2010,DB,91301,2011-12-13 00:00:00,,,,4.0,,,,deduplicated_matched,"8747 N.Sepulveda Blvd, North Hills",34.229689,-118.4682932
"14349-14353 W. Friar St, Van Nuys 91401",91401.0,6.0,2010,2.0,18,0.1111111111111111,2010,DB,91401,2011-09-20 00:00:00,,,2.0,,,,,deduplicated_matched,"14349-14353 W. Friar St, Van Nuys",34.1859836,-118.4461322
"1813-1819 Prosser, Los Angeles 90027",90027.0,5.0,2010,2.0,21,0.0952380952380952,2010,DB,90027,2011-09-06 00:00:00,,,2.0,,,,,deduplicated_matched,"1813-1819 Prosser, Los Angeles",34.0549076,-118.242643
"11901 Goshen Ave, Los Angeles 90049",90049.0,11.0,2010,1.0,220,0.0045454545454545,2010,DB,90049,2010-10-18 00:00:00,,,1.0,,,,,deduplicated_matched,"11901 Goshen Ave, Los Angeles",34.0478633,-118.4652842
"6222 N. Kester Ave, Van Nuys 91411",91411.0,6.0,2010,2.0,22,0.0909090909090909,2010,DB,91411,2017-08-31 00:00:00,,,2.0,,,,,deduplicated_matched,"6222 N. Kester Ave, Van Nuys",34.1833845,-118.4571268
"11501 W. Hatteras St, North Hollywood 91316",91316.0,2.0,2010,1.0,8,0.125,2008,DB,91601,2008-11-25 00:00:00,,,,1.0,,,,deduplicated_matched,"11501 W. Hatteras St, North Hollywood",34.1760311,-118.3822449
"11501 W HATTERAS ST 1-8 North Hollywood, CA 91601",91601.0,2.0,2008,,8,0.125,2008,DB,91601,2008-11-25 00:00:00,,,,1.0,,,,deduplicated_matched,"11501 W HATTERAS ST North Hollywood, CA",34.1760311,-118.3822449
"14823 Sylvan, Los Angeles",91411.0,6.0,2010,1.0,9,0.1111111111111111,2010,DB,91411,2014-03-17 00:00:00,,,,1.0,,,,deduplicated_matched,"14823 Sylvan, Los Angeles",34.1850136,-118.456262
"10737-10747 Magnolia Blvd, Los Angeles 91601",91601.0,2.0,2010,26.0,126,0.2063492063492063,2010,DB,91601,2013-02-11 00:00:00,,,,26.0,,,,deduplicated_matched,"10737-10747 Magnolia Blvd, Los Angeles",34.1649076,-118.3649675
"18424 S. Normandie Ave, Los Angeles",90248.0,15.0,2010,2.0,47,0.0425531914893617,2010,DB,90248,2009-09-01 00:00:00,,,,2.0,,,,deduplicated_matched,"18424 S. Normandie Ave, Los Angeles",33.8635562,-118.2989437
"1408 W. Washington Blvd, Los Angeles 90007",90007.0,1.0,2010,4.0,41,0.0975609756097561,2010,DB,90007,2013-06-01 00:00:00,,,,2.0,2.0,,,deduplicated_matched,"1408 W. Washington Blvd, Los Angeles",34.0398,-118.28697
"2614 W. 7th St, Los Angeles 90057",90057.0,1.0,2010,60.0,68,0.8823529411764706,2010,DB,90057,2012-03-01 00:00:00,,,,60.0,,,,deduplicated_matched,"2614 W. 7th St, Los Angeles",34.0586595,-118.2828031
"4401 Sepulveda Blvd, Los Angeles 91403",91403.0,4.0,2010,2.0,47,0.0425531914893617,2010,DB,91403,none as of 5/29/19,,,2.0,,,,,deduplicated_matched,"4401 Sepulveda Blvd, Los Angeles",34.1502086,-118.4676684
"201-218 N. Palos Verdes St, Los Angeles 90731",90731.0,15.0,2010,49.0,49,1.0,2010,DB,90731,2011-11-09 00:00:00,,,,49.0,,,,deduplicated_matched,"201-218 N. Palos Verdes St, Los Angeles",33.74418989999999,-118.281354
"959 S. Ardmore Ave, Los Angeles 90006",90006.0,10.0,2010,48.0,48,1.0,2010,DB,90006,2010-08-04 00:00:00,,,,48.0,,,,deduplicated_matched,"959 S. Ardmore Ave, Los Angeles",34.0538127,-118.302413
"14726-14728 W. Blythe St, Panorama City 91402",91402.0,6.0,2010,3.0,29,0.1034482758620689,2010,DB,91402,2011-11-09 00:00:00,,,,3.0,,,,deduplicated_matched,"14726-14728 W. Blythe St, Panorama City",34.2147284,-118.4538783
"14655 W. Blythe St, Panorama City 90301",90301.0,6.0,2010,11.0,69,0.1594202898550724,2010,DB,90301,2011-11-09 00:00:00,,,,11.0,,,,deduplicated_matched,"14655 W. Blythe St, Panorama City",34.2154511,-118.4526463
"1521 W. Pico Blvd, Los Angeles 90015",90015.0,1.0,2010,56.0,56,1.0,2010,DB,90015,2011-12-09 00:00:00,6.0,,36.0,14.0,,,,deduplicated_matched,"1521 W. Pico Blvd, Los Angeles",34.0447132,-118.2758675
"716 N. Yale St, Los Angeles 90012",90012.0,1.0,2010,55.0,55,1.0,2010,DB,90012,2008-02-14 00:00:00,,,,55.0,,,,deduplicated_matched,"716 N. Yale St, Los Angeles",34.06166839999999,-118.2410301
"3327 E. Sabina St, Los Angeles",90023.0,14.0,2010,111.0,112,0.9910714285714286,2010,DB,90023,2012-08-07 00:00:00,,,80.0,31.0,,,,deduplicated_matched,"3327 E. Sabina St, Los Angeles",34.0300798,-118.1998896
"1901 W. 7th St, Los Angeles 90057",90057.0,1.0,2010,89.0,90,0.9888888888888888,2010,DB,90057,2012-11-07 00:00:00,,,,89.0,,,,deduplicated_matched,"1901 W. 7th St, Los Angeles",34.0557467,-118.2747658
"952 N. Harvard Blvd, Los Angeles 90029",90029.0,13.0,2010,32.0,40,0.8,2010,DB,90029,2010-08-16 00:00:00,,,,32.0,,,,deduplicated_matched,"952 N. Harvard Blvd, Los Angeles",34.0880952,-118.3038789
"204 S. Lucas Ave, Los Angeles 90025",90025.0,1.0,2010,21.0,21,1.0,2010,DB,90025,2008-09-04 00:00:00,,,,21.0,,,,deduplicated_matched,"204 S. Lucas Ave, Los Angeles",34.0604193,-118.2598766
"204 S LUCAS AVE 1-21 Los Angeles, CA 90026",90026.0,1.0,2008,,21,1.0,2010,DB,90025,2008-09-04 00:00:00,,,,21.0,,,,deduplicated_matched,"204 S LUCAS AVE Los Angeles, CA",34.0604193,-118.2598766
"6525 S. Normandie, Los Angeles 90044",90044.0,8.0,2010,20.0,20,1.0,2010,DB,90047,2012-04-11 00:00:00,,,,20.0,,,,deduplicated_matched,"6525 S. Normandie, Los Angeles",33.9800464,-118.3005592
"10006 S. Broadway, Los Angeles 90003",90003.0,8.0,2010,8.0,16,0.5,2010,DB,90003,2011-12-21 00:00:00,,,,8.0,,,,deduplicated_matched,"10006 S. Broadway, Los Angeles",33.945291,-118.2778009
"5331 E. Huntington Dr, Los Angeles 90032",90032.0,14.0,2010,25.0,25,1.0,2010,DB,90032,2012-06-22 00:00:00,3.0,,21.0,,,,,deduplicated_matched,"5331 E. Huntington Dr, Los Angeles",34.1348629,-117.9397226
"1726 N. Gower, Los Angeles 90028",90028.0,13.0,2010,69.0,70,0.9857142857142858,2010,DB,90028,2012-02-14 00:00:00,,,,69.0,,,,deduplicated_matched,"1726 N. Gower, Los Angeles",34.1025725,-118.3221745
"504 N. Berendo, Los Angeles 90004",90004.0,13.0,2010,40.0,54,0.7407407407407407,2010,DB,90004,2010-06-09 00:00:00,,,,40.0,,,,deduplicated_matched,"504 N. Berendo, Los Angeles",34.0794025,-118.2938221
"831 W 70th St, Los Angeles 90043",90043.0,8.0,2010,33.0,49,0.673469387755102,2010,DB,90043,2010-12-01 00:00:00,,,,33.0,,,,deduplicated_matched,"831 W 70th St, Los Angeles",33.9765571,-118.2879714
"4915 S. Vermont Ave, Los Angeles 90037",90037.0,9.0,2010,49.0,49,1.0,2010,DB,90037,2012-09-24 00:00:00,,,49.0,,,,,deduplicated_matched,"4915 S. Vermont Ave, Los Angeles",33.9983087,-118.2919973
"924 S HOBART BLVD 1-49 Los Angeles, CA 90006",90006.0,10.0,2009,,49,1.0,2008,DB,90006,2009-01-14 00:00:00,,,,49.0,,,,deduplicated_matched,"924 S HOBART BLVD Los Angeles, CA",34.0549304,-118.3049533
"10620 W WHIPPLE ST North Hollywood, CA 91602",91602.0,2.0,2009,,33,0.0303030303030303,2008,DB,91602,2009-02-04 00:00:00,,,1.0,,,,,deduplicated_matched,"10620 W WHIPPLE ST North Hollywood, CA",34.14761,-118.3623709
"17720 W SUPERIOR ST Northridge, CA 91325",91325.0,12.0,2009,,47,0.0851063829787234,2009,DB,91325,2009-06-16 00:00:00,,,4.0,,,,,deduplicated_matched,"17720 W SUPERIOR ST Northridge, CA",34.2464279,-118.5580068
"833 N EDINBURGH AVE 1-57 Los Angeles, CA 90046",90046.0,5.0,2009,,57,0.087719298245614,2009,DB,90046,2009-06-24 00:00:00,,,5.0,,,,,deduplicated_matched,"833 N EDINBURGH AVE Los Angeles, CA",34.0867258,-118.3641802
"2618 W 7TH ST Los Angeles, CA 90057",90057.0,1.0,2009,,57,0.1052631578947368,2009,DB,90057,2009-09-14 00:00:00,,,,6.0,,,,deduplicated_matched,"2618 W 7TH ST Los Angeles, CA",34.0588678,-118.28313
"1759 S BELOIT AVE 1-61 Los Angeles, CA 90025",90025.0,11.0,2009,,61,0.0,2008,DB,90024,2009-10-20 00:00:00,,,11.0,5.0,,,,deduplicated_matched,"1759 S BELOIT AVE Los Angeles, CA",34.0387433,-118.4403584
"208 S BONNIE BRAE ST 1-92 Los Angeles, CA 90057",90057.0,1.0,2009,,93,0.989247311827957,2008,DB,90057,2009-12-31 00:00:00,,,,92.0,,,,deduplicated_matched,"208 S BONNIE BRAE ST Los Angeles, CA",34.0640315,-118.2682247
"9618 N VAN NUYS BLVD 1-55 Panorama City, CA 91402",91402.0,6.0,2008,,55,1.0,2008,DB,91402,2008-09-03 00:00:00,,,,55.0,,,,deduplicated_matched,"9618 N VAN NUYS BLVD Panorama City, CA",34.2134238,-118.4493142
"1229 N BRONSON AVE 1-32 HOLLYWOOD, CA 90038",90038.0,13.0,2008,,32,1.0,2008,DB,90038,2008-11-19 00:00:00,,,,32.0,,,,deduplicated_matched,"1229 N BRONSON AVE HOLLYWOOD, CA",34.0935676,-118.3182991
4639 N TUJUNGA AVE,,,2024,57.0,58,0.9827586206896552,2024,ED1,,,0.0,,0.0,46.0,11.0,0.0,,ed1,4639 N TUJUNGA AVE,34.2334089,-118.3818787
8011 N VINELAND AVE,,,2023,134.0,135,0.9925925925925926,2023,ED1,,,13.0,,0.0,121.0,0.0,0.0,,ed1,8011 N VINELAND AVE,34.278262,-118.5702846
11039 W STRATHERN ST,,,2023,96.0,97,0.9896907216494846,2023,ED1,,,0.0,,0.0,96.0,0.0,0.0,,ed1,11039 W STRATHERN ST,34.2158449,-118.4234434
1228 S NORMANDIE AVE,,,2023,74.0,75,0.9866666666666668,2023,ED1,,,0.0,,19.0,55.0,0.0,0.0,,ed1,1228 S NORMANDIE AVE,34.0481663,-118.2997428
1140 N GLENDALE BLVD,,,2023,107.0,108,0.9907407407407408,2023,ED1,,,0.0,,0.0,107.0,0.0,0.0,,ed1,1140 N GLENDALE BLVD,34.0785277,-118.2602326
23036 W VENTURA BLVD,,,2023,99.0,100,0.99,2023,ED1,,,0.0,,21.0,78.0,0.0,0.0,,ed1,23036 W VENTURA BLVD,34.1656853,-118.5286863
125 N BAILEY ST,,,2023,59.0,60,0.9833333333333332,2023,ED1,,,0.0,,0.0,47.0,12.0,0.0,,ed1,125 N BAILEY ST,34.0480145,-118.2180848
8163 N SEPULVEDA BLVD,,,2023,90.0,91,0.989010989010989,2023,ED1,,,0.0,,0.0,90.0,0.0,0.0,,ed1,8163 N SEPULVEDA BLVD,34.2066451,-118.4659667
14716 W FRIAR ST,,,2023,58.0,59,0.9830508474576272,2023,ED1,,,0.0,,0.0,46.0,12.0,0.0,,ed1,14716 W FRIAR ST,34.1854602,-118.4538032
5607 S MAIN ST,,,2023,25.0,26,0.9615384615384616,2023,ED1,,,3.0,,0.0,22.0,0.0,0.0,,ed1,5607 S MAIN ST,33.9912403,-118.2742238
11301 S ATHENS WAY,,,2023,40.0,41,0.975609756097561,2023,ED1,,,0.0,,10.0,30.0,0.0,0.0,,ed1,11301 S ATHENS WAY,33.931861,-118.2790525
5436 S BROADWAY,,,2023,36.0,37,0.972972972972973,2023,ED1,,,0.0,,10.0,26.0,0.0,0.0,,ed1,5436 S BROADWAY,33.992544,-118.2780927
2528 E 1ST ST,,,2023,50.0,51,0.9803921568627452,2023,ED1,,,0.0,,12.0,38.0,0.0,0.0,,ed1,2528 E 1ST ST,34.0423488,-118.208013
2553 W 12TH ST,,,2023,28.0,29,0.9655172413793104,2023,ED1,,,0.0,,0.0,22.0,6.0,0.0,,ed1,2553 W 12TH ST,34.0492998,-118.2932777
8301 S HOOVER ST,,,2023,69.0,70,0.9857142857142858,2023,ED1,,,0.0,,0.0,55.0,14.0,0.0,,ed1,8301 S HOOVER ST,33.96343,-118.28724
10705 S AVALON BLVD,,,2023,68.0,69,0.9855072463768116,2023,ED1,,,0.0,,0.0,54.0,14.0,0.0,,ed1,10705 S AVALON BLVD,33.9390794,-118.2654341
7823 S BROADWAY,,,2023,29.0,29,1.0,2023,ED1,,,0.0,,0.0,0.0,0.0,29.0,,ed1,7823 S BROADWAY,33.9681714,-118.2786394
5860 S LOS ANGELES ST,,,2023,138.0,139,0.9928057553956836,2023,ED1,,,0.0,,0.0,110.0,28.0,0.0,,ed1,5860 S LOS ANGELES ST,33.9881734,-118.2703952
7524 S HOOVER ST,,,2023,78.0,79,0.9873417721518988,2023,ED1,,,0.0,,0.0,62.0,16.0,0.0,,ed1,7524 S HOOVER ST,33.9709411,-118.2869377
1327 S WEST BLVD,,,2023,26.0,27,0.9629629629629628,2023,ED1,,,3.0,,0.0,23.0,0.0,0.0,,ed1,1327 S WEST BLVD,34.0474265,-118.3338599
7501 S WESTERN AVE,,,2023,155.0,156,0.9935897435897436,2023,ED1,,,0.0,,0.0,123.0,32.0,0.0,,ed1,7501 S WESTERN AVE,33.9716848,-118.309505
1604 W 11TH ST,,,2023,30.0,31,0.967741935483871,2023,ED1,,,0.0,,10.0,20.0,0.0,0.0,,ed1,1604 W 11TH ST,34.0476496,-118.275534
1627 S OAK ST,,,2023,34.0,35,0.9714285714285714,2023,ED1,,,0.0,,15.0,19.0,0.0,0.0,,ed1,1627 S OAK ST,33.9502597,-118.3657042
11840 S CENTRAL AVE,,,2023,69.0,70,0.9857142857142858,2023,ED1,,,1.0,,1.0,67.0,0.0,0.0,,ed1,11840 S CENTRAL AVE,33.9251733,-118.2540411
12188 N SAN FERNANDO ROAD,,,2023,120.0,121,0.9917355371900828,2023,ED1,,,0.0,,0.0,95.0,25.0,0.0,,ed1,12188 N SAN FERNANDO ROAD,34.0987414,-118.2342549
4345 S CRENSHAW BLVD,,,2023,55.0,56,0.9821428571428572,2023,ED1,,,0.0,,0.0,55.0,0.0,0.0,,ed1,4345 S CRENSHAW BLVD,34.004044,-118.3328529
8111 S WESTERN AVE,,,2023,45.0,46,0.9782608695652174,2023,ED1,,,0.0,,10.0,35.0,0.0,0.0,,ed1,8111 S WESTERN AVE,33.9650766,-118.3092485
5879 S CROCKER ST,,,2023,18.0,18,1.0,2023,ED1,,,18.0,,0.0,0.0,0.0,0.0,,ed1,5879 S CROCKER ST,34.0423799,-118.2437752
4269 S HOOVER ST,,,2023,92.0,93,0.989247311827957,2023,ED1,,,0.0,,3.0,70.0,19.0,0.0,,ed1,4269 S HOOVER ST,34.0058626,-118.2873891
1301 N CHEROKEE AVE,,,2023,52.0,53,0.981132075471698,2023,ED1,,,0.0,,2.0,41.0,9.0,0.0,,ed1,1301 N CHEROKEE AVE,34.0945196,-118.3354878
5001 S BROADWAY,,,2023,186.0,187,0.9946524064171124,2023,ED1,,,0.0,,0.0,149.0,37.0,0.0,,ed1,5001 S BROADWAY,33.9972489,-118.2786092
1432 E 25TH ST,,,2023,54.0,55,0.9818181818181818,2023,ED1,,,0.0,,0.0,43.0,11.0,0.0,,ed1,1432 E 25TH ST,34.0166505,-118.2485806
144 S CATALINA ST,,,2023,45.0,46,0.9782608695652174,2023,ED1,,,0.0,,13.0,32.0,0.0,0.0,,ed1,144 S CATALINA ST,34.0714577,-118.2951191
7311 S FIGUEROA ST,,,2023,144.0,148,0.972972972972973,2023,ED1,,,1.0,,1.0,114.0,28.0,0.0,,ed1,7311 S FIGUEROA ST,33.9732622,-118.2829683
7408 S FIGUEROA ST,,,2023,156.0,160,0.975,2023,ED1,,,0.0,,1.0,125.0,30.0,0.0,,ed1,7408 S FIGUEROA ST,33.97233,-118.28239
4186 S WESTERN AVE,,,2023,117.0,118,0.9915254237288136,2023,ED1,,,0.0,,1.0,93.0,23.0,0.0,,ed1,4186 S WESTERN AVE,34.0074252,-118.3086405
8301 S WESTERN AVE,,,2024,51.0,52,0.9807692307692308,2024,ED1,,,0.0,,12.0,39.0,0.0,0.0,,ed1,8301 S WESTERN AVE,33.9634954,-118.3093597
2023 E IMPERIAL HWY,,,2023,89.0,90,0.9888888888888888,2023,ED1,,,0.0,,3.0,69.0,17.0,0.0,,ed1,2023 E IMPERIAL HWY,33.9295653,-118.235477
9305 S MAIN ST,,,2024,61.0,61,1.0,2024,ED1,,,0.0,,0.0,49.0,12.0,0.0,,ed1,9305 S MAIN ST,33.95166830000001,-118.2741055
2229 W VENICE BLVD,,,2023,57.0,58,0.9827586206896552,2023,ED1,,,0.0,,0.0,45.0,12.0,0.0,,ed1,2229 W VENICE BLVD,34.0452252,-118.350816
4301 S VERMONT AVE,,,2023,187.0,188,0.9946808510638298,2023,ED1,,,0.0,,0.0,150.0,37.0,0.0,,ed1,4301 S VERMONT AVE,34.0054434,-118.2915621
427 E 7TH ST,,,2023,215.0,216,0.9953703703703703,2023,ED1,,,107.0,,108.0,0.0,0.0,0.0,,ed1,427 E 7TH ST,34.0415364,-118.2474941
5975 S CRENSHAW BLVD,,,2023,52.0,53,0.981132075471698,2023,ED1,,,0.0,,0.0,41.0,11.0,0.0,,ed1,5975 S CRENSHAW BLVD,33.9856014,-118.3312443
5516 S CENTRAL AVE,,,2023,28.0,29,0.9655172413793104,2023,ED1,,,0.0,,0.0,22.0,6.0,0.0,,ed1,5516 S CENTRAL AVE,33.9924168,-118.2562546
2838 E WABASH AVE,,,2023,51.0,52,0.9807692307692308,2023,ED1,,,0.0,,0.0,40.0,11.0,0.0,,ed1,2838 E WABASH AVE,34.04978,-118.1969
13200 N BROMONT AVE,,,2024,178.0,180,0.9888888888888888,2024,ED1,,,0.0,,0.0,142.0,36.0,0.0,,ed1,13200 N BROMONT AVE,34.2801519,-118.403912
1725 S LA CIENEGA BLVD 1-26,,,2023,59.0,60,0.9833333333333332,2023,ED1,,,0.0,,0.0,59.0,0.0,0.0,,ed1,1725 S LA CIENEGA BLVD,34.0465382,-118.3763155
8304 S BROADWAY,,,2023,29.0,30,0.9666666666666668,2023,ED1,,,0.0,,0.0,23.0,6.0,0.0,,ed1,8304 S BROADWAY,33.9639219,-118.2780486
3452 W SLAUSON AVE,,,2023,26.0,27,0.9629629629629628,2023,ED1,,,0.0,,9.0,17.0,0.0,0.0,,ed1,3452 W SLAUSON AVE,33.988791,-118.3328297
6219 W BANNER AVE,,,2023,63.0,64,0.984375,2023,ED1,,,2.0,,1.0,47.0,13.0,0.0,,ed1,6219 W BANNER AVE,34.0918809,-118.3251566
11151 S BROADWAY,,,2023,39.0,40,0.975,2023,ED1,,,0.0,,8.0,31.0,0.0,0.0,,ed1,11151 S BROADWAY,33.9337983,-118.2786493
1734 N HUDSON AVE,,,2023,64.0,65,0.9846153846153848,2023,ED1,,,0.0,,0.0,51.0,13.0,0.0,,ed1,1734 N HUDSON AVE,34.10252,-118.33209
5511 N ETHEL AVE,,,2023,199.0,200,0.995,2023,ED1,,,0.0,,1.0,158.0,40.0,0.0,,ed1,5511 N ETHEL AVE,34.0980969,-118.1442959
7715 S CRENSHAW BLVD,,,2023,221.0,222,0.9954954954954957,2023,ED1,,,0.0,,2.0,179.0,40.0,0.0,,ed1,7715 S CRENSHAW BLVD,33.9694516,-118.3312234
2900 S ORANGE DR,,,2023,33.0,34,0.9705882352941176,2023,ED1,,,0.0,,0.0,26.0,7.0,0.0,,ed1,2900 S ORANGE DR,34.0273819,-118.3550139
13568 W RYE ST 1-6,,,2023,225.0,225,1.0,2023,ED1,,,0.0,,0.0,180.0,45.0,0.0,,ed1,13568 W RYE ST,34.1516608,-118.4287686
1454 W FLORENCE AVE,,,2023,30.0,31,0.967741935483871,2023,ED1,,,0.0,,0.0,23.0,7.0,0.0,,ed1,1454 W FLORENCE AVE,33.97437439999999,-118.3023229
927 S KINGSLEY DR,,,2023,135.0,136,0.9926470588235294,2023,ED1,,,0.0,,0.0,108.0,27.0,0.0,,ed1,927 S KINGSLEY DR,34.0549312,-118.30334
7320 S BROADWAY,,,2024,37.0,37,1.0,2024,ED1,,,0.0,,0.0,37.0,0.0,0.0,,ed1,7320 S BROADWAY,33.9730294,-118.2780809
4129 S AVALON BLVD,,,2024,47.0,48,0.9791666666666666,2024,ED1,,,0.0,,0.0,37.0,10.0,0.0,,ed1,4129 S AVALON BLVD,34.0083043,-118.2654751
632 E WASHINGTON BLVD,,,2024,70.0,71,0.9859154929577464,2024,ED1,,,0.0,,0.0,55.0,15.0,0.0,,ed1,632 E WASHINGTON BLVD,34.0278113,-118.2582147
4300 S WESTERN AVE,,,2024,0.0,0,,2024,ED1,,,0.0,,0.0,0.0,0.0,0.0,,ed1,4300 S WESTERN AVE,34.0049685,-118.3086323
684 W 18TH ST,,,2024,25.0,26,0.9615384615384616,2024,ED1,,,0.0,,1.0,19.0,5.0,0.0,,ed1,684 W 18TH ST,34.035975,-118.2731718
644 W 8TH ST,,,2024,25.0,26,0.9615384615384616,2024,ED1,,,0.0,,1.0,19.0,5.0,0.0,,ed1,644 W 8TH ST,34.0463604,-118.2589827
17100 VICTORY BLVD,,,2023,192.0,194,0.9896907216494846,2023,ED1,,,0.0,,0.0,192.0,0.0,0.0,,ed1,17100 VICTORY BLVD,34.1866259,-118.5056391
1156 W FLORENCE AVE,,,2023,13.0,15,0.8666666666666667,2023,ED1,,,0.0,,0.0,13.0,0.0,0.0,,ed1,1156 W FLORENCE AVE,33.974361,-118.2958601
"1234 W MARTIN LUTHER KING, JR BLVD",,,2024,16.0,16,1.0,2024,ED1,,,0.0,,1.0,12.0,3.0,0.0,,ed1,"1234 W MARTIN LUTHER KING, JR BLVD",34.0105558,-118.2972391
900 S WILTON PL,,,2024,79.0,80,0.9875,2024,ED1,,,0.0,,2.0,61.0,16.0,0.0,,ed1,900 S WILTON PL,34.0556789,-118.3140753
1431 N VISTA ST,,,2024,37.0,38,0.9736842105263158,2024,ED1,,,0.0,,1.0,29.0,7.0,0.0,,ed1,1431 N VISTA ST,34.0968922,-118.3520066
6908 N BAIRD AVE,,,2024,47.0,48,0.9791666666666666,2024,ED1,,,0.0,,0.0,37.0,10.0,0.0,,ed1,6908 N BAIRD AVE,34.1960315,-118.5371395
6545 N WOODLEY AVE,,,2023,35.0,36,0.9722222222222222,2023,ED1,,,0.0,,0.0,29.0,6.0,0.0,,ed1,6545 N WOODLEY AVE,34.1900438,-118.4839261
11418 W MISSOURI AVE,,,2023,43.0,44,0.9772727272727272,2023,ED1,,,0.0,,0.0,36.0,7.0,0.0,,ed1,11418 W MISSOURI AVE,34.0408296,-118.4473704
5814 W VIRGINIA AVE,,,2024,42.0,43,0.9767441860465116,2024,ED1,,,0.0,,2.0,34.0,6.0,0.0,,ed1,5814 W VIRGINIA AVE,34.09149900000001,-118.316419
1322 W MARYLAND ST,,,2024,120.0,121,0.9917355371900828,2024,ED1,,,0.0,,2.0,94.0,24.0,0.0,,ed1,1322 W MARYLAND ST,34.0559784,-118.2618357
3340 S SHELBY DR 1-86,,,2023,76.0,76,1.0,2023,ED1,,,0.0,,0.0,60.0,16.0,0.0,,ed1,3340 S SHELBY DR,34.031437,-118.4013635
12342 W OSBORNE PL,,,2023,99.0,100,0.99,2023,ED1,,,0.0,,0.0,80.0,19.0,0.0,,ed1,12342 W OSBORNE PL,34.25962,-118.40175
1601 W VENICE BLVD,,,2024,9.0,9,1.0,2024,ED1,,,0.0,,9.0,0.0,0.0,0.0,,ed1,1601 W VENICE BLVD,34.0452252,-118.350816
14658 W GILMORE ST,,,2024,47.0,48,0.9791666666666666,2024,ED1,,,0.0,,2.0,37.0,8.0,0.0,,ed1,14658 W GILMORE ST,34.18746120000001,-118.4529137
3950 W INGRAHAM ST,,,2023,58.0,59,0.9830508474576272,2023,ED1,,,0.0,,0.0,46.0,12.0,0.0,,ed1,3950 W INGRAHAM ST,34.0603958,-118.3129565
11806 W BURBANK BLVD,,,2023,29.0,30,0.9666666666666668,2023,ED1,,,0.0,,23.0,0.0,6.0,0.0,,ed1,11806 W BURBANK BLVD,34.1723993,-118.6449145
12750 W MOORPARK ST 1-11,,,2023,51.0,51,1.0,2023,ED1,,,0.0,,51.0,0.0,0.0,0.0,,ed1,12750 W MOORPARK ST,34.1501061,-118.4110389
11606 W ARCHWOOD ST,,,2023,17.0,17,1.0,2023,ED1,,,0.0,,0.0,17.0,0.0,0.0,,ed1,11606 W ARCHWOOD ST,34.1920241,-118.3847498
1412 N MARIPOSA AVE,,,2024,71.0,72,0.9861111111111112,2024,ED1,,,0.0,,0.0,56.0,15.0,0.0,,ed1,1412 N MARIPOSA AVE,34.0969784,-118.2991608
2312 S CENTRAL AVE,,,2023,59.0,60,0.9833333333333332,2023,ED1,,,0.0,,0.0,59.0,0.0,0.0,,ed1,2312 S CENTRAL AVE,34.0202223,-118.2536989
21300 W OXNARD ST 1-173,,,2023,297.0,301,0.9867109634551496,2023,ED1,,,0.0,,0.0,238.0,59.0,0.0,,ed1,21300 W OXNARD ST,34.1786674,-118.5951859
801 N WATERLOO ST,,,2024,131.0,132,0.9924242424242424,2024,ED1,,,0.0,,6.0,98.0,27.0,0.0,,ed1,801 N WATERLOO ST,34.0758198,-118.2684923
816 N NORMANDIE AVE,,,2024,39.0,40,0.975,2024,ED1,,,0.0,,1.0,30.0,8.0,0.0,,ed1,816 N NORMANDIE AVE,34.0854401,-118.3000638
121 N MATHEWS ST,,,2024,39.0,40,0.975,2024,ED1,,,0.0,,0.0,31.0,8.0,0.0,,ed1,121 N MATHEWS ST,34.0437799,-118.2083689
316 S CATALINA ST,,,2024,46.0,47,0.9787234042553192,2024,ED1,,,0.0,,2.0,35.0,9.0,0.0,,ed1,316 S CATALINA ST,34.0684232,-118.2952384
14535 W WEDDINGTON ST,,,2023,22.0,23,0.9565217391304348,2023,ED1,,,0.0,,0.0,17.0,5.0,0.0,,ed1,14535 W WEDDINGTON ST,34.16690610000001,-118.4500226
920 W FLORENCE AVE 1-22,,,2024,46.0,46,1.0,2024,ED1,,,0.0,,0.0,37.0,9.0,0.0,,ed1,920 W FLORENCE AVE,33.9743178,-118.2899051
2141 E CESAR E CHAVEZ AVE,,,2024,18.0,19,0.9473684210526316,2024,ED1,,,1.0,,1.0,14.0,2.0,0.0,,ed1,2141 E CESAR E CHAVEZ AVE,34.0480634,-118.210155
1614 S GRAMERCY PL,,,2024,21.0,22,0.9545454545454546,2024,ED1,,,0.0,,16.0,0.0,5.0,0.0,,ed1,1614 S GRAMERCY PL,34.0430608,-118.3126663
1845 N TAFT AVE,,,2024,106.0,107,0.9906542056074766,2024,ED1,,,0.0,,0.0,85.0,21.0,0.0,,ed1,1845 N TAFT AVE,34.1047611,-118.3150302
6018 S BRYNHURST AVE,,,2024,49.0,51,0.9607843137254902,2024,ED1,,,0.0,,1.0,38.0,10.0,0.0,,ed1,6018 S BRYNHURST AVE,33.9847233,-118.3335109
5753 S BRYNHURST AVE,,,2024,52.0,53,0.981132075471698,2024,ED1,,,0.0,,2.0,42.0,8.0,0.0,,ed1,5753 S BRYNHURST AVE,33.9893218,-118.3336357
1020 N ARDMORE AVE,,,2024,55.0,56,0.9821428571428572,2024,ED1,,,0.0,,0.0,43.0,12.0,0.0,,ed1,1020 N ARDMORE AVE,34.0892795,-118.3015886
6401 N WHITMAN AVE 1-15,,,2024,1.0,1,1.0,2024,ED1,,,0.0,,1.0,0.0,0.0,0.0,,ed1,6401 N WHITMAN AVE,34.18688,-118.47671
6401 S BROADWAY,,,2024,49.0,50,0.98,2024,ED1,,,0.0,,0.0,39.0,10.0,0.0,,ed1,6401 S BROADWAY,33.9812034,-118.2786538
8615 N SEPULVEDA BLVD,,,2024,244.0,245,0.9959183673469388,2024,ED1,,,0.0,,0.0,195.0,49.0,0.0,,ed1,8615 N SEPULVEDA BLVD,34.2066451,-118.4659667
17184 W CHATSWORTH ST,,,2024,68.0,69,0.9855072463768116,2024,ED1,,,0.0,,0.0,54.0,14.0,0.0,,ed1,17184 W CHATSWORTH ST,34.2645442,-118.5084867
2009 E 2ND ST,,,2024,45.0,46,0.9782608695652174,2024,ED1,,,1.0,,9.0,26.0,9.0,0.0,,ed1,2009 E 2ND ST,34.0444659,-118.2150391
1023 N BERENDO ST,,,2024,127.0,128,0.9921875,2024,ED1,,,0.0,,2.0,99.0,26.0,0.0,,ed1,1023 N BERENDO ST,34.0901397,-118.2941956
2330 E 3RD ST,,,2024,52.0,53,0.981132075471698,2024,ED1,,,0.0,,2.0,42.0,8.0,0.0,,ed1,2330 E 3RD ST,34.0413813,-118.2115658
6820 S WESTERN AVE,,,2024,36.0,37,0.972972972972973,2024,ED1,,,0.0,,0.0,28.0,8.0,0.0,,ed1,6820 S WESTERN AVE,33.97726,-118.30876
5750 W SAN VICENTE BLVD 1-8,,,2024,45.0,46,0.9782608695652174,2024,ED1,,,0.0,,4.0,38.0,3.0,0.0,,ed1,5750 W SAN VICENTE BLVD,34.0553087,-118.357837
1931 N WORKMAN ST,,,2024,136.0,137,0.9927007299270072,2024,ED1,,,0.0,,1.0,107.0,28.0,0.0,,ed1,1931 N WORKMAN ST,34.2978138,-118.4292721
1563 E 22ND ST,,,2024,177.0,178,0.99438202247191,2024,ED1,,,0.0,,0.0,142.0,35.0,0.0,,ed1,1563 E 22ND ST,34.0180547,-118.2461983
1015 W 21ST ST,,,2024,6.0,7,0.8571428571428571,2024,ED1,,,0.0,,1.0,3.0,2.0,0.0,,ed1,1015 W 21ST ST,33.725201,-118.2993365
2245 S AMHERST AVE,,,2024,37.0,38,0.9736842105263158,2024,ED1,,,0.0,,0.0,30.0,7.0,0.0,,ed1,2245 S AMHERST AVE,34.0469105,-118.4738933
5326 N FIGUEROA ST,,,2024,34.0,35,0.9714285714285714,2024,ED1,,,0.0,,0.0,27.0,7.0,0.0,,ed1,5326 N FIGUEROA ST,34.10707,-118.19751
15931 W VICTORY BLVD,,,2024,99.0,100,0.99,2024,ED1,,,0.0,,3.0,76.0,20.0,0.0,,ed1,15931 W VICTORY BLVD,34.1868294,-118.4720413
224 S AVENUE 55,,,2024,24.0,25,0.96,2024,ED1,,,0.0,,0.0,19.0,5.0,0.0,,ed1,224 S AVENUE,33.8385461,-118.31483
8201 S BROADWAY,,,2024,30.0,31,0.967741935483871,2024,ED1,,,0.0,,2.0,23.0,5.0,0.0,,ed1,8201 S BROADWAY,33.96487,-118.27849
1115 N HELIOTROPE DR,,,2024,45.0,46,0.9782608695652174,2024,ED1,,,0.0,,0.0,35.0,10.0,0.0,,ed1,1115 N HELIOTROPE DR,34.0913391,-118.2951656
2654 S MAGNOLIA AVE,,,2024,14.0,15,0.9333333333333332,2024,ED1,,,0.0,,1.0,10.0,3.0,0.0,,ed1,2654 S MAGNOLIA AVE,34.0549076,-118.242643
16136 W DEVONSHIRE ST,,,2024,13.0,15,0.8666666666666667,2024,ED1,,,0.0,,0.0,10.0,3.0,0.0,,ed1,16136 W DEVONSHIRE ST,34.2571754,-118.4839747
1405 W 228TH ST,,,2024,20.0,20,1.0,2024,ED1,,,0.0,,0.0,15.0,5.0,0.0,,ed1,1405 W 228TH ST,33.8192526,-118.3016698
1885 W SLAUSON AVE,,,2024,78.0,79,0.9873417721518988,2024,ED1,,,0.0,,0.0,67.0,11.0,0.0,,ed1,1885 W SLAUSON AVE,33.9894127,-118.3109957
3655 W PICO BLVD,,,2024,88.0,89,0.9887640449438202,2024,ED1,,,0.0,,0.0,71.0,17.0,0.0,,ed1,3655 W PICO BLVD,34.0476598,-118.3208698
1078 W 39TH ST,,,2024,119.0,120,0.9916666666666668,2024,ED1,,,0.0,,11.0,97.0,11.0,0.0,,ed1,1078 W 39TH ST,34.0153345,-118.293749
14243 W SYLVAN ST 1-5,,,2024,80.0,81,0.9876543209876544,2024,ED1,,,0.0,,2.0,64.0,14.0,0.0,,ed1,14243 W SYLVAN ST,34.185081,-118.4437288
1726 N ALEXANDRIA AVE,,,2024,67.0,69,0.9710144927536232,2024,ED1,,,0.0,,0.0,54.0,13.0,0.0,,ed1,1726 N ALEXANDRIA AVE,34.1026403,-118.2980289
843 N ALFRED ST,,,2024,143.0,144,0.9930555555555556,2024,ED1,,,0.0,,8.0,106.0,29.0,0.0,,ed1,843 N ALFRED ST,34.0867567,-118.3755729
5328 N TOPANGA CANYON BLVD,,,2024,44.0,45,0.9777777777777776,2024,ED1,,,0.0,,0.0,35.0,9.0,0.0,,ed1,5328 N TOPANGA CANYON BLVD,34.1389198,-118.6010483
4319 N TOLAND WAY 1-4,,,2024,140.0,141,0.9929078014184396,2024,ED1,,,0.0,,9.0,103.0,28.0,0.0,,ed1,4319 N TOLAND WAY,34.1217593,-118.2220892
800 S LORRAINE BLVD,,,2024,63.0,64,0.984375,2024,ED1,,,0.0,,0.0,51.0,12.0,0.0,,ed1,800 S LORRAINE BLVD,34.0590522,-118.3212997
1408 W JEFFERSON BLVD,,,2024,0.0,1,0.0,2024,ED1,,,0.0,,0.0,0.0,0.0,0.0,,ed1,1408 W JEFFERSON BLVD,34.0252698,-118.2974027
9701 N VESPER AVE,,,2024,132.0,133,0.9924812030075189,2024,ED1,,,0.0,,0.0,105.0,27.0,0.0,,ed1,9701 N VESPER AVE,34.2463099,-118.4504497
1943 S MANNING AVE,,,2024,62.0,63,0.984126984126984,2024,ED1,,,0.0,,0.0,49.0,13.0,0.0,,ed1,1943 S MANNING AVE,34.05024,-118.42929
2625 S CULLEN ST,,,2024,69.0,77,0.8961038961038961,2024,ED1,,,0.0,,0.0,55.0,14.0,0.0,,ed1,2625 S CULLEN ST,34.0334482,-118.3774902
12012 W HART ST 1-22,,,2024,21.0,24,0.875,2024,ED1,,,0.0,,0.0,16.0,5.0,0.0,,ed1,12012 W HART ST,34.1973897,-118.3948707
443 S SOTO ST,,,2024,137.0,138,0.9927536231884058,2024,ED1,,,0.0,,0.0,137.0,0.0,0.0,,ed1,443 S SOTO ST,34.0396135,-118.2133075
4827 S CRENSHAW BLVD,,,2024,55.0,56,0.9821428571428572,2024,ED1,,,0.0,,0.0,43.0,12.0,0.0,,ed1,4827 S CRENSHAW BLVD,33.9991818,-118.3314814
611 S HOBART BLVD,,,2024,79.0,80,0.9875,2024,ED1,,,0.0,,0.0,64.0,15.0,0.0,,ed1,611 S HOBART BLVD,34.0630348,-118.305728
415 E 5TH ST,,,2024,0.0,1,0.0,2024,ED1,,,0.0,,0.0,0.0,0.0,0.0,,ed1,415 E 5TH ST,34.04451,-118.24436
5444 N CAMELLIA AVE,,,2024,45.0,46,0.9782608695652174,2024,ED1,,,0.0,,2.0,35.0,8.0,0.0,,ed1,5444 N CAMELLIA AVE,34.1699546,-118.3820322
2075 W JEFFERSON BLVD,,,2024,99.0,100,0.99,2024,ED1,,,0.0,,0.0,79.0,20.0,0.0,,ed1,2075 W JEFFERSON BLVD,34.0257565,-118.3174053
11035 W AQUA VISTA ST 1-23,,,2024,85.0,86,0.9883720930232558,2024,ED1,,,0.0,,0.0,68.0,17.0,0.0,,ed1,11035 W AQUA VISTA ST,34.1451407,-118.3714307
5645 W FERNWOOD AVE,,,2024,518.0,523,0.9904397705544932,2024,ED1,,,0.0,,6.0,408.0,104.0,0.0,,ed1,5645 W FERNWOOD AVE,34.0965192,-118.3123567
3901 S NORMANDIE AVE,,,2024,83.0,84,0.988095238095238,2024,ED1,,,0.0,,0.0,66.0,17.0,0.0,,ed1,3901 S NORMANDIE AVE,34.015298,-118.3003385
964 E JEFFERSON BLVD,,,2024,70.0,71,0.9859154929577464,2024,ED1,,,0.0,,0.0,56.0,14.0,0.0,,ed1,964 E JEFFERSON BLVD,34.0123349,-118.2587608
1250 W JEFFERSON BLVD,,,2024,121.0,122,0.9918032786885246,2024,ED1,,,12.0,,12.0,97.0,0.0,0.0,,ed1,1250 W JEFFERSON BLVD,34.0248575,-118.2927213
12801 W BARBARA ANN ST,,,2024,65.0,66,0.9848484848484848,2024,ED1,,,0.0,,1.0,51.0,13.0,0.0,,ed1,12801 W BARBARA ANN ST,34.200464,-118.4117142
7324 N WOODLEY AVE,,,2024,0.0,0,,2024,ED1,,,0.0,,0.0,0.0,0.0,0.0,,ed1,7324 N WOODLEY AVE,34.20365,-118.48346
14707 W BURBANK BLVD,,,2024,90.0,91,0.989010989010989,2024,ED1,,,0.0,,3.0,68.0,19.0,0.0,,ed1,14707 W BURBANK BLVD,34.1725221,-118.6446463
2601 E MICHIGAN AVE,,,2024,49.0,50,0.98,2024,ED1,,,0.0,,2.0,42.0,5.0,0.0,,ed1,2601 E MICHIGAN AVE,34.0386836,-118.1779051
7770 W HOLLYWOOD BLVD,,,2024,212.0,213,0.9953051643192488,2024,ED1,,,0.0,,17.0,152.0,43.0,0.0,,ed1,7770 W HOLLYWOOD BLVD,34.1014226,-118.3589424
6834 N BAIRD AVE,,,2024,91.0,92,0.9891304347826086,2024,ED1,,,0.0,,0.0,72.0,19.0,0.0,,ed1,6834 N BAIRD AVE,34.1948434,-118.5370031
5814 W LEXINGTON AVE,,,2024,96.0,97,0.9896907216494846,2024,ED1,,,0.0,,3.0,77.0,16.0,0.0,,ed1,5814 W LEXINGTON AVE,34.1516759,-118.2631361
9002 S CENTRAL AVE,,,2024,36.0,37,0.972972972972973,2024,ED1,,,0.0,,0.0,28.0,8.0,0.0,,ed1,9002 S CENTRAL AVE,33.9546202,-118.2561063
242 N ROSEMONT AVE 1-4,,,2024,31.0,32,0.96875,2024,ED1,,,0.0,,0.0,31.0,0.0,0.0,,ed1,242 N ROSEMONT AVE,34.07031320000001,-118.2709605
432 W 76TH ST,,,2024,15.0,16,0.9375,2024,ED1,,,2.0,,0.0,13.0,0.0,0.0,,ed1,432 W 76TH ST,33.97068,-118.28157
1462 S REEVES ST 1-4,,,2024,100.0,101,0.99009900990099,2024,ED1,,,0.0,,3.0,76.0,21.0,0.0,,ed1,1462 S REEVES ST,34.0533093,-118.3961746
7421 S BROADWAY,,,2024,134.0,135,0.9925925925925926,2024,ED1,,,0.0,,0.0,107.0,27.0,0.0,,ed1,7421 S BROADWAY,33.9720653,-118.2786207
3442 S HILLCREST DR,,,2024,47.0,48,0.9791666666666666,2024,ED1,,,0.0,,2.0,38.0,7.0,0.0,,ed1,3442 S HILLCREST DR,34.023362,-118.3429037
1132 S ALVARADO ST,,,2024,58.0,59,0.9830508474576272,2024,ED1,,,0.0,,0.0,46.0,12.0,0.0,,ed1,1132 S ALVARADO ST,34.0493499,-118.28114
1057 N HYPERION AVE,,,2024,64.0,65,0.9846153846153848,2024,ED1,,,2.0,,1.0,49.0,12.0,0.0,,ed1,1057 N HYPERION AVE,34.0913337,-118.2800996
3720 S WESTERN AVE,,,2024,200.0,201,0.9950248756218906,2024,ED1,,,0.0,,0.0,160.0,40.0,0.0,,ed1,3720 S WESTERN AVE,34.02018839999999,-118.3086181
851 S MANHATTAN PL,,,2024,59.0,60,0.9833333333333332,2024,ED1,,,0.0,,0.0,47.0,12.0,0.0,,ed1,851 S MANHATTAN PL,34.0565649,-118.3104461
1723 S COLBY AVE,,,2024,142.0,142,1.0,2024,ED1,,,0.0,,4.0,109.0,29.0,0.0,,ed1,1723 S COLBY AVE,34.0423801,-118.4508651
4269 S HOOVER ST,,,2024,87.0,88,0.9886363636363636,2024,ED1,,,0.0,,3.0,67.0,17.0,0.0,,ed1,4269 S HOOVER ST,34.0058626,-118.2873891
142 S MOUNTAIN VIEW AVE,,,2024,21.0,22,0.9545454545454546,2024,ED1,,,0.0,,0.0,16.0,5.0,0.0,,ed1,142 S MOUNTAIN VIEW AVE,34.0651438,-118.2700894
4360 S MCLAUGHLIN AVE,,,2024,37.0,38,0.9736842105263158,2024,ED1,,,0.0,,3.0,29.0,5.0,0.0,,ed1,4360 S MCLAUGHLIN AVE,33.9993015,-118.415723
1931 N WORKMAN ST,,,2024,89.0,90,0.9888888888888888,2024,ED1,,,0.0,,1.0,70.0,18.0,0.0,,ed1,1931 N WORKMAN ST,34.2978138,-118.4292721
120 S CARONDELET ST,,,2024,79.0,80,0.9875,2024,ED1,,,0.0,,1.0,64.0,14.0,0.0,,ed1,120 S CARONDELET ST,34.0677808,-118.2745543
1309 W 36TH PL,,,2024,42.0,43,0.9767441860465116,2024,ED1,,,0.0,,3.0,36.0,3.0,0.0,,ed1,1309 W 36TH PL,34.0220764,-118.2977087
3546 S CHESAPEAKE AVE,,,2024,53.0,54,0.9814814814814816,2024,ED1,,,1.0,,0.0,41.0,11.0,0.0,,ed1,3546 S CHESAPEAKE AVE,34.0225703,-118.3449561
138 S MADISON AVE,,,2024,38.0,39,0.9743589743589745,2024,ED1,,,0.0,,1.0,31.0,6.0,0.0,,ed1,138 S MADISON AVE,34.0722605,-118.2885774
6524 S BRYNHURST AVE,,,2024,63.0,64,0.984375,2024,ED1,,,2.0,,0.0,52.0,9.0,0.0,,ed1,6524 S BRYNHURST AVE,33.9798315,-118.3336137
1205 N MARIPOSA AVE,,,2024,173.0,174,0.9942528735632185,2024,ED1,,,0.0,,3.0,135.0,35.0,0.0,,ed1,1205 N MARIPOSA AVE,34.0935665,-118.2997271
2657 S BUDLONG AVE,,,2024,59.0,60,0.9833333333333332,2024,ED1,,,0.0,,0.0,47.0,12.0,0.0,,ed1,2657 S BUDLONG AVE,34.03113,-118.29608
209 S SERRANO AVE,,,2024,42.0,43,0.9767441860465116,2024,ED1,,,0.0,,0.0,33.0,9.0,0.0,,ed1,209 S SERRANO AVE,34.07087,-118.30687
5625 N CASE AVE,,,2024,69.0,70,0.9857142857142858,2024,ED1,,,0.0,,0.0,55.0,14.0,0.0,,ed1,5625 N CASE AVE,34.17295,-118.37217
10860 W CAMARILLO ST,,,2024,0.0,34,0.0,2024,ED1,,,0.0,,0.0,0.0,0.0,0.0,,ed1,10860 W CAMARILLO ST,34.1574716,-118.3679539
1436 W JEFFERSON BLVD,,,2024,122.0,123,0.991869918699187,2024,ED1,,,0.0,,3.0,95.0,24.0,0.0,,ed1,1436 W JEFFERSON BLVD,34.0253468,-118.2986071
6320 S CRENSHAW BLVD,,,2024,59.0,60,0.9833333333333332,2024,ED1,,,0.0,,0.0,47.0,12.0,0.0,,ed1,6320 S CRENSHAW BLVD,33.9822756,-118.3304434
628 W 92ND ST,,,2024,63.0,64,0.984375,2024,ED1,,,0.0,,0.0,50.0,13.0,0.0,,ed1,628 W 92ND ST,33.9525198,-118.2856649
5302 N SATSUMA AVE,,,2024,32.0,33,0.9696969696969696,2024,ED1,,,2.0,,0.0,24.0,6.0,0.0,,ed1,5302 N SATSUMA AVE,34.1671592,-118.3673071
8630 S WALL ST,,,2024,20.0,20,1.0,2024,ED1,,,0.0,,2.0,18.0,0.0,0.0,,ed1,8630 S WALL ST,34.0736042,-118.3858225
5112 W WASHINGTON BLVD,,,2024,123.0,124,0.9919354838709676,2024,ED1,,,0.0,,0.0,98.0,25.0,0.0,,ed1,5112 W WASHINGTON BLVD,34.0408334,-118.3515138
9438 S WESTERN AVE,,,2024,35.0,36,0.9722222222222222,2024,ED1,,,0.0,,0.0,27.0,8.0,0.0,,ed1,9438 S WESTERN AVE,33.9501576,-118.3088098
12461 W LOUISE AVE,,,2024,59.0,60,0.9833333333333332,2024,ED1,,,0.0,,2.0,48.0,9.0,0.0,,ed1,12461 W LOUISE AVE,33.8550967,-118.19699
1140 S SHENANDOAH ST,,,2024,18.0,18,1.0,2024,ED1,,,0.0,,0.0,14.0,4.0,0.0,,ed1,1140 S SHENANDOAH ST,34.0558752,-118.3812506
343 S AVENUE 20,,,2024,45.0,46,0.9782608695652174,2024,ED1,,,0.0,,0.0,35.0,10.0,0.0,,ed1,343 S AVENUE,33.8385461,-118.31483
3455 W SLAUSON AVE,,,2024,74.0,75,0.9866666666666668,2024,ED1,,,0.0,,0.0,59.0,15.0,0.0,,ed1,3455 W SLAUSON AVE,33.98913,-118.3327
843 W 82ND ST,,,2024,87.0,88,0.9886363636363636,2024,ED1,,,0.0,,2.0,70.0,15.0,0.0,,ed1,843 W 82ND ST,33.9644771,-118.2886337
2232 S LA BREA AVE,,,2024,59.0,60,0.9833333333333332,2024,ED1,,,0.0,,0.0,47.0,12.0,0.0,,ed1,2232 S LA BREA AVE,34.036517,-118.3489037
10715 S WESTERN AVE,,,2024,105.0,106,0.9905660377358492,2024,ED1,,,0.0,,0.0,83.0,22.0,0.0,,ed1,10715 S WESTERN AVE,33.9386598,-118.3092765
12335 W OSBORNE PL,,,2024,309.0,310,0.9967741935483873,2024,ED1,,,0.0,,0.0,247.0,62.0,0.0,,ed1,12335 W OSBORNE PL,34.2599309,-118.4019202
15834 W VANOWEN ST,,,2024,60.0,61,0.9836065573770492,2024,ED1,,,0.0,,2.0,48.0,10.0,0.0,,ed1,15834 W VANOWEN ST,34.1936947,-118.4782503
3000 S FIGUEROA ST,,,2024,121.0,122,0.9918032786885246,2024,ED1,,,0.0,,0.0,96.0,25.0,0.0,,ed1,3000 S FIGUEROA ST,34.0248166,-118.2779324
162 N DOUGLAS ST,,,2024,123.0,124,0.9919354838709676,2024,ED1,,,0.0,,0.0,99.0,24.0,0.0,,ed1,162 N DOUGLAS ST,33.9327837,-118.3834947
1532 S HI POINT ST,,,2024,49.0,50,0.98,2024,ED1,,,0.0,,0.0,39.0,10.0,0.0,,ed1,1532 S HI POINT ST,34.0490584,-118.3691155
6046 W COMEY AVE,,,2024,60.0,61,0.9836065573770492,2024,ED1,,,0.0,,1.0,46.0,13.0,0.0,,ed1,6046 W COMEY AVE,34.0345393,-118.3761065
1058 S NORTON AVE,,,2024,94.0,94,1.0,2024,ED1,,,0.0,,0.0,73.0,21.0,0.0,,ed1,1058 S NORTON AVE,34.0522063,-118.3211555
11103 W CUMPSTON ST,,,2024,42.0,43,0.9767441860465116,2024,ED1,,,0.0,,0.0,33.0,9.0,0.0,,ed1,11103 W CUMPSTON ST,34.1702324,-118.372544
3812 W ADAMS BLVD,,,2024,84.0,85,0.9882352941176472,2024,ED1,,,1.0,,4.0,62.0,17.0,0.0,,ed1,3812 W ADAMS BLVD,34.0321978,-118.3265752
2219 W VALLEY ST,,,2024,64.0,65,0.9846153846153848,2024,ED1,,,0.0,,0.0,51.0,13.0,0.0,,ed1,2219 W VALLEY ST,34.0773386,-118.1481806
6408 N VAN NUYS BLVD 1-51,,,2024,51.0,51,1.0,2024,ED1,,,6.0,,0.0,44.0,1.0,0.0,,ed1,6408 N VAN NUYS BLVD,34.2120075,-118.4491617
802 W 42ND PL,,,2024,89.0,90,0.9888888888888888,2024,ED1,,,0.0,,2.0,72.0,15.0,0.0,,ed1,802 W 42ND PL,34.0062733,-118.2876776
14744 W MAGNOLIA BLVD,,,2024,49.0,50,0.98,2024,ED1,,,0.0,,1.0,38.0,10.0,0.0,,ed1,14744 W MAGNOLIA BLVD,34.1647086,-118.3582277
9214 S BROADWAY,,,2024,41.0,42,0.9761904761904762,2024,ED1,,,0.0,,0.0,32.0,9.0,0.0,,ed1,9214 S BROADWAY,33.9523064,-118.277923
1432 S BEVERLY DR,,,2024,47.0,48,0.9791666666666666,2024,ED1,,,0.0,,0.0,38.0,9.0,0.0,,ed1,1432 S BEVERLY DR,34.0541227,-118.3951117
14041 W SHERMAN WAY,,,2024,84.0,85,0.9882352941176472,2024,ED1,,,0.0,,0.0,67.0,17.0,0.0,,ed1,14041 W SHERMAN WAY,34.2009462,-118.5231576
9033 S RAMSGATE AVE,,,2024,115.0,116,0.9913793103448276,2024,ED1,,,0.0,,0.0,92.0,23.0,0.0,,ed1,9033 S RAMSGATE AVE,33.9598853,-118.3825589
2112 S LA BREA AVE,,,2024,159.0,160,0.99375,2024,ED1,,,0.0,,0.0,127.0,32.0,0.0,,ed1,2112 S LA BREA AVE,34.0378041,-118.3482722
7106 S FIGUEROA ST,,,2024,23.0,24,0.9583333333333334,2024,ED1,,,1.0,,0.0,17.0,5.0,0.0,,ed1,7106 S FIGUEROA ST,33.9752789,-118.2823762
904 S NORMANDIE AVE,,,2024,44.0,44,1.0,2024,ED1,,,0.0,,3.0,36.0,5.0,0.0,,ed1,904 S NORMANDIE AVE,34.0556353,-118.299554
3452 W SLAUSON AVE,,,2024,26.0,27,0.9629629629629628,2024,ED1,,,0.0,,8.0,18.0,0.0,0.0,,ed1,3452 W SLAUSON AVE,33.988791,-118.3328297
8911 S RAMSGATE AVE,,,2024,76.0,77,0.987012987012987,2024,ED1,,,0.0,,0.0,60.0,16.0,0.0,,ed1,8911 S RAMSGATE AVE,33.9598853,-118.3825589
4136 W ROSEWOOD AVE,,,2024,68.0,69,0.9855072463768116,2024,ED1,,,0.0,,1.0,54.0,13.0,0.0,,ed1,4136 W ROSEWOOD AVE,34.0787442,-118.2946482
1740 N WILTON PL,,,2024,57.0,58,0.9827586206896552,2024,ED1,,,0.0,,1.0,46.0,10.0,0.0,,ed1,1740 N WILTON PL,34.1029895,-118.3133696
4917 S FIGUEROA ST,,,2024,119.0,120,0.9916666666666668,2024,ED1,,,0.0,,0.0,95.0,24.0,0.0,,ed1,4917 S FIGUEROA ST,33.99821,-118.28288
8915 S BROADWAY,,,2024,40.0,41,0.975609756097561,2024,ED1,,,0.0,,0.0,40.0,0.0,0.0,,ed1,8915 S BROADWAY,33.9556183,-118.2784738
236 N BERENDO ST,,,2024,51.0,52,0.9807692307692308,2024,ED1,,,0.0,,1.0,40.0,10.0,0.0,,ed1,236 N BERENDO ST,34.0755858,-118.2938813
10711 S WESTERN AVE,,,2024,31.0,32,0.96875,2024,ED1,,,0.0,,0.0,25.0,6.0,0.0,,ed1,10711 S WESTERN AVE,33.9387728,-118.3093777
3951 S BROADWAY,,,2024,44.0,45,0.9777777777777776,2024,ED1,,,0.0,,2.0,32.0,10.0,0.0,,ed1,3951 S BROADWAY,34.0113588,-118.2791419
12323 W OSBORNE PL,,,2024,128.0,129,0.992248062015504,2024,ED1,,,0.0,,1.0,102.0,25.0,0.0,,ed1,12323 W OSBORNE PL,34.2604203,-118.4016368
18325 W HART ST,,,2024,48.0,49,0.979591836734694,2024,ED1,,,0.0,,0.0,38.0,10.0,0.0,,ed1,18325 W HART ST,34.1977338,-118.5326706
14701 W DELANO ST 1-40,,,2024,38.0,39,0.9743589743589745,2024,ED1,,,2.0,,0.0,31.0,5.0,0.0,,ed1,14701 W DELANO ST,34.1829026,-118.4532582
7403 N TOPANGA CANYON BLVD,,,2024,28.0,29,0.9655172413793104,2024,ED1,,,0.0,,0.0,22.0,6.0,0.0,,ed1,7403 N TOPANGA CANYON BLVD,34.1146633,-118.5919163
5109 S VERMONT AVE,,,2024,36.0,37,0.972972972972973,2024,ED1,,,0.0,,1.0,28.0,7.0,0.0,,ed1,5109 S VERMONT AVE,33.9964777,-118.2917252
624 W IMPERIAL HWY,,,2024,46.0,47,0.9787234042553192,2024,ED1,,,0.0,,2.0,36.0,8.0,0.0,,ed1,624 W IMPERIAL HWY,33.9307365,-118.2858645
4923 S CENTRAL AVE,,,2024,41.0,42,0.9761904761904762,2024,ED1,,,0.0,,0.0,32.0,9.0,0.0,,ed1,4923 S CENTRAL AVE,33.99867,-118.25665
1901 S HOLT AVE,,,2024,52.0,53,0.981132075471698,2024,ED1,,,0.0,,0.0,41.0,11.0,0.0,,ed1,1901 S HOLT AVE,34.0432948,-118.3810687
1108 N MANZANITA ST,,,2024,53.0,54,0.9814814814814816,2024,ED1,,,0.0,,2.0,40.0,11.0,0.0,,ed1,1108 N MANZANITA ST,34.0934303,-118.2805589
8860 S VERMONT AVE,,,2024,214.0,215,0.9953488372093025,2024,ED1,,,0.0,,1.0,170.0,43.0,0.0,,ed1,8860 S VERMONT AVE,33.9567496,-118.2913006
5814 N VINELAND AVE,,,2024,14.0,15,0.9333333333333332,2024,ED1,,,0.0,,1.0,10.0,3.0,0.0,,ed1,5814 N VINELAND AVE,34.2782715,-118.5702877
6122 S VICTORIA AVE 1-11,,,2024,83.0,84,0.988095238095238,2024,ED1,,,0.0,,3.0,63.0,17.0,0.0,,ed1,6122 S VICTORIA AVE,33.9839179,-118.3320784
3412 S VICTORIA AVE,,,2024,57.0,58,0.9827586206896552,2024,ED1,,,0.0,,1.0,45.0,11.0,0.0,,ed1,3412 S VICTORIA AVE,34.0249808,-118.3360357
643 E ADAMS BLVD,,,2024,91.0,92,0.9891304347826086,2024,ED1,,,0.0,,0.0,72.0,19.0,0.0,,ed1,643 E ADAMS BLVD,34.0221264,-118.2619512
3981 S MEIER ST,,,2024,76.0,77,0.987012987012987,2024,ED1,,,0.0,,0.0,60.0,16.0,0.0,,ed1,3981 S MEIER ST,33.9966751,-118.4371886
5514 W PICO BLVD,,,2024,0.0,49,0.0,2024,ED1,,,0.0,,0.0,0.0,0.0,0.0,,ed1,5514 W PICO BLVD,34.0491095,-118.3585506
4869 W MELROSE AVE,,,2024,39.0,40,0.975,2024,ED1,,,0.0,,0.0,31.0,8.0,0.0,,ed1,4869 W MELROSE AVE,34.0836923,-118.3064557
2712 W SLAUSON AVE,,,2024,57.0,58,0.9827586206896552,2024,ED1,,,0.0,,0.0,45.0,12.0,0.0,,ed1,2712 W SLAUSON AVE,33.9889335,-118.3230032
1323 S ARAPAHOE ST,,,2024,26.0,27,0.9629629629629628,2024,ED1,,,0.0,,2.0,19.0,5.0,0.0,,ed1,1323 S ARAPAHOE ST,34.0465176,-118.2856485
14658 W CALVERT ST,,,2024,70.0,71,0.9859154929577464,2024,ED1,,,0.0,,0.0,55.0,15.0,0.0,,ed1,14658 W CALVERT ST,34.18152,-118.45285
5435 N BALBOA BLVD,,,2024,116.0,117,0.9914529914529916,2024,ED1,,,0.0,,6.0,110.0,0.0,0.0,,ed1,5435 N BALBOA BLVD,34.25409399999999,-118.5026391
700 W 120TH ST,,,2024,49.0,50,0.98,2024,ED1,,,0.0,,0.0,39.0,10.0,0.0,,ed1,700 W 120TH ST,33.9234691,-118.2871728
6645 N LEMP AVE,,,2024,44.0,45,0.9777777777777776,2024,ED1,,,0.0,,0.0,35.0,9.0,0.0,,ed1,6645 N LEMP AVE,34.1917123,-118.3847852
4624 S NORMANDIE AVE,,,2024,99.0,100,0.99,2024,ED1,,,0.0,,0.0,79.0,20.0,0.0,,ed1,4624 S NORMANDIE AVE,34.0009644,-118.2998487
6010 N KLUMP AVE,,,2024,52.0,53,0.981132075471698,2024,ED1,,,0.0,,0.0,52.0,0.0,0.0,,ed1,6010 N KLUMP AVE,34.179829,-118.3755266
817 N AVALON BLVD,,,2024,68.0,69,0.9855072463768116,2024,ED1,,,0.0,,0.0,54.0,14.0,0.0,,ed1,817 N AVALON BLVD,33.7805347,-118.2627921
11608 W ARCHWOOD ST 1-17,,,2024,15.0,16,0.9375,2024,ED1,,,1.0,,1.0,13.0,0.0,0.0,,ed1,11608 W ARCHWOOD ST,34.1920254,-118.3848096
