APN,Application Received,Application Year,Council District,Address_left,City,Zip_left,Units Withdrawn,Replacement Unit,Latitude_left,Longitude_left,lat_lon_left,geometry,Address_right,Zip_right,CD#,Year of Covenant,Affordable Units,Total Units,% of Affordable,Rec Year,Entitlement,Zip_right,C of O,Extremely Low (AMI 30%),"Very, Very Low (45%)",Very Low (AMI 50%),Low (AMI 50%-80%),Moderate (AMI 120%),Workforce (AMI 150%),Types of Density Bonus/Discretionary/Specific Plan,source,Cleaned_Address,Latitude_right,Longitude_right,lat_lon_right,index_right,OBJECTID,name
2040031050,2/25/2016,2016,3,22769 W DEL VALLE ST,LOS ANGELES ,91364.0,2.0,22.0,34.1655084,-118.6226958,"(34.1655084, -118.6226958)",POINT (350431.3726275306 3781697.0936347353),22769 W. Del Valle St.,91364.0,3.0,2017,2.0,22,0.0909090909090909,2017,DB,91364,2019-08-15 00:00:00,,,2.0,,,,,deduplicated_matched,22769 W. Del Valle St.,34.1655084,-118.6226958,"(34.1655084, -118.6226958)",112.0,113.0,Woodland Hills
2111025021,3/16/2016,2016,3,7118 N JORDAN AVE,CANOGA PARK ,91303.0,2.0,9.0,34.1973966,-118.6028709,"(34.1973966, -118.6028709)",POINT (352314.46529754973 3785204.5167532666),7043 N. Jordan Ave.,91303.0,3.0,2017,3.0,33,0.0909090909090909,2017,DB,91303,,,,3.0,,,,,deduplicated_matched,7043 N. Jordan Ave.,34.1973966,-118.6028709,"(34.1973966, -118.6028709)",12.0,13.0,Canoga Park
2112024012,8/13/2015,2015,3,7310 N ETON AVE,LOS ANGELES ,91303.0,2.0,,34.1948973,-118.5954786,"(34.1948973, -118.5954786)",POINT (352991.3046354093 3784916.661996142),6904 N. Eton Ave.,91303.0,3.0,2019,2.0,21,0.0952380952380952,2019,DB,91303,2023-12-19 00:00:00,,,2.0,,,,,deduplicated_matched,6904 N. Eton Ave.,34.1948973,-118.5954786,"(34.1948973, -118.5954786)",12.0,13.0,Canoga Park
2112024025,4/18/2023,2023,3,7353 N MILWOOD AVE,LOS ANGELES ,91303.0,3.0,,34.2047007,-118.5943077,"(34.2047007, -118.5943077)",POINT (353116.2109174394 3786002.1467544655),7353 N. Milwood Ave.,91303.0,3.0,2022,3.0,16,0.1875,2022,TOC,91303,,1.0,,2.0,,,,TOC Tier 2,deduplicated_matched,7353 N. Milwood Ave.,34.2047007,-118.5943077,"(34.2047007, -118.5943077)",12.0,13.0,Canoga Park
2160004003,10/4/2016,2016,3,18525 W CLARK ST,LOS ANGELES ,91356.0,1.0,,34.1706241,-118.5368961,"(34.1706241, -118.5368961)",POINT (358349.0567817922 3782141.904281279),18525 W. Clark St.,91356.0,3.0,2019,20.0,170,0.1176470588235294,2019,DB,91356,,,,20.0,,,,Site Plan Review; Project Permit Compliance,deduplicated_matched,18525 W. Clark St.,34.1706241,-118.5368961,"(34.1706241, -118.5368961)",90.0,91.0,Tarzana
2210020017,6/26/2018,2018,6,14721 W BLYTHE ST,VAN NUYS ,91402.0,4.0,,34.2149316,-118.5636617,"(34.2149316, -118.5636617)",POINT (355957.30673151766 3787092.9683741103),14715 W. Blythe St.,91402.0,6.0,2020,6.0,26,0.2307692307692307,2020,TOC,91402,,3.0,,2.0,1.0,,,TOC Tier 1,deduplicated_matched,14715 W. Blythe St.,34.2149312,-118.5636616,"(34.2149312, -118.5636616)",111.0,112.0,Winnetka
2210020018,6/26/2018,2018,6,14715 W BLYTHE ST,VAN NUYS ,91402.0,4.0,,34.2149316,-118.5636617,"(34.2149316, -118.5636617)",POINT (355957.30673151766 3787092.9683741103),14715 W. Blythe St.,91402.0,6.0,2020,6.0,26,0.2307692307692307,2020,TOC,91402,,3.0,,2.0,1.0,,,TOC Tier 1,deduplicated_matched,14715 W. Blythe St.,34.2149312,-118.5636616,"(34.2149312, -118.5636616)",111.0,112.0,Winnetka
2213001024,7/7/2023,2023,6,13938 W ROSCOE BLVD,LOS ANGELES ,91402.0,2.0,,34.221406,-118.5039094,"(34.221406, -118.5039094)",POINT (361472.6971497537 3787728.0732350126),14915 W Roscoe Blvd,91402.0,6.0,2015,1.0,22,0.0454545454545454,2015,DB,91402,2016-11-22 00:00:00,,,1.0,,,,,deduplicated_matched,14915 W Roscoe Blvd,34.2215698,-118.5040624,"(34.2215698, -118.5040624)",67.0,68.0,Northridge
2213001024,7/7/2023,2023,6,13938 W ROSCOE BLVD,LOS ANGELES ,91402.0,2.0,,34.221406,-118.5039094,"(34.221406, -118.5039094)",POINT (361472.6971497537 3787728.0732350126),15157 W Roscoe Blvd,91402.0,6.0,2015,2.0,39,0.0512820512820512,2015,DB,91402,2018-06-08 00:00:00,,,2.0,,,,,deduplicated_matched,15157 W Roscoe Blvd,34.2215698,-118.5040624,"(34.2215698, -118.5040624)",67.0,68.0,Northridge
2217007037,4/15/2015,2015,6,14429 W VOSE ST,VAN NUYS ,91405.0,2.0,,34.1987846,-118.4475882,"(34.1987846, -118.4475882)",POINT (366625.30061567156 3785144.304042349),14431 W. Vose St.,91405.0,6.0,2022,37.0,332,0.1114457831325301,2022,TOC,91405,,37.0,,,,,,TOC Tier 4,deduplicated_matched,14431 W. Vose St.,34.1986021,-118.4472984,"(34.1986021, -118.4472984)",96.0,97.0,Van Nuys
2219026021,8/9/2013,2013,6,6906 N VESPER AVE,VAN NUYS ,91405.0,2.0,49.0,34.195946,-118.4505811,"(34.195946, -118.4505811)",POINT (366345.04530292324 3784833.4392114915),6908 North Vesper Avenue,91405.0,6.0,2014,10.0,49,0.2040816326530612,2014,DB,91405,2016-07-21 00:00:00,,,4.0,6.0,,,,deduplicated_matched,6908 North Vesper Avenue,34.1960511,-118.4505678,"(34.1960511, -118.4505678)",96.0,97.0,Van Nuys
2219026052,8/9/2013,2013,6,6908 N VESPER AVE,VAN NUYS ,91405.0,9.0,0.0,34.1960511,-118.4505678,"(34.1960511, -118.4505678)",POINT (366346.4367218084 3784845.076808378),6908 North Vesper Avenue,91405.0,6.0,2014,10.0,49,0.2040816326530612,2014,DB,91405,2016-07-21 00:00:00,,,4.0,6.0,,,,deduplicated_matched,6908 North Vesper Avenue,34.1960511,-118.4505678,"(34.1960511, -118.4505678)",96.0,97.0,Van Nuys
2221021005,11/21/2016,2016,6,14912 W WYANDOTTE ST,VAN NUYS ,91405.0,6.0,10.0,34.2030335,-118.4393107,"(34.2030335, -118.4393107)",POINT (367394.66903872474 3785604.6818523547),14912 W. Wyandotte Ave.,91405.0,6.0,2018,1.0,10,0.1,2018,DB,91405,2021-06-14 00:00:00,,,1.0,,,,,deduplicated_matched,14912 W. Wyandotte Ave.,34.2030335,-118.4393107,"(34.2030335, -118.4393107)",96.0,97.0,Van Nuys
2224004006,7/23/2018,2018,6,16034 W SHERMAN WAY,VAN NUYS ,91406.0,4.0,54.0,34.20108099999999,-118.5199707,"(34.20108099999999, -118.5199707)",POINT (359959.5122517106 3785496.0684949136),17630 W. Sherman Way,91406.0,6.0,2022,5.0,39,0.1282051282051282,2022,DB,91406,,,,5.0,,,,DB,deduplicated_matched,17630 W. Sherman Way,34.20108099999999,-118.5199707,"(34.20108099999999, -118.5199707)",78.0,79.0,Reseda
2224004006,7/23/2018,2018,6,16034 W SHERMAN WAY,VAN NUYS ,91406.0,4.0,54.0,34.20108099999999,-118.5199707,"(34.20108099999999, -118.5199707)",POINT (359959.5122517106 3785496.0684949136),16030 W. Sherman Way,91406.0,6.0,2019,7.0,54,0.1296296296296296,2019,DB,91406,2022-04-27 00:00:00,,,7.0,,,,,deduplicated_matched,16030 W. Sherman Way,34.20108099999999,-118.5199707,"(34.20108099999999, -118.5199707)",78.0,79.0,Reseda
2224004006,7/23/2018,2018,6,16034 W SHERMAN WAY,VAN NUYS ,91406.0,4.0,54.0,34.20108099999999,-118.5199707,"(34.20108099999999, -118.5199707)",POINT (359959.5122517106 3785496.0684949136),13604 West Sherman Way,91403.0,2.0,2015,63.0,64,0.984375,2015,DB,91403,2016-08-01 00:00:00,,,,11.0,52.0,,,deduplicated_matched,13604 West Sherman Way,34.20108099999999,-118.5199707,"(34.20108099999999, -118.5199707)",78.0,79.0,Reseda
2233014007,12/26/2023,2023,6,15931 W VICTORY BLVD,VAN NUYS ,91406.0,5.0,,34.1868294,-118.4720413,"(34.1868294, -118.4720413)",POINT (364352.96591479564 3783850.8051379253),16515 W. Victory Blvd.,91406.0,6.0,2018,1.0,8,0.125,2018,Other/Discretionary,91406,,,,,,1.0,,UDU,deduplicated_matched,16515 W. Victory Blvd.,34.1864904,-118.4720437,"(34.1864904, -118.4720437)",96.0,97.0,Van Nuys
2233014007,12/26/2023,2023,6,15931 W VICTORY BLVD,VAN NUYS ,91406.0,5.0,,34.1868294,-118.4720413,"(34.1868294, -118.4720413)",POINT (364352.96591479564 3783850.8051379253),15931 W VICTORY BLVD,,,2024,99.0,100,0.99,2024,ED1,,,0.0,,3.0,76.0,20.0,0.0,,ed1,15931 W VICTORY BLVD,34.1868294,-118.4720413,"(34.1868294, -118.4720413)",96.0,97.0,Van Nuys
2236020017,6/25/2015,2015,6,14827 W VICTORY BLVD,VAN NUYS ,91411.0,2.0,,34.1864751,-118.4677373,"(34.1864751, -118.4677373)",POINT (364749.0415432869 3783805.7962045427),13716 W. Victory Blvd.,91401.0,2.0,2021,4.0,32,0.125,2021,DB,91401,,,,4.0,,,,4 Waivers of Development Standards,deduplicated_matched,13716 W. Victory Blvd.,34.1864751,-118.4676387,"(34.1864751, -118.4676387)",96.0,97.0,Van Nuys
2236020017,6/25/2015,2015,6,14827 W VICTORY BLVD,VAN NUYS ,91411.0,2.0,,34.1864751,-118.4677373,"(34.1864751, -118.4677373)",POINT (364749.0415432869 3783805.7962045427),13853 W. Victory Blvd.,91401.0,2.0,2021,4.0,24,0.1666666666666666,2021,DB,91401,,,,,4.0,,,,deduplicated_matched,13853 W. Victory Blvd.,34.1864751,-118.4676387,"(34.1864751, -118.4676387)",96.0,97.0,Van Nuys
2236020017,6/25/2015,2015,6,14827 W VICTORY BLVD,VAN NUYS ,91411.0,2.0,,34.1864751,-118.4677373,"(34.1864751, -118.4677373)",POINT (364749.0415432869 3783805.7962045427),13148 W. Victory Blvd.,91401.0,2.0,2020,1.0,12,0.0833333333333333,2020,DB,91401,,,,,1.0,,,,deduplicated_matched,13148 W. Victory Blvd.,34.1864751,-118.4676387,"(34.1864751, -118.4676387)",96.0,97.0,Van Nuys
2236020017,6/25/2015,2015,6,14827 W VICTORY BLVD,VAN NUYS ,91411.0,2.0,,34.1864751,-118.4677373,"(34.1864751, -118.4677373)",POINT (364749.0415432869 3783805.7962045427),14222 W. Victory Blvd.,91401.0,6.0,2019,3.0,18,0.1666666666666666,2019,DB,91401,,,,2.0,1.0,,,,deduplicated_matched,14222 W. Victory Blvd.,34.1864751,-118.4676387,"(34.1864751, -118.4676387)",96.0,97.0,Van Nuys
2236020017,6/25/2015,2015,6,14827 W VICTORY BLVD,VAN NUYS ,91411.0,2.0,,34.1864751,-118.4677373,"(34.1864751, -118.4677373)",POINT (364749.0415432869 3783805.7962045427),14748 W. Victory Blvd.,91411.0,6.0,2019,1.0,11,0.0909090909090909,2019,TOC,91411,2022-08-26 00:00:00,1.0,,,,,,TOC Tier 1,deduplicated_matched,14748 W. Victory Blvd.,34.1864751,-118.4676617,"(34.1864751, -118.4676617)",96.0,97.0,Van Nuys
2236020017,6/25/2015,2015,6,14827 W VICTORY BLVD,VAN NUYS ,91411.0,2.0,,34.1864751,-118.4677373,"(34.1864751, -118.4677373)",POINT (364749.0415432869 3783805.7962045427),13210 W. Victory Blvd.,91401.0,2.0,2019,1.0,30,0.0333333333333333,2019,Other/Discretionary,91401,,,,,,1.0,,UDU,deduplicated_matched,13210 W. Victory Blvd.,34.1864751,-118.4676387,"(34.1864751, -118.4676387)",96.0,97.0,Van Nuys
2236020017,6/25/2015,2015,6,14827 W VICTORY BLVD,VAN NUYS ,91411.0,2.0,,34.1864751,-118.4677373,"(34.1864751, -118.4677373)",POINT (364749.0415432869 3783805.7962045427),13724 W. Victory Blvd.,91401.0,2.0,2018,4.0,67,0.0597014925373134,2018,DB,91401,2022-02-14 00:00:00,,,4.0,,,,,deduplicated_matched,13724 W. Victory Blvd.,34.1864751,-118.4676387,"(34.1864751, -118.4676387)",96.0,97.0,Van Nuys
2236020017,6/25/2015,2015,6,14827 W VICTORY BLVD,VAN NUYS ,91411.0,2.0,,34.1864751,-118.4677373,"(34.1864751, -118.4677373)",POINT (364749.0415432869 3783805.7962045427),14827 W Victory Blvd,91411.0,6.0,2016,2.0,9,0.2222222222222222,2016,DB,91411,,,,1.0,1.0,,,,deduplicated_matched,14827 W Victory Blvd,34.1864751,-118.4677373,"(34.1864751, -118.4677373)",96.0,97.0,Van Nuys
2236020017,6/25/2015,2015,6,14827 W VICTORY BLVD,VAN NUYS ,91411.0,2.0,,34.1864751,-118.4677373,"(34.1864751, -118.4677373)",POINT (364749.0415432869 3783805.7962045427),13919 W Victory Blvd,91401.0,2.0,2015,2.0,18,0.1111111111111111,2015,DB,91401,"12/22/21, Corrected 04/04/22",,,2.0,,,,,deduplicated_matched,13919 W Victory Blvd,34.1864751,-118.4676387,"(34.1864751, -118.4676387)",96.0,97.0,Van Nuys
2236020017,6/25/2015,2015,6,14827 W VICTORY BLVD,VAN NUYS ,91411.0,2.0,,34.1864751,-118.4677373,"(34.1864751, -118.4677373)",POINT (364749.0415432869 3783805.7962045427),15003 West Victory Blvd,91411.0,6.0,2014,2.0,17,0.1176470588235294,2014,DB,91411,2015-10-09 00:00:00,,,2.0,,,,,deduplicated_matched,15003 West Victory Blvd,34.1864751,-118.4677498,"(34.1864751, -118.4677498)",96.0,97.0,Van Nuys
2236022012,7/12/2023,2023,6,14654 W GILMORE ST,VAN NUYS ,91411.0,2.0,,34.1874904,-118.4527315,"(34.1874904, -118.4527315)",POINT (366133.5305434372 3783898.579989295),14658 W GILMORE ST,,,2024,47.0,48,0.9791666666666666,2024,ED1,,,0.0,,2.0,37.0,8.0,0.0,,ed1,14658 W GILMORE ST,34.18746120000001,-118.4529137,"(34.18746120000001, -118.4529137)",96.0,97.0,Van Nuys
2237002023,3/17/2008,2008,6,14416 W VANOWEN ST,VAN NUYS ,91405.0,5.0,,34.1936895,-118.4471933,"(34.1936895, -118.4471933)",POINT (366653.66523721674 3784578.7676969403),6755 N. Sylmar Ave.,91405.0,6.0,2021,5.0,45,0.1111111111111111,2021,TOC,91405,,5.0,,,,,,TOC Tier 4,deduplicated_matched,6755 N. Sylmar Ave.,34.193792,-118.4468091,"(34.193792, -118.4468091)",96.0,97.0,Van Nuys
2238006032,3/14/2016,2016,2,6736 N HAZELTINE AVE,VAN NUYS ,91405.0,1.0,,34.1930973,-118.4397754,"(34.1930973, -118.4397754)",POINT (367336.2864544727 3784503.4158137008),14055 W Archwood St,90034.0,2.0,2016,2.0,36,0.0555555555555555,2016,DB,90034,2017-08-07 00:00:00,,,2.0,,,,,deduplicated_matched,14055 W Archwood St,34.1930513,-118.4397195,"(34.1930513, -118.4397195)",94.0,95.0,Valley Glen
2239006030,4/20/2016,2016,2,13724 W VICTORY BLVD,LOS ANGELES ,91401.0,5.0,,34.1864751,-118.4676387,"(34.1864751, -118.4676387)",POINT (364758.12820232264 3783805.6653884705),13716 W. Victory Blvd.,91401.0,2.0,2021,4.0,32,0.125,2021,DB,91401,,,,4.0,,,,4 Waivers of Development Standards,deduplicated_matched,13716 W. Victory Blvd.,34.1864751,-118.4676387,"(34.1864751, -118.4676387)",96.0,97.0,Van Nuys
2239006030,4/20/2016,2016,2,13724 W VICTORY BLVD,LOS ANGELES ,91401.0,5.0,,34.1864751,-118.4676387,"(34.1864751, -118.4676387)",POINT (364758.12820232264 3783805.6653884705),13853 W. Victory Blvd.,91401.0,2.0,2021,4.0,24,0.1666666666666666,2021,DB,91401,,,,,4.0,,,,deduplicated_matched,13853 W. Victory Blvd.,34.1864751,-118.4676387,"(34.1864751, -118.4676387)",96.0,97.0,Van Nuys
2239006030,4/20/2016,2016,2,13724 W VICTORY BLVD,LOS ANGELES ,91401.0,5.0,,34.1864751,-118.4676387,"(34.1864751, -118.4676387)",POINT (364758.12820232264 3783805.6653884705),13148 W. Victory Blvd.,91401.0,2.0,2020,1.0,12,0.0833333333333333,2020,DB,91401,,,,,1.0,,,,deduplicated_matched,13148 W. Victory Blvd.,34.1864751,-118.4676387,"(34.1864751, -118.4676387)",96.0,97.0,Van Nuys
2239006030,4/20/2016,2016,2,13724 W VICTORY BLVD,LOS ANGELES ,91401.0,5.0,,34.1864751,-118.4676387,"(34.1864751, -118.4676387)",POINT (364758.12820232264 3783805.6653884705),14222 W. Victory Blvd.,91401.0,6.0,2019,3.0,18,0.1666666666666666,2019,DB,91401,,,,2.0,1.0,,,,deduplicated_matched,14222 W. Victory Blvd.,34.1864751,-118.4676387,"(34.1864751, -118.4676387)",96.0,97.0,Van Nuys
2239006030,4/20/2016,2016,2,13724 W VICTORY BLVD,LOS ANGELES ,91401.0,5.0,,34.1864751,-118.4676387,"(34.1864751, -118.4676387)",POINT (364758.12820232264 3783805.6653884705),14748 W. Victory Blvd.,91411.0,6.0,2019,1.0,11,0.0909090909090909,2019,TOC,91411,2022-08-26 00:00:00,1.0,,,,,,TOC Tier 1,deduplicated_matched,14748 W. Victory Blvd.,34.1864751,-118.4676617,"(34.1864751, -118.4676617)",96.0,97.0,Van Nuys
2239006030,4/20/2016,2016,2,13724 W VICTORY BLVD,LOS ANGELES ,91401.0,5.0,,34.1864751,-118.4676387,"(34.1864751, -118.4676387)",POINT (364758.12820232264 3783805.6653884705),13210 W. Victory Blvd.,91401.0,2.0,2019,1.0,30,0.0333333333333333,2019,Other/Discretionary,91401,,,,,,1.0,,UDU,deduplicated_matched,13210 W. Victory Blvd.,34.1864751,-118.4676387,"(34.1864751, -118.4676387)",96.0,97.0,Van Nuys
2239006030,4/20/2016,2016,2,13724 W VICTORY BLVD,LOS ANGELES ,91401.0,5.0,,34.1864751,-118.4676387,"(34.1864751, -118.4676387)",POINT (364758.12820232264 3783805.6653884705),13724 W. Victory Blvd.,91401.0,2.0,2018,4.0,67,0.0597014925373134,2018,DB,91401,2022-02-14 00:00:00,,,4.0,,,,,deduplicated_matched,13724 W. Victory Blvd.,34.1864751,-118.4676387,"(34.1864751, -118.4676387)",96.0,97.0,Van Nuys
2239006030,4/20/2016,2016,2,13724 W VICTORY BLVD,LOS ANGELES ,91401.0,5.0,,34.1864751,-118.4676387,"(34.1864751, -118.4676387)",POINT (364758.12820232264 3783805.6653884705),14827 W Victory Blvd,91411.0,6.0,2016,2.0,9,0.2222222222222222,2016,DB,91411,,,,1.0,1.0,,,,deduplicated_matched,14827 W Victory Blvd,34.1864751,-118.4677373,"(34.1864751, -118.4677373)",96.0,97.0,Van Nuys
2239006030,4/20/2016,2016,2,13724 W VICTORY BLVD,LOS ANGELES ,91401.0,5.0,,34.1864751,-118.4676387,"(34.1864751, -118.4676387)",POINT (364758.12820232264 3783805.6653884705),13919 W Victory Blvd,91401.0,2.0,2015,2.0,18,0.1111111111111111,2015,DB,91401,"12/22/21, Corrected 04/04/22",,,2.0,,,,,deduplicated_matched,13919 W Victory Blvd,34.1864751,-118.4676387,"(34.1864751, -118.4676387)",96.0,97.0,Van Nuys
2239006030,4/20/2016,2016,2,13724 W VICTORY BLVD,LOS ANGELES ,91401.0,5.0,,34.1864751,-118.4676387,"(34.1864751, -118.4676387)",POINT (364758.12820232264 3783805.6653884705),15003 West Victory Blvd,91411.0,6.0,2014,2.0,17,0.1176470588235294,2014,DB,91411,2015-10-09 00:00:00,,,2.0,,,,,deduplicated_matched,15003 West Victory Blvd,34.1864751,-118.4677498,"(34.1864751, -118.4677498)",96.0,97.0,Van Nuys
2240012013,5/17/2016,2016,6,14307 W FRIAR ST,VAN NUYS ,91401.0,2.0,0.0,34.1859052,-118.4447108,"(34.1859052, -118.4447108)",POINT (366870.19015744654 3783712.286158806),14307 W. Friar St.,91401.0,6.0,2018,6.0,30,0.2,2018,DB,91401,2021-12-22 00:00:00,,,4.0,2.0,,,,deduplicated_matched,14307 W. Friar St.,34.1859052,-118.4447108,"(34.1859052, -118.4447108)",96.0,97.0,Van Nuys
2240012014,6/27/2017,2017,6,14311 W FRIAR ST,VAN NUYS ,91401.0,2.0,30.0,34.1858953,-118.4448768,"(34.1858953, -118.4448768)",POINT (366854.8765265347 3783711.4051019833),14307 W. Friar St.,91401.0,6.0,2018,6.0,30,0.2,2018,DB,91401,2021-12-22 00:00:00,,,4.0,2.0,,,,deduplicated_matched,14307 W. Friar St.,34.1859052,-118.4447108,"(34.1859052, -118.4447108)",96.0,97.0,Van Nuys
2240013006,1/16/2019,2019,6,14226 W VICTORY BLVD,VAN NUYS ,91401.0,4.0,18.0,34.1864751,-118.4676387,"(34.1864751, -118.4676387)",POINT (364758.12820232264 3783805.6653884705),13716 W. Victory Blvd.,91401.0,2.0,2021,4.0,32,0.125,2021,DB,91401,,,,4.0,,,,4 Waivers of Development Standards,deduplicated_matched,13716 W. Victory Blvd.,34.1864751,-118.4676387,"(34.1864751, -118.4676387)",96.0,97.0,Van Nuys
2240013006,1/16/2019,2019,6,14226 W VICTORY BLVD,VAN NUYS ,91401.0,4.0,18.0,34.1864751,-118.4676387,"(34.1864751, -118.4676387)",POINT (364758.12820232264 3783805.6653884705),13853 W. Victory Blvd.,91401.0,2.0,2021,4.0,24,0.1666666666666666,2021,DB,91401,,,,,4.0,,,,deduplicated_matched,13853 W. Victory Blvd.,34.1864751,-118.4676387,"(34.1864751, -118.4676387)",96.0,97.0,Van Nuys
2240013006,1/16/2019,2019,6,14226 W VICTORY BLVD,VAN NUYS ,91401.0,4.0,18.0,34.1864751,-118.4676387,"(34.1864751, -118.4676387)",POINT (364758.12820232264 3783805.6653884705),13148 W. Victory Blvd.,91401.0,2.0,2020,1.0,12,0.0833333333333333,2020,DB,91401,,,,,1.0,,,,deduplicated_matched,13148 W. Victory Blvd.,34.1864751,-118.4676387,"(34.1864751, -118.4676387)",96.0,97.0,Van Nuys
2240013006,1/16/2019,2019,6,14226 W VICTORY BLVD,VAN NUYS ,91401.0,4.0,18.0,34.1864751,-118.4676387,"(34.1864751, -118.4676387)",POINT (364758.12820232264 3783805.6653884705),14222 W. Victory Blvd.,91401.0,6.0,2019,3.0,18,0.1666666666666666,2019,DB,91401,,,,2.0,1.0,,,,deduplicated_matched,14222 W. Victory Blvd.,34.1864751,-118.4676387,"(34.1864751, -118.4676387)",96.0,97.0,Van Nuys
2240013006,1/16/2019,2019,6,14226 W VICTORY BLVD,VAN NUYS ,91401.0,4.0,18.0,34.1864751,-118.4676387,"(34.1864751, -118.4676387)",POINT (364758.12820232264 3783805.6653884705),14748 W. Victory Blvd.,91411.0,6.0,2019,1.0,11,0.0909090909090909,2019,TOC,91411,2022-08-26 00:00:00,1.0,,,,,,TOC Tier 1,deduplicated_matched,14748 W. Victory Blvd.,34.1864751,-118.4676617,"(34.1864751, -118.4676617)",96.0,97.0,Van Nuys
2240013006,1/16/2019,2019,6,14226 W VICTORY BLVD,VAN NUYS ,91401.0,4.0,18.0,34.1864751,-118.4676387,"(34.1864751, -118.4676387)",POINT (364758.12820232264 3783805.6653884705),13210 W. Victory Blvd.,91401.0,2.0,2019,1.0,30,0.0333333333333333,2019,Other/Discretionary,91401,,,,,,1.0,,UDU,deduplicated_matched,13210 W. Victory Blvd.,34.1864751,-118.4676387,"(34.1864751, -118.4676387)",96.0,97.0,Van Nuys
2240013006,1/16/2019,2019,6,14226 W VICTORY BLVD,VAN NUYS ,91401.0,4.0,18.0,34.1864751,-118.4676387,"(34.1864751, -118.4676387)",POINT (364758.12820232264 3783805.6653884705),13724 W. Victory Blvd.,91401.0,2.0,2018,4.0,67,0.0597014925373134,2018,DB,91401,2022-02-14 00:00:00,,,4.0,,,,,deduplicated_matched,13724 W. Victory Blvd.,34.1864751,-118.4676387,"(34.1864751, -118.4676387)",96.0,97.0,Van Nuys
2240013006,1/16/2019,2019,6,14226 W VICTORY BLVD,VAN NUYS ,91401.0,4.0,18.0,34.1864751,-118.4676387,"(34.1864751, -118.4676387)",POINT (364758.12820232264 3783805.6653884705),14827 W Victory Blvd,91411.0,6.0,2016,2.0,9,0.2222222222222222,2016,DB,91411,,,,1.0,1.0,,,,deduplicated_matched,14827 W Victory Blvd,34.1864751,-118.4677373,"(34.1864751, -118.4677373)",96.0,97.0,Van Nuys
2240013006,1/16/2019,2019,6,14226 W VICTORY BLVD,VAN NUYS ,91401.0,4.0,18.0,34.1864751,-118.4676387,"(34.1864751, -118.4676387)",POINT (364758.12820232264 3783805.6653884705),13919 W Victory Blvd,91401.0,2.0,2015,2.0,18,0.1111111111111111,2015,DB,91401,"12/22/21, Corrected 04/04/22",,,2.0,,,,,deduplicated_matched,13919 W Victory Blvd,34.1864751,-118.4676387,"(34.1864751, -118.4676387)",96.0,97.0,Van Nuys
2240013006,1/16/2019,2019,6,14226 W VICTORY BLVD,VAN NUYS ,91401.0,4.0,18.0,34.1864751,-118.4676387,"(34.1864751, -118.4676387)",POINT (364758.12820232264 3783805.6653884705),15003 West Victory Blvd,91411.0,6.0,2014,2.0,17,0.1176470588235294,2014,DB,91411,2015-10-09 00:00:00,,,2.0,,,,,deduplicated_matched,15003 West Victory Blvd,34.1864751,-118.4677498,"(34.1864751, -118.4677498)",96.0,97.0,Van Nuys
2241003014,5/8/2019,2019,6,14631 W FRIAR ST,VAN NUYS ,91411.0,2.0,,34.185937,-118.452072,"(34.185937, -118.452072)",POINT (366191.8534499869 3783725.450402371),14631 W. Friar St.,91411.0,6.0,2021,2.0,11,0.1818181818181818,2021,TOC,91411,,1.0,,1.0,,,,TOC Tier 3,deduplicated_matched,14631 W. Friar St.,34.185937,-118.452072,"(34.185937, -118.452072)",96.0,97.0,Van Nuys
2241003014,5/8/2019,2019,6,14631 W FRIAR ST,VAN NUYS ,91411.0,2.0,,34.185937,-118.452072,"(34.185937, -118.452072)",POINT (366191.8534499869 3783725.450402371),14629 West Friar Street,91411.0,6.0,2013,1.0,3,0.3333333333333333,2013,DB,91411,2015-08-24 00:00:00,,,,1.0,,,,deduplicated_matched,14629 West Friar Street,34.1858748,-118.4519209,"(34.1858748, -118.4519209)",96.0,97.0,Van Nuys
2241007004,4/27/2023,2023,6,14716 W FRIAR ST,VAN NUYS ,91411.0,2.0,,34.1854602,-118.4538032,"(34.1854602, -118.4538032)",POINT (366031.5570089738 3783674.8495653784),14712 W. Friar St.,91411.0,6.0,2022,3.0,23,0.1304347826086956,2022,TOC,91411,,3.0,,,,,,TOC Tier 3,deduplicated_matched,14712 W. Friar St.,34.18544,-118.45358,"(34.18544, -118.45358)",96.0,97.0,Van Nuys
2241007004,4/27/2023,2023,6,14716 W FRIAR ST,VAN NUYS ,91411.0,2.0,,34.1854602,-118.4538032,"(34.1854602, -118.4538032)",POINT (366031.5570089738 3783674.8495653784),14728 W. Friar St.,91411.0,6.0,2021,2.0,12,0.1666666666666666,2021,TOC,91411,,,,2.0,,,,TOC Tier 3,deduplicated_matched,14728 W. Friar St.,34.1854446,-118.4540995,"(34.1854446, -118.4540995)",96.0,97.0,Van Nuys
2241007004,4/27/2023,2023,6,14716 W FRIAR ST,VAN NUYS ,91411.0,2.0,,34.1854602,-118.4538032,"(34.1854602, -118.4538032)",POINT (366031.5570089738 3783674.8495653784),14716 W FRIAR ST,,,2023,58.0,59,0.9830508474576272,2023,ED1,,,0.0,,0.0,46.0,12.0,0.0,,ed1,14716 W FRIAR ST,34.1854602,-118.4538032,"(34.1854602, -118.4538032)",96.0,97.0,Van Nuys
2241017002,4/22/2015,2015,6,14800 W DELANO ST,VAN NUYS ,91411.0,2.0,5.0,34.1824229,-118.4555321,"(34.1824229, -118.4555321)",POINT (365867.41703497083 3783340.302665689),14810 W. Delano St.,91411.0,6.0,2019,3.0,18,0.1666666666666666,2019,DB,91411,,,,2.0,1.0,,,,deduplicated_matched,14810 W. Delano St.,34.1823898,-118.4558201,"(34.1823898, -118.4558201)",96.0,97.0,Van Nuys
2241017004,1/31/2018,2018,6,14810 W DELANO ST,VAN NUYS ,91411.0,3.0,,34.1823898,-118.4558201,"(34.1823898, -118.4558201)",POINT (365840.82225229446 3783337.011002767),14810 W. Delano St.,91411.0,6.0,2019,3.0,18,0.1666666666666666,2019,DB,91411,,,,2.0,1.0,,,,deduplicated_matched,14810 W. Delano St.,34.1823898,-118.4558201,"(34.1823898, -118.4558201)",96.0,97.0,Van Nuys
2241017004,1/31/2018,2018,6,14810 W DELANO ST,VAN NUYS ,91411.0,3.0,,34.1823898,-118.4558201,"(34.1823898, -118.4558201)",POINT (365840.82225229446 3783337.011002767),14822 W. Delano St.,91411.0,6.0,2019,3.0,11,0.2727272727272727,2019,TOC,91411,,1.0,,1.0,1.0,,,TOC Tier 1,deduplicated_matched,14822 W. Delano St.,34.1824117,-118.4563237,"(34.1824117, -118.4563237)",96.0,97.0,Van Nuys
2241017006,6/22/2018,2018,6,14822 W DELANO ST,VAN NUYS ,91411.0,3.0,,34.1824117,-118.4563237,"(34.1824117, -118.4563237)",POINT (365794.444633833 3783340.1024096874),14824 W. Delano St.,91411.0,6.0,2021,2.0,2,1.0,2021,DB,91411,,,,1.0,1.0,,,,deduplicated_matched,14824 W. Delano St.,34.1824689,-118.4565181,"(34.1824689, -118.4565181)",96.0,97.0,Van Nuys
2241017006,6/22/2018,2018,6,14822 W DELANO ST,VAN NUYS ,91411.0,3.0,,34.1824117,-118.4563237,"(34.1824117, -118.4563237)",POINT (365794.444633833 3783340.1024096874),14810 W. Delano St.,91411.0,6.0,2019,3.0,18,0.1666666666666666,2019,DB,91411,,,,2.0,1.0,,,,deduplicated_matched,14810 W. Delano St.,34.1823898,-118.4558201,"(34.1823898, -118.4558201)",96.0,97.0,Van Nuys
2241017006,6/22/2018,2018,6,14822 W DELANO ST,VAN NUYS ,91411.0,3.0,,34.1824117,-118.4563237,"(34.1824117, -118.4563237)",POINT (365794.444633833 3783340.1024096874),14822 W. Delano St.,91411.0,6.0,2019,3.0,11,0.2727272727272727,2019,TOC,91411,,1.0,,1.0,1.0,,,TOC Tier 1,deduplicated_matched,14822 W. Delano St.,34.1824117,-118.4563237,"(34.1824117, -118.4563237)",96.0,97.0,Van Nuys
2241017008,5/29/2014,2014,6,14832 W DELANO ST,VAN NUYS ,91411.0,2.0,5.0,34.1823847,-118.4565358,"(34.1823847, -118.4565358)",POINT (365774.85450481443 3783337.3874792843),14824 W. Delano St.,91411.0,6.0,2021,2.0,2,1.0,2021,DB,91411,,,,1.0,1.0,,,,deduplicated_matched,14824 W. Delano St.,34.1824689,-118.4565181,"(34.1824689, -118.4565181)",96.0,97.0,Van Nuys
2241017008,5/29/2014,2014,6,14832 W DELANO ST,VAN NUYS ,91411.0,2.0,5.0,34.1823847,-118.4565358,"(34.1823847, -118.4565358)",POINT (365774.85450481443 3783337.3874792843),14848 W. Delano St.,91411.0,6.0,2019,1.0,11,0.0909090909090909,2019,TOC,91411,2021-12-17 00:00:00,1.0,,,,,,TOC Tier 2,deduplicated_matched,14848 W. Delano St.,34.1825144,-118.4569197,"(34.1825144, -118.4569197)",96.0,97.0,Van Nuys
2241017008,5/29/2014,2014,6,14832 W DELANO ST,VAN NUYS ,91411.0,2.0,5.0,34.1823847,-118.4565358,"(34.1823847, -118.4565358)",POINT (365774.85450481443 3783337.3874792843),14822 W. Delano St.,91411.0,6.0,2019,3.0,11,0.2727272727272727,2019,TOC,91411,,1.0,,1.0,1.0,,,TOC Tier 1,deduplicated_matched,14822 W. Delano St.,34.1824117,-118.4563237,"(34.1824117, -118.4563237)",96.0,97.0,Van Nuys
2242017148,3/11/2024,2024,6,14930 W VICTORY BLVD,VAN NUYS ,91411.0,4.0,,34.1864751,-118.4677498,"(34.1864751, -118.4677498)",POINT (364747.8895834582 3783805.812789358),13716 W. Victory Blvd.,91401.0,2.0,2021,4.0,32,0.125,2021,DB,91401,,,,4.0,,,,4 Waivers of Development Standards,deduplicated_matched,13716 W. Victory Blvd.,34.1864751,-118.4676387,"(34.1864751, -118.4676387)",96.0,97.0,Van Nuys
2242017148,3/11/2024,2024,6,14930 W VICTORY BLVD,VAN NUYS ,91411.0,4.0,,34.1864751,-118.4677498,"(34.1864751, -118.4677498)",POINT (364747.8895834582 3783805.812789358),13853 W. Victory Blvd.,91401.0,2.0,2021,4.0,24,0.1666666666666666,2021,DB,91401,,,,,4.0,,,,deduplicated_matched,13853 W. Victory Blvd.,34.1864751,-118.4676387,"(34.1864751, -118.4676387)",96.0,97.0,Van Nuys
2242017148,3/11/2024,2024,6,14930 W VICTORY BLVD,VAN NUYS ,91411.0,4.0,,34.1864751,-118.4677498,"(34.1864751, -118.4677498)",POINT (364747.8895834582 3783805.812789358),13148 W. Victory Blvd.,91401.0,2.0,2020,1.0,12,0.0833333333333333,2020,DB,91401,,,,,1.0,,,,deduplicated_matched,13148 W. Victory Blvd.,34.1864751,-118.4676387,"(34.1864751, -118.4676387)",96.0,97.0,Van Nuys
2242017148,3/11/2024,2024,6,14930 W VICTORY BLVD,VAN NUYS ,91411.0,4.0,,34.1864751,-118.4677498,"(34.1864751, -118.4677498)",POINT (364747.8895834582 3783805.812789358),14222 W. Victory Blvd.,91401.0,6.0,2019,3.0,18,0.1666666666666666,2019,DB,91401,,,,2.0,1.0,,,,deduplicated_matched,14222 W. Victory Blvd.,34.1864751,-118.4676387,"(34.1864751, -118.4676387)",96.0,97.0,Van Nuys
2242017148,3/11/2024,2024,6,14930 W VICTORY BLVD,VAN NUYS ,91411.0,4.0,,34.1864751,-118.4677498,"(34.1864751, -118.4677498)",POINT (364747.8895834582 3783805.812789358),14748 W. Victory Blvd.,91411.0,6.0,2019,1.0,11,0.0909090909090909,2019,TOC,91411,2022-08-26 00:00:00,1.0,,,,,,TOC Tier 1,deduplicated_matched,14748 W. Victory Blvd.,34.1864751,-118.4676617,"(34.1864751, -118.4676617)",96.0,97.0,Van Nuys
2242017148,3/11/2024,2024,6,14930 W VICTORY BLVD,VAN NUYS ,91411.0,4.0,,34.1864751,-118.4677498,"(34.1864751, -118.4677498)",POINT (364747.8895834582 3783805.812789358),13210 W. Victory Blvd.,91401.0,2.0,2019,1.0,30,0.0333333333333333,2019,Other/Discretionary,91401,,,,,,1.0,,UDU,deduplicated_matched,13210 W. Victory Blvd.,34.1864751,-118.4676387,"(34.1864751, -118.4676387)",96.0,97.0,Van Nuys
2242017148,3/11/2024,2024,6,14930 W VICTORY BLVD,VAN NUYS ,91411.0,4.0,,34.1864751,-118.4677498,"(34.1864751, -118.4677498)",POINT (364747.8895834582 3783805.812789358),13724 W. Victory Blvd.,91401.0,2.0,2018,4.0,67,0.0597014925373134,2018,DB,91401,2022-02-14 00:00:00,,,4.0,,,,,deduplicated_matched,13724 W. Victory Blvd.,34.1864751,-118.4676387,"(34.1864751, -118.4676387)",96.0,97.0,Van Nuys
2242017148,3/11/2024,2024,6,14930 W VICTORY BLVD,VAN NUYS ,91411.0,4.0,,34.1864751,-118.4677498,"(34.1864751, -118.4677498)",POINT (364747.8895834582 3783805.812789358),14827 W Victory Blvd,91411.0,6.0,2016,2.0,9,0.2222222222222222,2016,DB,91411,,,,1.0,1.0,,,,deduplicated_matched,14827 W Victory Blvd,34.1864751,-118.4677373,"(34.1864751, -118.4677373)",96.0,97.0,Van Nuys
2242017148,3/11/2024,2024,6,14930 W VICTORY BLVD,VAN NUYS ,91411.0,4.0,,34.1864751,-118.4677498,"(34.1864751, -118.4677498)",POINT (364747.8895834582 3783805.812789358),13919 W Victory Blvd,91401.0,2.0,2015,2.0,18,0.1111111111111111,2015,DB,91401,"12/22/21, Corrected 04/04/22",,,2.0,,,,,deduplicated_matched,13919 W Victory Blvd,34.1864751,-118.4676387,"(34.1864751, -118.4676387)",96.0,97.0,Van Nuys
2242017148,3/11/2024,2024,6,14930 W VICTORY BLVD,VAN NUYS ,91411.0,4.0,,34.1864751,-118.4677498,"(34.1864751, -118.4677498)",POINT (364747.8895834582 3783805.812789358),15003 West Victory Blvd,91411.0,6.0,2014,2.0,17,0.1176470588235294,2014,DB,91411,2015-10-09 00:00:00,,,2.0,,,,,deduplicated_matched,15003 West Victory Blvd,34.1864751,-118.4677498,"(34.1864751, -118.4677498)",96.0,97.0,Van Nuys
2248005019,6/26/2018,2018,4,14425 W RIVERSIDE DR,LOS ANGELES ,91423.0,2.0,,34.154216,-118.326101,"(34.154216, -118.326101)",POINT (377755.1282027524 3780049.6678623166),14130 W. Riverside Dr.,91423.0,4.0,2021,25.0,249,0.1004016064257028,2021,Other/Discretionary,91423,,,,,,25.0,,Zone Change; Master Conditional Use Permit; Site Plan Review,deduplicated_matched,14130 W. Riverside Dr.,34.154216,-118.326101,"(34.154216, -118.326101)",,,
2248005019,6/26/2018,2018,4,14425 W RIVERSIDE DR,LOS ANGELES ,91423.0,2.0,,34.154216,-118.326101,"(34.154216, -118.326101)",POINT (377755.1282027524 3780049.6678623166),14419 W. Riverside Dr.,91423.0,4.0,2018,2.0,12,0.1666666666666666,2018,DB,91423,2024-05-23 00:00:00,,,1.0,1.0,,,,deduplicated_matched,14419 W. Riverside Dr.,34.154216,-118.326101,"(34.154216, -118.326101)",,,
2248005019,6/26/2018,2018,4,14425 W RIVERSIDE DR,LOS ANGELES ,91423.0,2.0,,34.154216,-118.326101,"(34.154216, -118.326101)",POINT (377755.1282027524 3780049.6678623166),11445 W. Riverside Dr.,91602.0,2.0,2017,2.0,29,0.0689655172413793,2017,DB,91602,2021-08-12 00:00:00,,,2.0,,,,,deduplicated_matched,11445 W. Riverside Dr.,34.154216,-118.326101,"(34.154216, -118.326101)",,,
2248005019,6/26/2018,2018,4,14425 W RIVERSIDE DR,LOS ANGELES ,91423.0,2.0,,34.154216,-118.326101,"(34.154216, -118.326101)",POINT (377755.1282027524 3780049.6678623166),10748 W Riverside Dr,91602.0,2.0,2016,1.0,13,0.0769230769230769,2016,DB,91602,2018-08-02 00:00:00,,,1.0,,,,,deduplicated_matched,10748 W Riverside Dr,34.154216,-118.326101,"(34.154216, -118.326101)",,,
2248005019,6/26/2018,2018,4,14425 W RIVERSIDE DR,LOS ANGELES ,91423.0,2.0,,34.154216,-118.326101,"(34.154216, -118.326101)",POINT (377755.1282027524 3780049.6678623166),11100 W Riverside Dr,91602.0,2.0,2015,4.0,51,0.0784313725490196,2015,DB,91602,2017-01-11 00:00:00,,,4.0,,,,,deduplicated_matched,11100 W Riverside Dr,34.154216,-118.326101,"(34.154216, -118.326101)",,,
2248005019,6/26/2018,2018,4,14425 W RIVERSIDE DR,LOS ANGELES ,91423.0,2.0,,34.154216,-118.326101,"(34.154216, -118.326101)",POINT (377755.1282027524 3780049.6678623166),12954 W Riverside Dr,91423.0,4.0,2015,1.0,18,0.0555555555555555,2015,Other/Discretionary,91423,,,,,,1.0,,,deduplicated_matched,12954 W Riverside Dr,34.154216,-118.326101,"(34.154216, -118.326101)",,,
2249005017,1/25/2024,2024,4,14535 W WEDDINGTON ST,VAN NUYS ,91411.0,4.0,,34.16690610000001,-118.4500226,"(34.16690610000001, -118.4500226)",POINT (366350.7111869984 3781612.341749748),14535 W WEDDINGTON ST,,,2023,22.0,23,0.9565217391304348,2023,ED1,,,0.0,,0.0,17.0,5.0,0.0,,ed1,14535 W WEDDINGTON ST,34.16690610000001,-118.4500226,"(34.16690610000001, -118.4500226)",83.0,84.0,Sherman Oaks
2249005019,6/13/2024,2024,4,14523 W WEDDINGTON ST,VAN NUYS ,91411.0,2.0,,34.16679,-118.44962,"(34.16679, -118.44962)",POINT (366387.6389955258 3781598.939434576),14535 W WEDDINGTON ST,,,2023,22.0,23,0.9565217391304348,2023,ED1,,,0.0,,0.0,17.0,5.0,0.0,,ed1,14535 W WEDDINGTON ST,34.16690610000001,-118.4500226,"(34.16690610000001, -118.4500226)",83.0,84.0,Sherman Oaks
2250004006,12/16/2013,2013,4,5324 N SEPULVEDA BLVD,VAN NUYS ,91411.0,3.0,7.0,34.1674644,-118.4657481,"(34.1674644, -118.4657481)",POINT (364902.056830719 3781694.9726694943),5308 North Sepulveda Blvd,91411.0,4.0,2013,3.0,36,0.0833333333333333,2013,DB,91411,2015-05-13 00:00:00,,,3.0,,,,0.35,deduplicated_matched,5308 North Sepulveda Blvd,34.1672454,-118.465719,"(34.1672454, -118.465719)",83.0,84.0,Sherman Oaks
2263017003,11/19/2015,2015,4,4966 N SEPULVEDA BLVD,SHERMAN OAKS ,91403.0,3.0,,34.1281642,-118.4801929,"(34.1281642, -118.4801929)",POINT (363507.3560799267 3777356.0255416404),7510 N. Sepulveda Blvd.,91405.0,5.0,2021,2.0,17,0.1176470588235294,2021,DB,91405,,,,,2.0,,,,deduplicated_matched,7510 N. Sepulveda Blvd.,34.1281642,-118.4801929,"(34.1281642, -118.4801929)",10.0,11.0,Brentwood
2263017003,11/19/2015,2015,4,4966 N SEPULVEDA BLVD,SHERMAN OAKS ,91403.0,3.0,,34.1281642,-118.4801929,"(34.1281642, -118.4801929)",POINT (363507.3560799267 3777356.0255416404),4818 N. Sepulveda Blvd.,91403.0,5.0,2021,4.0,36,0.1111111111111111,2021,DB,91403,2024-04-30 00:00:00,,,3.0,1.0,,,,deduplicated_matched,4818 N. Sepulveda Blvd.,34.1281642,-118.4801929,"(34.1281642, -118.4801929)",10.0,11.0,Brentwood
2263017003,11/19/2015,2015,4,4966 N SEPULVEDA BLVD,SHERMAN OAKS ,91403.0,3.0,,34.1281642,-118.4801929,"(34.1281642, -118.4801929)",POINT (363507.3560799267 3777356.0255416404),8750 N. Sepulveda Blvd.,91343.0,11.0,2020,5.0,43,0.1162790697674418,2020,DB,91343,,,,5.0,,,,,deduplicated_matched,8750 N. Sepulveda Blvd.,34.1281642,-118.4801929,"(34.1281642, -118.4801929)",10.0,11.0,Brentwood
2263017003,11/19/2015,2015,4,4966 N SEPULVEDA BLVD,SHERMAN OAKS ,91403.0,3.0,,34.1281642,-118.4801929,"(34.1281642, -118.4801929)",POINT (363507.3560799267 3777356.0255416404),4742 North Sepulveda Blvd,91403.0,4.0,2013,1.0,19,0.0526315789473684,2013,DB,91403,2015-02-03 00:00:00,,,1.0,,,,0.06,deduplicated_matched,4742 North Sepulveda Blvd,34.1281642,-118.4801929,"(34.1281642, -118.4801929)",10.0,11.0,Brentwood
2263017004,11/19/2015,2015,4,4962 N SEPULVEDA BLVD,LOS ANGELES ,91403.0,5.0,,34.1281642,-118.4801929,"(34.1281642, -118.4801929)",POINT (363507.3560799267 3777356.0255416404),7510 N. Sepulveda Blvd.,91405.0,5.0,2021,2.0,17,0.1176470588235294,2021,DB,91405,,,,,2.0,,,,deduplicated_matched,7510 N. Sepulveda Blvd.,34.1281642,-118.4801929,"(34.1281642, -118.4801929)",10.0,11.0,Brentwood
2263017004,11/19/2015,2015,4,4962 N SEPULVEDA BLVD,LOS ANGELES ,91403.0,5.0,,34.1281642,-118.4801929,"(34.1281642, -118.4801929)",POINT (363507.3560799267 3777356.0255416404),4818 N. Sepulveda Blvd.,91403.0,5.0,2021,4.0,36,0.1111111111111111,2021,DB,91403,2024-04-30 00:00:00,,,3.0,1.0,,,,deduplicated_matched,4818 N. Sepulveda Blvd.,34.1281642,-118.4801929,"(34.1281642, -118.4801929)",10.0,11.0,Brentwood
2263017004,11/19/2015,2015,4,4962 N SEPULVEDA BLVD,LOS ANGELES ,91403.0,5.0,,34.1281642,-118.4801929,"(34.1281642, -118.4801929)",POINT (363507.3560799267 3777356.0255416404),8750 N. Sepulveda Blvd.,91343.0,11.0,2020,5.0,43,0.1162790697674418,2020,DB,91343,,,,5.0,,,,,deduplicated_matched,8750 N. Sepulveda Blvd.,34.1281642,-118.4801929,"(34.1281642, -118.4801929)",10.0,11.0,Brentwood
2263017004,11/19/2015,2015,4,4962 N SEPULVEDA BLVD,LOS ANGELES ,91403.0,5.0,,34.1281642,-118.4801929,"(34.1281642, -118.4801929)",POINT (363507.3560799267 3777356.0255416404),4742 North Sepulveda Blvd,91403.0,4.0,2013,1.0,19,0.0526315789473684,2013,DB,91403,2015-02-03 00:00:00,,,1.0,,,,0.06,deduplicated_matched,4742 North Sepulveda Blvd,34.1281642,-118.4801929,"(34.1281642, -118.4801929)",10.0,11.0,Brentwood
2263017005,11/19/2015,2015,4,4956 N SEPULVEDA BLVD,SHERMAN OAKS ,91403.0,6.0,,34.1281642,-118.4801929,"(34.1281642, -118.4801929)",POINT (363507.3560799267 3777356.0255416404),7510 N. Sepulveda Blvd.,91405.0,5.0,2021,2.0,17,0.1176470588235294,2021,DB,91405,,,,,2.0,,,,deduplicated_matched,7510 N. Sepulveda Blvd.,34.1281642,-118.4801929,"(34.1281642, -118.4801929)",10.0,11.0,Brentwood
2263017005,11/19/2015,2015,4,4956 N SEPULVEDA BLVD,SHERMAN OAKS ,91403.0,6.0,,34.1281642,-118.4801929,"(34.1281642, -118.4801929)",POINT (363507.3560799267 3777356.0255416404),4818 N. Sepulveda Blvd.,91403.0,5.0,2021,4.0,36,0.1111111111111111,2021,DB,91403,2024-04-30 00:00:00,,,3.0,1.0,,,,deduplicated_matched,4818 N. Sepulveda Blvd.,34.1281642,-118.4801929,"(34.1281642, -118.4801929)",10.0,11.0,Brentwood
2263017005,11/19/2015,2015,4,4956 N SEPULVEDA BLVD,SHERMAN OAKS ,91403.0,6.0,,34.1281642,-118.4801929,"(34.1281642, -118.4801929)",POINT (363507.3560799267 3777356.0255416404),8750 N. Sepulveda Blvd.,91343.0,11.0,2020,5.0,43,0.1162790697674418,2020,DB,91343,,,,5.0,,,,,deduplicated_matched,8750 N. Sepulveda Blvd.,34.1281642,-118.4801929,"(34.1281642, -118.4801929)",10.0,11.0,Brentwood
2263017005,11/19/2015,2015,4,4956 N SEPULVEDA BLVD,SHERMAN OAKS ,91403.0,6.0,,34.1281642,-118.4801929,"(34.1281642, -118.4801929)",POINT (363507.3560799267 3777356.0255416404),4742 North Sepulveda Blvd,91403.0,4.0,2013,1.0,19,0.0526315789473684,2013,DB,91403,2015-02-03 00:00:00,,,1.0,,,,0.06,deduplicated_matched,4742 North Sepulveda Blvd,34.1281642,-118.4801929,"(34.1281642, -118.4801929)",10.0,11.0,Brentwood
2264003013,2/10/2020,2020,4,4818 N SEPULVEDA BLVD,LOS ANGELES ,91403.0,2.0,,34.1281642,-118.4801929,"(34.1281642, -118.4801929)",POINT (363507.3560799267 3777356.0255416404),7510 N. Sepulveda Blvd.,91405.0,5.0,2021,2.0,17,0.1176470588235294,2021,DB,91405,,,,,2.0,,,,deduplicated_matched,7510 N. Sepulveda Blvd.,34.1281642,-118.4801929,"(34.1281642, -118.4801929)",10.0,11.0,Brentwood
2264003013,2/10/2020,2020,4,4818 N SEPULVEDA BLVD,LOS ANGELES ,91403.0,2.0,,34.1281642,-118.4801929,"(34.1281642, -118.4801929)",POINT (363507.3560799267 3777356.0255416404),4818 N. Sepulveda Blvd.,91403.0,5.0,2021,4.0,36,0.1111111111111111,2021,DB,91403,2024-04-30 00:00:00,,,3.0,1.0,,,,deduplicated_matched,4818 N. Sepulveda Blvd.,34.1281642,-118.4801929,"(34.1281642, -118.4801929)",10.0,11.0,Brentwood
2264003013,2/10/2020,2020,4,4818 N SEPULVEDA BLVD,LOS ANGELES ,91403.0,2.0,,34.1281642,-118.4801929,"(34.1281642, -118.4801929)",POINT (363507.3560799267 3777356.0255416404),8750 N. Sepulveda Blvd.,91343.0,11.0,2020,5.0,43,0.1162790697674418,2020,DB,91343,,,,5.0,,,,,deduplicated_matched,8750 N. Sepulveda Blvd.,34.1281642,-118.4801929,"(34.1281642, -118.4801929)",10.0,11.0,Brentwood
2264003013,2/10/2020,2020,4,4818 N SEPULVEDA BLVD,LOS ANGELES ,91403.0,2.0,,34.1281642,-118.4801929,"(34.1281642, -118.4801929)",POINT (363507.3560799267 3777356.0255416404),4742 North Sepulveda Blvd,91403.0,4.0,2013,1.0,19,0.0526315789473684,2013,DB,91403,2015-02-03 00:00:00,,,1.0,,,,0.06,deduplicated_matched,4742 North Sepulveda Blvd,34.1281642,-118.4801929,"(34.1281642, -118.4801929)",10.0,11.0,Brentwood
2264003016,11/6/2019,2019,4,4812 N SEPULVEDA BLVD,LOS ANGELES ,91403.0,4.0,,34.1281642,-118.4801929,"(34.1281642, -118.4801929)",POINT (363507.3560799267 3777356.0255416404),7510 N. Sepulveda Blvd.,91405.0,5.0,2021,2.0,17,0.1176470588235294,2021,DB,91405,,,,,2.0,,,,deduplicated_matched,7510 N. Sepulveda Blvd.,34.1281642,-118.4801929,"(34.1281642, -118.4801929)",10.0,11.0,Brentwood
2264003016,11/6/2019,2019,4,4812 N SEPULVEDA BLVD,LOS ANGELES ,91403.0,4.0,,34.1281642,-118.4801929,"(34.1281642, -118.4801929)",POINT (363507.3560799267 3777356.0255416404),4818 N. Sepulveda Blvd.,91403.0,5.0,2021,4.0,36,0.1111111111111111,2021,DB,91403,2024-04-30 00:00:00,,,3.0,1.0,,,,deduplicated_matched,4818 N. Sepulveda Blvd.,34.1281642,-118.4801929,"(34.1281642, -118.4801929)",10.0,11.0,Brentwood
2264003016,11/6/2019,2019,4,4812 N SEPULVEDA BLVD,LOS ANGELES ,91403.0,4.0,,34.1281642,-118.4801929,"(34.1281642, -118.4801929)",POINT (363507.3560799267 3777356.0255416404),8750 N. Sepulveda Blvd.,91343.0,11.0,2020,5.0,43,0.1162790697674418,2020,DB,91343,,,,5.0,,,,,deduplicated_matched,8750 N. Sepulveda Blvd.,34.1281642,-118.4801929,"(34.1281642, -118.4801929)",10.0,11.0,Brentwood
2264003016,11/6/2019,2019,4,4812 N SEPULVEDA BLVD,LOS ANGELES ,91403.0,4.0,,34.1281642,-118.4801929,"(34.1281642, -118.4801929)",POINT (363507.3560799267 3777356.0255416404),4742 North Sepulveda Blvd,91403.0,4.0,2013,1.0,19,0.0526315789473684,2013,DB,91403,2015-02-03 00:00:00,,,1.0,,,,0.06,deduplicated_matched,4742 North Sepulveda Blvd,34.1281642,-118.4801929,"(34.1281642, -118.4801929)",10.0,11.0,Brentwood
2264003039,3/8/2021,2021,4,4812 N SEPULVEDA BLVD,SHERMAN OAKS ,91403.0,2.0,,34.1281642,-118.4801929,"(34.1281642, -118.4801929)",POINT (363507.3560799267 3777356.0255416404),7510 N. Sepulveda Blvd.,91405.0,5.0,2021,2.0,17,0.1176470588235294,2021,DB,91405,,,,,2.0,,,,deduplicated_matched,7510 N. Sepulveda Blvd.,34.1281642,-118.4801929,"(34.1281642, -118.4801929)",10.0,11.0,Brentwood
2264003039,3/8/2021,2021,4,4812 N SEPULVEDA BLVD,SHERMAN OAKS ,91403.0,2.0,,34.1281642,-118.4801929,"(34.1281642, -118.4801929)",POINT (363507.3560799267 3777356.0255416404),4818 N. Sepulveda Blvd.,91403.0,5.0,2021,4.0,36,0.1111111111111111,2021,DB,91403,2024-04-30 00:00:00,,,3.0,1.0,,,,deduplicated_matched,4818 N. Sepulveda Blvd.,34.1281642,-118.4801929,"(34.1281642, -118.4801929)",10.0,11.0,Brentwood
2264003039,3/8/2021,2021,4,4812 N SEPULVEDA BLVD,SHERMAN OAKS ,91403.0,2.0,,34.1281642,-118.4801929,"(34.1281642, -118.4801929)",POINT (363507.3560799267 3777356.0255416404),8750 N. Sepulveda Blvd.,91343.0,11.0,2020,5.0,43,0.1162790697674418,2020,DB,91343,,,,5.0,,,,,deduplicated_matched,8750 N. Sepulveda Blvd.,34.1281642,-118.4801929,"(34.1281642, -118.4801929)",10.0,11.0,Brentwood
2264003039,3/8/2021,2021,4,4812 N SEPULVEDA BLVD,SHERMAN OAKS ,91403.0,2.0,,34.1281642,-118.4801929,"(34.1281642, -118.4801929)",POINT (363507.3560799267 3777356.0255416404),4742 North Sepulveda Blvd,91403.0,4.0,2013,1.0,19,0.0526315789473684,2013,DB,91403,2015-02-03 00:00:00,,,1.0,,,,0.06,deduplicated_matched,4742 North Sepulveda Blvd,34.1281642,-118.4801929,"(34.1281642, -118.4801929)",10.0,11.0,Brentwood
2264004012,11/14/2012,2012,4,4742 1/2 N SEPULVEDA BLVD,SHERMAN OAKS ,91403.0,3.0,0.0,34.1281642,-118.4801929,"(34.1281642, -118.4801929)",POINT (363507.3560799267 3777356.0255416404),7510 N. Sepulveda Blvd.,91405.0,5.0,2021,2.0,17,0.1176470588235294,2021,DB,91405,,,,,2.0,,,,deduplicated_matched,7510 N. Sepulveda Blvd.,34.1281642,-118.4801929,"(34.1281642, -118.4801929)",10.0,11.0,Brentwood
2264004012,11/14/2012,2012,4,4742 1/2 N SEPULVEDA BLVD,SHERMAN OAKS ,91403.0,3.0,0.0,34.1281642,-118.4801929,"(34.1281642, -118.4801929)",POINT (363507.3560799267 3777356.0255416404),4818 N. Sepulveda Blvd.,91403.0,5.0,2021,4.0,36,0.1111111111111111,2021,DB,91403,2024-04-30 00:00:00,,,3.0,1.0,,,,deduplicated_matched,4818 N. Sepulveda Blvd.,34.1281642,-118.4801929,"(34.1281642, -118.4801929)",10.0,11.0,Brentwood
2264004012,11/14/2012,2012,4,4742 1/2 N SEPULVEDA BLVD,SHERMAN OAKS ,91403.0,3.0,0.0,34.1281642,-118.4801929,"(34.1281642, -118.4801929)",POINT (363507.3560799267 3777356.0255416404),8750 N. Sepulveda Blvd.,91343.0,11.0,2020,5.0,43,0.1162790697674418,2020,DB,91343,,,,5.0,,,,,deduplicated_matched,8750 N. Sepulveda Blvd.,34.1281642,-118.4801929,"(34.1281642, -118.4801929)",10.0,11.0,Brentwood
2264004012,11/14/2012,2012,4,4742 1/2 N SEPULVEDA BLVD,SHERMAN OAKS ,91403.0,3.0,0.0,34.1281642,-118.4801929,"(34.1281642, -118.4801929)",POINT (363507.3560799267 3777356.0255416404),4742 North Sepulveda Blvd,91403.0,4.0,2013,1.0,19,0.0526315789473684,2013,DB,91403,2015-02-03 00:00:00,,,1.0,,,,0.06,deduplicated_matched,4742 North Sepulveda Blvd,34.1281642,-118.4801929,"(34.1281642, -118.4801929)",10.0,11.0,Brentwood
2264004013,11/14/2012,2012,4,4746 N SEPULVEDA BLVD,SHERMAN OAKS ,91403.0,3.0,19.0,34.1281642,-118.4801929,"(34.1281642, -118.4801929)",POINT (363507.3560799267 3777356.0255416404),7510 N. Sepulveda Blvd.,91405.0,5.0,2021,2.0,17,0.1176470588235294,2021,DB,91405,,,,,2.0,,,,deduplicated_matched,7510 N. Sepulveda Blvd.,34.1281642,-118.4801929,"(34.1281642, -118.4801929)",10.0,11.0,Brentwood
2264004013,11/14/2012,2012,4,4746 N SEPULVEDA BLVD,SHERMAN OAKS ,91403.0,3.0,19.0,34.1281642,-118.4801929,"(34.1281642, -118.4801929)",POINT (363507.3560799267 3777356.0255416404),4818 N. Sepulveda Blvd.,91403.0,5.0,2021,4.0,36,0.1111111111111111,2021,DB,91403,2024-04-30 00:00:00,,,3.0,1.0,,,,deduplicated_matched,4818 N. Sepulveda Blvd.,34.1281642,-118.4801929,"(34.1281642, -118.4801929)",10.0,11.0,Brentwood
2264004013,11/14/2012,2012,4,4746 N SEPULVEDA BLVD,SHERMAN OAKS ,91403.0,3.0,19.0,34.1281642,-118.4801929,"(34.1281642, -118.4801929)",POINT (363507.3560799267 3777356.0255416404),8750 N. Sepulveda Blvd.,91343.0,11.0,2020,5.0,43,0.1162790697674418,2020,DB,91343,,,,5.0,,,,,deduplicated_matched,8750 N. Sepulveda Blvd.,34.1281642,-118.4801929,"(34.1281642, -118.4801929)",10.0,11.0,Brentwood
2264004013,11/14/2012,2012,4,4746 N SEPULVEDA BLVD,SHERMAN OAKS ,91403.0,3.0,19.0,34.1281642,-118.4801929,"(34.1281642, -118.4801929)",POINT (363507.3560799267 3777356.0255416404),4742 North Sepulveda Blvd,91403.0,4.0,2013,1.0,19,0.0526315789473684,2013,DB,91403,2015-02-03 00:00:00,,,1.0,,,,0.06,deduplicated_matched,4742 North Sepulveda Blvd,34.1281642,-118.4801929,"(34.1281642, -118.4801929)",10.0,11.0,Brentwood
2264020028,11/7/2018,2018,4,4615 N KESTER AVE,LOS ANGELES ,91403.0,2.0,,34.1544203,-118.4577905,"(34.1544203, -118.4577905)",POINT (365614.89687244943 3780237.944162092),4615 N. Kester Ave.,91403.0,4.0,2019,1.0,11,0.0909090909090909,2019,DB,91403,,,,1.0,,,,,deduplicated_matched,4615 N. Kester Ave.,34.1544203,-118.4577905,"(34.1544203, -118.4577905)",83.0,84.0,Sherman Oaks
2266003011,9/5/2014,2014,4,14229 W DICKENS ST,SHERMAN OAKS ,91423.0,8.0,,34.1491299,-118.4430789,"(34.1491299, -118.4430789)",POINT (366962.88291430817 3779631.9910328947),14225 W Dickens St,91423.0,4.0,2015,2.0,18,0.1111111111111111,2015,DB,91423,2017-04-25 00:00:00,,,,2.0,,,,deduplicated_matched,14225 W Dickens St,34.1491082,-118.4429572,"(34.1491082, -118.4429572)",83.0,84.0,Sherman Oaks
2266003012,9/5/2014,2014,4,14225 W DICKENS ST,SHERMAN OAKS ,91423.0,8.0,,34.1491082,-118.4429572,"(34.1491082, -118.4429572)",POINT (366974.06926716794 3779629.4259715346),14225 W Dickens St,91423.0,4.0,2015,2.0,18,0.1111111111111111,2015,DB,91423,2017-04-25 00:00:00,,,,2.0,,,,deduplicated_matched,14225 W Dickens St,34.1491082,-118.4429572,"(34.1491082, -118.4429572)",83.0,84.0,Sherman Oaks
2269018080,4/2/2015,2015,4,14031 W RIVERSIDE DR,SHERMAN OAKS ,91423.0,2.0,5.0,34.1544076,-118.3258335,"(34.1544076, -118.3258335)",POINT (377780.0650551496 3780070.5942765814),14130 W. Riverside Dr.,91423.0,4.0,2021,25.0,249,0.1004016064257028,2021,Other/Discretionary,91423,,,,,,25.0,,Zone Change; Master Conditional Use Permit; Site Plan Review,deduplicated_matched,14130 W. Riverside Dr.,34.154216,-118.326101,"(34.154216, -118.326101)",,,
2269018080,4/2/2015,2015,4,14031 W RIVERSIDE DR,SHERMAN OAKS ,91423.0,2.0,5.0,34.1544076,-118.3258335,"(34.1544076, -118.3258335)",POINT (377780.0650551496 3780070.5942765814),14419 W. Riverside Dr.,91423.0,4.0,2018,2.0,12,0.1666666666666666,2018,DB,91423,2024-05-23 00:00:00,,,1.0,1.0,,,,deduplicated_matched,14419 W. Riverside Dr.,34.154216,-118.326101,"(34.154216, -118.326101)",,,
2269018080,4/2/2015,2015,4,14031 W RIVERSIDE DR,SHERMAN OAKS ,91423.0,2.0,5.0,34.1544076,-118.3258335,"(34.1544076, -118.3258335)",POINT (377780.0650551496 3780070.5942765814),11445 W. Riverside Dr.,91602.0,2.0,2017,2.0,29,0.0689655172413793,2017,DB,91602,2021-08-12 00:00:00,,,2.0,,,,,deduplicated_matched,11445 W. Riverside Dr.,34.154216,-118.326101,"(34.154216, -118.326101)",,,
2269018080,4/2/2015,2015,4,14031 W RIVERSIDE DR,SHERMAN OAKS ,91423.0,2.0,5.0,34.1544076,-118.3258335,"(34.1544076, -118.3258335)",POINT (377780.0650551496 3780070.5942765814),10748 W Riverside Dr,91602.0,2.0,2016,1.0,13,0.0769230769230769,2016,DB,91602,2018-08-02 00:00:00,,,1.0,,,,,deduplicated_matched,10748 W Riverside Dr,34.154216,-118.326101,"(34.154216, -118.326101)",,,
2269018080,4/2/2015,2015,4,14031 W RIVERSIDE DR,SHERMAN OAKS ,91423.0,2.0,5.0,34.1544076,-118.3258335,"(34.1544076, -118.3258335)",POINT (377780.0650551496 3780070.5942765814),11100 W Riverside Dr,91602.0,2.0,2015,4.0,51,0.0784313725490196,2015,DB,91602,2017-01-11 00:00:00,,,4.0,,,,,deduplicated_matched,11100 W Riverside Dr,34.154216,-118.326101,"(34.154216, -118.326101)",,,
2269018080,4/2/2015,2015,4,14031 W RIVERSIDE DR,SHERMAN OAKS ,91423.0,2.0,5.0,34.1544076,-118.3258335,"(34.1544076, -118.3258335)",POINT (377780.0650551496 3780070.5942765814),12954 W Riverside Dr,91423.0,4.0,2015,1.0,18,0.0555555555555555,2015,Other/Discretionary,91423,,,,,,1.0,,,deduplicated_matched,12954 W Riverside Dr,34.154216,-118.326101,"(34.154216, -118.326101)",,,
2276042001,3/28/2018,2018,4,15300 W SUTTON ST,LOS ANGELES ,91403.0,5.0,,34.149875,-118.467862,"(34.149875, -118.467862)",POINT (364679.1383055901 3779747.2081442964),"4401 Sepulveda Blvd, Los Angeles 91403",91403.0,4.0,2010,2.0,47,0.0425531914893617,2010,DB,91403,none as of 5/29/19,,,2.0,,,,,deduplicated_matched,"4401 Sepulveda Blvd, Los Angeles",34.1502086,-118.4676684,"(34.1502086, -118.4676684)",83.0,84.0,Sherman Oaks
2310021041,2/12/2018,2018,6,11946 W STRATHERN ST,LOS ANGELES ,91605.0,2.0,,34.2156554,-118.4229551,"(34.2156554, -118.4229551)",POINT (368921.1925008334 3786983.217367995),11039 W STRATHERN ST,,,2023,96.0,97,0.9896907216494846,2023,ED1,,,0.0,,0.0,96.0,0.0,0.0,,ed1,11039 W STRATHERN ST,34.2158449,-118.4234434,"(34.2158449, -118.4234434)",88.0,89.0,Sun Valley
2315025045,11/7/2022,2022,2,7321 N VINELAND AVE,LOS ANGELES ,91352.0,3.0,,34.2782615,-118.5702845,"(34.2782615, -118.5702845)",POINT (355455.5127642496 3794125.5047215046),8011 N VINELAND AVE,,,2023,134.0,135,0.9925925925925926,2023,ED1,,,13.0,,0.0,121.0,0.0,0.0,,ed1,8011 N VINELAND AVE,34.278262,-118.5702846,"(34.278262, -118.5702846)",76.0,77.0,Porter Ranch
2315025045,11/7/2022,2022,2,7321 N VINELAND AVE,LOS ANGELES ,91352.0,3.0,,34.2782615,-118.5702845,"(34.2782615, -118.5702845)",POINT (355455.5127642496 3794125.5047215046),5814 N VINELAND AVE,,,2024,14.0,15,0.9333333333333332,2024,ED1,,,0.0,,1.0,10.0,3.0,0.0,,ed1,5814 N VINELAND AVE,34.2782715,-118.5702877,"(34.2782715, -118.5702877)",76.0,77.0,Porter Ranch
2315025046,2/28/2023,2023,2,7315 N VINELAND AVE,LOS ANGELES ,91352.0,2.0,,34.2782615,-118.5702845,"(34.2782615, -118.5702845)",POINT (355455.5127642496 3794125.5047215046),8011 N VINELAND AVE,,,2023,134.0,135,0.9925925925925926,2023,ED1,,,13.0,,0.0,121.0,0.0,0.0,,ed1,8011 N VINELAND AVE,34.278262,-118.5702846,"(34.278262, -118.5702846)",76.0,77.0,Porter Ranch
2315025046,2/28/2023,2023,2,7315 N VINELAND AVE,LOS ANGELES ,91352.0,2.0,,34.2782615,-118.5702845,"(34.2782615, -118.5702845)",POINT (355455.5127642496 3794125.5047215046),5814 N VINELAND AVE,,,2024,14.0,15,0.9333333333333332,2024,ED1,,,0.0,,1.0,10.0,3.0,0.0,,ed1,5814 N VINELAND AVE,34.2782715,-118.5702877,"(34.2782715, -118.5702877)",76.0,77.0,Porter Ranch
2316020005,5/1/2019,2019,2,7327 N TUJUNGA AVE,LOS ANGELES ,91605.0,2.0,,34.2334089,-118.3818787,"(34.2334089, -118.3818787)",POINT (372732.02781870833 3788899.881001621),5755 N. Tujunga Ave.,91601.0,2.0,2020,4.0,34,0.1176470588235294,2020,TOC,91601,2022-09-22 00:00:00,4.0,,,,,,TOC Tier 3,deduplicated_matched,5755 N. Tujunga Ave.,34.2334089,-118.3818787,"(34.2334089, -118.3818787)",88.0,89.0,Sun Valley
2316020005,5/1/2019,2019,2,7327 N TUJUNGA AVE,LOS ANGELES ,91605.0,2.0,,34.2334089,-118.3818787,"(34.2334089, -118.3818787)",POINT (372732.02781870833 3788899.881001621),5553 N. Tujunga Ave.,91601.0,2.0,2019,2.0,30,0.0666666666666666,2019,DB,91601,,,,2.0,,,,,deduplicated_matched,5553 N. Tujunga Ave.,34.2334089,-118.3818787,"(34.2334089, -118.3818787)",88.0,89.0,Sun Valley
2316020005,5/1/2019,2019,2,7327 N TUJUNGA AVE,LOS ANGELES ,91605.0,2.0,,34.2334089,-118.3818787,"(34.2334089, -118.3818787)",POINT (372732.02781870833 3788899.881001621),4824 North Tujunga Avenue,91601.0,2.0,2013,2.0,31,0.064516129032258,2013,DB,91601,2014-09-11 00:00:00,,,2.0,,,,0.1,deduplicated_matched,4824 North Tujunga Avenue,34.2334089,-118.3818787,"(34.2334089, -118.3818787)",88.0,89.0,Sun Valley
2316020005,5/1/2019,2019,2,7327 N TUJUNGA AVE,LOS ANGELES ,91605.0,2.0,,34.2334089,-118.3818787,"(34.2334089, -118.3818787)",POINT (372732.02781870833 3788899.881001621),4639 N TUJUNGA AVE,,,2024,57.0,58,0.9827586206896552,2024,ED1,,,0.0,,0.0,46.0,11.0,0.0,,ed1,4639 N TUJUNGA AVE,34.2334089,-118.3818787,"(34.2334089, -118.3818787)",88.0,89.0,Sun Valley
2317001010,6/3/2013,2013,6,12045 W KESWICK ST,Los Angeles ,91605.0,3.0,32.0,34.2105225,-118.3961529,"(34.2105225, -118.3961529)",POINT (371382.52178540453 3786379.8453194182),12045 West Keswick Street,91605.0,6.0,2013,2.0,32,0.0625,2013,DB,91605,2015-02-26 00:00:00,,,2.0,,,,0.03,deduplicated_matched,12045 West Keswick Street,34.2105225,-118.3961529,"(34.2105225, -118.3961529)",88.0,89.0,Sun Valley
2317017002,1/29/2018,2018,2,7401 N LANKERSHIM BLVD,NORTH HOLLYWOOD ,91605.0,3.0,108.0,34.2049402,-118.3883429,"(34.2049402, -118.3883429)",POINT (372093.6183577656 3785750.97045071),7401 N. Lankershim Blvd.,91605.0,2.0,2018,9.0,108,0.0833333333333333,2018,TOC,91605,2021-04-23 00:00:00,9.0,,,,,,TOC Tier 1,deduplicated_matched,7401 N. Lankershim Blvd.,34.2049402,-118.3883429,"(34.2049402, -118.3883429)",88.0,89.0,Sun Valley
2320025021,11/27/2023,2023,2,11606 W ARCHWOOD ST,LOS ANGELES ,91606.0,3.0,,34.1920241,-118.3847498,"(34.1920241, -118.3847498)",POINT (372405.209751807 3784314.1527282256),11606 W ARCHWOOD ST,,,2023,17.0,17,1.0,2023,ED1,,,0.0,,0.0,17.0,0.0,0.0,,ed1,11606 W ARCHWOOD ST,34.1920241,-118.3847498,"(34.1920241, -118.3847498)",66.0,67.0,North Hollywood
2320025021,11/27/2023,2023,2,11606 W ARCHWOOD ST,LOS ANGELES ,91606.0,3.0,,34.1920241,-118.3847498,"(34.1920241, -118.3847498)",POINT (372405.209751807 3784314.1527282256),6645 N LEMP AVE,,,2024,44.0,45,0.9777777777777776,2024,ED1,,,0.0,,0.0,35.0,9.0,0.0,,ed1,6645 N LEMP AVE,34.1917123,-118.3847852,"(34.1917123, -118.3847852)",66.0,67.0,North Hollywood
2320025021,11/27/2023,2023,2,11606 W ARCHWOOD ST,LOS ANGELES ,91606.0,3.0,,34.1920241,-118.3847498,"(34.1920241, -118.3847498)",POINT (372405.209751807 3784314.1527282256),11608 W ARCHWOOD ST 1-17,,,2024,15.0,16,0.9375,2024,ED1,,,1.0,,1.0,13.0,0.0,0.0,,ed1,11608 W ARCHWOOD ST,34.1920254,-118.3848096,"(34.1920254, -118.3848096)",66.0,67.0,North Hollywood
2322017024,10/10/2023,2023,2,11818 W HAMLIN ST,LOS ANGELES ,91606.0,2.0,,34.1885335,-118.4027575,"(34.1885335, -118.4027575)",POINT (370740.4800729644 3783949.755723727),14402 West Hamlin Street,91401.0,6.0,2013,24.0,25,0.96,2013,DB,91401,2014-06-04 00:00:00,,,24.0,,,,0.35,deduplicated_matched,14402 West Hamlin Street,34.1885298,-118.4030985,"(34.1885298, -118.4030985)",94.0,95.0,Valley Glen
2328033043,4/25/2018,2018,2,7040 N WOODMAN AVE,LOS ANGELES ,91405.0,10.0,,34.2116193,-118.4311424,"(34.2116193, -118.4311424)",POINT (368160.6549266657 3786546.200932178),7700 N. Woodman Ave.,91402.0,6.0,2021,56.0,239,0.2343096234309623,2021,DB,91402,,,,,56.0,,,,deduplicated_matched,7700 N. Woodman Ave.,34.2116193,-118.4311424,"(34.2116193, -118.4311424)",71.0,72.0,Panorama City
2328033043,4/25/2018,2018,2,7040 N WOODMAN AVE,LOS ANGELES ,91405.0,10.0,,34.2116193,-118.4311424,"(34.2116193, -118.4311424)",POINT (368160.6549266657 3786546.200932178),6120 N. Woodman Ave.,91401.0,2.0,2020,1.0,16,0.0625,2020,DB,91401,2023-11-03 00:00:00,,,1.0,,,,,deduplicated_matched,6120 N. Woodman Ave.,34.2116193,-118.4311424,"(34.2116193, -118.4311424)",71.0,72.0,Panorama City
2328033043,4/25/2018,2018,2,7040 N WOODMAN AVE,LOS ANGELES ,91405.0,10.0,,34.2116193,-118.4311424,"(34.2116193, -118.4311424)",POINT (368160.6549266657 3786546.200932178),6948 N. Woodman Ave.,91405.0,2.0,2020,2.0,23,0.0869565217391304,2020,DB,91405,,,,2.0,,,,,deduplicated_matched,6948 N. Woodman Ave.,34.2116193,-118.4311424,"(34.2116193, -118.4311424)",71.0,72.0,Panorama City
2328033043,4/25/2018,2018,2,7040 N WOODMAN AVE,LOS ANGELES ,91405.0,10.0,,34.2116193,-118.4311424,"(34.2116193, -118.4311424)",POINT (368160.6549266657 3786546.200932178),7050 N. Woodman Ave.,91405.0,2.0,2019,1.0,25,0.04,2019,Other/Discretionary,91405,,,,,1.0,,,UDU,deduplicated_matched,7050 N. Woodman Ave.,34.2116193,-118.4311424,"(34.2116193, -118.4311424)",71.0,72.0,Panorama City
2328033043,4/25/2018,2018,2,7040 N WOODMAN AVE,LOS ANGELES ,91405.0,10.0,,34.2116193,-118.4311424,"(34.2116193, -118.4311424)",POINT (368160.6549266657 3786546.200932178),7354 N Woodman Ave,91405.0,2.0,2015,7.0,86,0.0813953488372093,2015,DB,91405,2019-07-24 00:00:00,,,7.0,,,,,deduplicated_matched,7354 N Woodman Ave,34.2116193,-118.4311424,"(34.2116193, -118.4311424)",71.0,72.0,Panorama City
2328033043,4/25/2018,2018,2,7040 N WOODMAN AVE,LOS ANGELES ,91405.0,10.0,,34.2116193,-118.4311424,"(34.2116193, -118.4311424)",POINT (368160.6549266657 3786546.200932178),6844 North Woodman Avenue,91405.0,2.0,2014,1.0,15,0.0666666666666666,2014,DB,91405,2017-02-23 00:00:00,,,1.0,,,,,deduplicated_matched,6844 North Woodman Avenue,34.2116193,-118.4311424,"(34.2116193, -118.4311424)",71.0,72.0,Panorama City
2328033043,4/25/2018,2018,2,7040 N WOODMAN AVE,LOS ANGELES ,91405.0,10.0,,34.2116193,-118.4311424,"(34.2116193, -118.4311424)",POINT (368160.6549266657 3786546.200932178),5100 North Woodman Avenue,91423.0,4.0,2013,4.0,36,0.1111111111111111,2013,DB,91423,2014-12-04 00:00:00,,,,4.0,,,0.2,deduplicated_matched,5100 North Woodman Avenue,34.2116193,-118.4311424,"(34.2116193, -118.4311424)",71.0,72.0,Panorama City
2329002009,10/6/2020,2020,2,6552 N WOODMAN AVE,LOS ANGELES ,91401.0,3.0,,34.2116193,-118.4311424,"(34.2116193, -118.4311424)",POINT (368160.6549266657 3786546.200932178),7700 N. Woodman Ave.,91402.0,6.0,2021,56.0,239,0.2343096234309623,2021,DB,91402,,,,,56.0,,,,deduplicated_matched,7700 N. Woodman Ave.,34.2116193,-118.4311424,"(34.2116193, -118.4311424)",71.0,72.0,Panorama City
2329002009,10/6/2020,2020,2,6552 N WOODMAN AVE,LOS ANGELES ,91401.0,3.0,,34.2116193,-118.4311424,"(34.2116193, -118.4311424)",POINT (368160.6549266657 3786546.200932178),6120 N. Woodman Ave.,91401.0,2.0,2020,1.0,16,0.0625,2020,DB,91401,2023-11-03 00:00:00,,,1.0,,,,,deduplicated_matched,6120 N. Woodman Ave.,34.2116193,-118.4311424,"(34.2116193, -118.4311424)",71.0,72.0,Panorama City
2329002009,10/6/2020,2020,2,6552 N WOODMAN AVE,LOS ANGELES ,91401.0,3.0,,34.2116193,-118.4311424,"(34.2116193, -118.4311424)",POINT (368160.6549266657 3786546.200932178),6948 N. Woodman Ave.,91405.0,2.0,2020,2.0,23,0.0869565217391304,2020,DB,91405,,,,2.0,,,,,deduplicated_matched,6948 N. Woodman Ave.,34.2116193,-118.4311424,"(34.2116193, -118.4311424)",71.0,72.0,Panorama City
2329002009,10/6/2020,2020,2,6552 N WOODMAN AVE,LOS ANGELES ,91401.0,3.0,,34.2116193,-118.4311424,"(34.2116193, -118.4311424)",POINT (368160.6549266657 3786546.200932178),7050 N. Woodman Ave.,91405.0,2.0,2019,1.0,25,0.04,2019,Other/Discretionary,91405,,,,,1.0,,,UDU,deduplicated_matched,7050 N. Woodman Ave.,34.2116193,-118.4311424,"(34.2116193, -118.4311424)",71.0,72.0,Panorama City
2329002009,10/6/2020,2020,2,6552 N WOODMAN AVE,LOS ANGELES ,91401.0,3.0,,34.2116193,-118.4311424,"(34.2116193, -118.4311424)",POINT (368160.6549266657 3786546.200932178),7354 N Woodman Ave,91405.0,2.0,2015,7.0,86,0.0813953488372093,2015,DB,91405,2019-07-24 00:00:00,,,7.0,,,,,deduplicated_matched,7354 N Woodman Ave,34.2116193,-118.4311424,"(34.2116193, -118.4311424)",71.0,72.0,Panorama City
2329002009,10/6/2020,2020,2,6552 N WOODMAN AVE,LOS ANGELES ,91401.0,3.0,,34.2116193,-118.4311424,"(34.2116193, -118.4311424)",POINT (368160.6549266657 3786546.200932178),6844 North Woodman Avenue,91405.0,2.0,2014,1.0,15,0.0666666666666666,2014,DB,91405,2017-02-23 00:00:00,,,1.0,,,,,deduplicated_matched,6844 North Woodman Avenue,34.2116193,-118.4311424,"(34.2116193, -118.4311424)",71.0,72.0,Panorama City
2329002009,10/6/2020,2020,2,6552 N WOODMAN AVE,LOS ANGELES ,91401.0,3.0,,34.2116193,-118.4311424,"(34.2116193, -118.4311424)",POINT (368160.6549266657 3786546.200932178),5100 North Woodman Avenue,91423.0,4.0,2013,4.0,36,0.1111111111111111,2013,DB,91423,2014-12-04 00:00:00,,,,4.0,,,0.2,deduplicated_matched,5100 North Woodman Avenue,34.2116193,-118.4311424,"(34.2116193, -118.4311424)",71.0,72.0,Panorama City
2329002010,10/6/2020,2020,2,6558 N WOODMAN AVE,LOS ANGELES ,91401.0,3.0,,34.2116193,-118.4311424,"(34.2116193, -118.4311424)",POINT (368160.6549266657 3786546.200932178),7700 N. Woodman Ave.,91402.0,6.0,2021,56.0,239,0.2343096234309623,2021,DB,91402,,,,,56.0,,,,deduplicated_matched,7700 N. Woodman Ave.,34.2116193,-118.4311424,"(34.2116193, -118.4311424)",71.0,72.0,Panorama City
2329002010,10/6/2020,2020,2,6558 N WOODMAN AVE,LOS ANGELES ,91401.0,3.0,,34.2116193,-118.4311424,"(34.2116193, -118.4311424)",POINT (368160.6549266657 3786546.200932178),6120 N. Woodman Ave.,91401.0,2.0,2020,1.0,16,0.0625,2020,DB,91401,2023-11-03 00:00:00,,,1.0,,,,,deduplicated_matched,6120 N. Woodman Ave.,34.2116193,-118.4311424,"(34.2116193, -118.4311424)",71.0,72.0,Panorama City
2329002010,10/6/2020,2020,2,6558 N WOODMAN AVE,LOS ANGELES ,91401.0,3.0,,34.2116193,-118.4311424,"(34.2116193, -118.4311424)",POINT (368160.6549266657 3786546.200932178),6948 N. Woodman Ave.,91405.0,2.0,2020,2.0,23,0.0869565217391304,2020,DB,91405,,,,2.0,,,,,deduplicated_matched,6948 N. Woodman Ave.,34.2116193,-118.4311424,"(34.2116193, -118.4311424)",71.0,72.0,Panorama City
2329002010,10/6/2020,2020,2,6558 N WOODMAN AVE,LOS ANGELES ,91401.0,3.0,,34.2116193,-118.4311424,"(34.2116193, -118.4311424)",POINT (368160.6549266657 3786546.200932178),7050 N. Woodman Ave.,91405.0,2.0,2019,1.0,25,0.04,2019,Other/Discretionary,91405,,,,,1.0,,,UDU,deduplicated_matched,7050 N. Woodman Ave.,34.2116193,-118.4311424,"(34.2116193, -118.4311424)",71.0,72.0,Panorama City
2329002010,10/6/2020,2020,2,6558 N WOODMAN AVE,LOS ANGELES ,91401.0,3.0,,34.2116193,-118.4311424,"(34.2116193, -118.4311424)",POINT (368160.6549266657 3786546.200932178),7354 N Woodman Ave,91405.0,2.0,2015,7.0,86,0.0813953488372093,2015,DB,91405,2019-07-24 00:00:00,,,7.0,,,,,deduplicated_matched,7354 N Woodman Ave,34.2116193,-118.4311424,"(34.2116193, -118.4311424)",71.0,72.0,Panorama City
2329002010,10/6/2020,2020,2,6558 N WOODMAN AVE,LOS ANGELES ,91401.0,3.0,,34.2116193,-118.4311424,"(34.2116193, -118.4311424)",POINT (368160.6549266657 3786546.200932178),6844 North Woodman Avenue,91405.0,2.0,2014,1.0,15,0.0666666666666666,2014,DB,91405,2017-02-23 00:00:00,,,1.0,,,,,deduplicated_matched,6844 North Woodman Avenue,34.2116193,-118.4311424,"(34.2116193, -118.4311424)",71.0,72.0,Panorama City
2329002010,10/6/2020,2020,2,6558 N WOODMAN AVE,LOS ANGELES ,91401.0,3.0,,34.2116193,-118.4311424,"(34.2116193, -118.4311424)",POINT (368160.6549266657 3786546.200932178),5100 North Woodman Avenue,91423.0,4.0,2013,4.0,36,0.1111111111111111,2013,DB,91423,2014-12-04 00:00:00,,,,4.0,,,0.2,deduplicated_matched,5100 North Woodman Avenue,34.2116193,-118.4311424,"(34.2116193, -118.4311424)",71.0,72.0,Panorama City
2332021018,7/23/2018,2018,2,12609 W OXNARD ST,LOS ANGELES ,91606.0,3.0,,34.1803252,-118.5058382,"(34.1803252, -118.5058382)",POINT (361227.7009467491 3783175.0076402226),11675 W. Oxnard St.,91606.0,2.0,2021,2.0,9,0.2222222222222222,2021,DB,91606,,,,1.0,1.0,,,,deduplicated_matched,11675 W. Oxnard St.,34.1803252,-118.5058382,"(34.1803252, -118.5058382)",81.0,82.0,Sepulveda Basin
2332021018,7/23/2018,2018,2,12609 W OXNARD ST,LOS ANGELES ,91606.0,3.0,,34.1803252,-118.5058382,"(34.1803252, -118.5058382)",POINT (361227.7009467491 3783175.0076402226),12611 W. Oxnard St.,91606.0,2.0,2019,3.0,11,0.2727272727272727,2019,DB,91606,,,,2.0,1.0,,,,deduplicated_matched,12611 W. Oxnard St.,34.1803252,-118.5058382,"(34.1803252, -118.5058382)",81.0,82.0,Sepulveda Basin
2332021018,7/23/2018,2018,2,12609 W OXNARD ST,LOS ANGELES ,91606.0,3.0,,34.1803252,-118.5058382,"(34.1803252, -118.5058382)",POINT (361227.7009467491 3783175.0076402226),13713 W. Oxnard St.,91401.0,2.0,2019,1.0,16,0.0625,2019,Other/Discretionary,91401,2023-03-09 00:00:00,,,1.0,,,,Zone Change,deduplicated_matched,13713 W. Oxnard St.,34.1803252,-118.5058382,"(34.1803252, -118.5058382)",81.0,82.0,Sepulveda Basin
2332021018,7/23/2018,2018,2,12609 W OXNARD ST,LOS ANGELES ,91606.0,3.0,,34.1803252,-118.5058382,"(34.1803252, -118.5058382)",POINT (361227.7009467491 3783175.0076402226),12405 W Oxnard St,91606.0,2.0,2015,1.0,17,0.0588235294117647,2015,DB,91606,2018-07-27 00:00:00,,,1.0,,,,,deduplicated_matched,12405 W Oxnard St,34.1803252,-118.5058382,"(34.1803252, -118.5058382)",81.0,82.0,Sepulveda Basin
2334014050,6/16/2023,2023,2,11675 W OXNARD ST,LOS ANGELES ,91606.0,2.0,,34.1803252,-118.5058382,"(34.1803252, -118.5058382)",POINT (361227.7009467491 3783175.0076402226),11675 W. Oxnard St.,91606.0,2.0,2021,2.0,9,0.2222222222222222,2021,DB,91606,,,,1.0,1.0,,,,deduplicated_matched,11675 W. Oxnard St.,34.1803252,-118.5058382,"(34.1803252, -118.5058382)",81.0,82.0,Sepulveda Basin
2334014050,6/16/2023,2023,2,11675 W OXNARD ST,LOS ANGELES ,91606.0,2.0,,34.1803252,-118.5058382,"(34.1803252, -118.5058382)",POINT (361227.7009467491 3783175.0076402226),12611 W. Oxnard St.,91606.0,2.0,2019,3.0,11,0.2727272727272727,2019,DB,91606,,,,2.0,1.0,,,,deduplicated_matched,12611 W. Oxnard St.,34.1803252,-118.5058382,"(34.1803252, -118.5058382)",81.0,82.0,Sepulveda Basin
2334014050,6/16/2023,2023,2,11675 W OXNARD ST,LOS ANGELES ,91606.0,2.0,,34.1803252,-118.5058382,"(34.1803252, -118.5058382)",POINT (361227.7009467491 3783175.0076402226),13713 W. Oxnard St.,91401.0,2.0,2019,1.0,16,0.0625,2019,Other/Discretionary,91401,2023-03-09 00:00:00,,,1.0,,,,Zone Change,deduplicated_matched,13713 W. Oxnard St.,34.1803252,-118.5058382,"(34.1803252, -118.5058382)",81.0,82.0,Sepulveda Basin
2334014050,6/16/2023,2023,2,11675 W OXNARD ST,LOS ANGELES ,91606.0,2.0,,34.1803252,-118.5058382,"(34.1803252, -118.5058382)",POINT (361227.7009467491 3783175.0076402226),12405 W Oxnard St,91606.0,2.0,2015,1.0,17,0.0588235294117647,2015,DB,91606,2018-07-27 00:00:00,,,1.0,,,,,deduplicated_matched,12405 W Oxnard St,34.1803252,-118.5058382,"(34.1803252, -118.5058382)",81.0,82.0,Sepulveda Basin
2335032014,4/4/2018,2018,2,11687 W ERWIN ST,NORTH HOLLYWOOD ,91606.0,4.0,,34.1829925,-118.3935511,"(34.1829925, -118.3935511)",POINT (371580.4831948269 3783323.658739581),14811 W. Erwin St.,91411.0,6.0,2022,4.0,33,0.1212121212121212,2022,TOC,91411,,4.0,,,,,,TOC Tier 3 (Project has 1 ADU),deduplicated_matched,14811 W. Erwin St.,34.1829925,-118.3935511,"(34.1829925, -118.3935511)",66.0,67.0,North Hollywood
2335032014,4/4/2018,2018,2,11687 W ERWIN ST,NORTH HOLLYWOOD ,91606.0,4.0,,34.1829925,-118.3935511,"(34.1829925, -118.3935511)",POINT (371580.4831948269 3783323.658739581),14629 W. Erwin St.,91411.0,6.0,2020,3.0,21,0.1428571428571428,2020,TOC,91411,,2.0,,1.0,,,,TOC Tier 3,deduplicated_matched,14629 W. Erwin St.,34.1829925,-118.3935511,"(34.1829925, -118.3935511)",66.0,67.0,North Hollywood
2335032014,4/4/2018,2018,2,11687 W ERWIN ST,NORTH HOLLYWOOD ,91606.0,4.0,,34.1829925,-118.3935511,"(34.1829925, -118.3935511)",POINT (371580.4831948269 3783323.658739581),14558 W. Erwin St.,91411.0,6.0,2019,3.0,27,0.1111111111111111,2019,DB,91411,,,,3.0,,,,,deduplicated_matched,14558 W. Erwin St.,34.1829925,-118.3935511,"(34.1829925, -118.3935511)",66.0,67.0,North Hollywood
2335032014,4/4/2018,2018,2,11687 W ERWIN ST,NORTH HOLLYWOOD ,91606.0,4.0,,34.1829925,-118.3935511,"(34.1829925, -118.3935511)",POINT (371580.4831948269 3783323.658739581),14540 W. Erwin St.,91411.0,6.0,2018,6.0,48,0.125,2018,DB,91411,2022-06-24 00:00:00,,,6.0,,,,,deduplicated_matched,14540 W. Erwin St.,34.1829925,-118.3935511,"(34.1829925, -118.3935511)",66.0,67.0,North Hollywood
2335032014,4/4/2018,2018,2,11687 W ERWIN ST,NORTH HOLLYWOOD ,91606.0,4.0,,34.1829925,-118.3935511,"(34.1829925, -118.3935511)",POINT (371580.4831948269 3783323.658739581),11671 W. Erwin St.,91606.0,2.0,2017,1.0,10,0.1,2017,DB,91606,2021-02-11 00:00:00,,,1.0,,,,,deduplicated_matched,11671 W. Erwin St.,34.1829925,-118.3935511,"(34.1829925, -118.3935511)",66.0,67.0,North Hollywood
2335032015,4/4/2018,2018,2,11683 W ERWIN ST,NORTH HOLLYWOOD ,91606.0,4.0,,34.1829925,-118.3935511,"(34.1829925, -118.3935511)",POINT (371580.4831948269 3783323.658739581),14811 W. Erwin St.,91411.0,6.0,2022,4.0,33,0.1212121212121212,2022,TOC,91411,,4.0,,,,,,TOC Tier 3 (Project has 1 ADU),deduplicated_matched,14811 W. Erwin St.,34.1829925,-118.3935511,"(34.1829925, -118.3935511)",66.0,67.0,North Hollywood
2335032015,4/4/2018,2018,2,11683 W ERWIN ST,NORTH HOLLYWOOD ,91606.0,4.0,,34.1829925,-118.3935511,"(34.1829925, -118.3935511)",POINT (371580.4831948269 3783323.658739581),14629 W. Erwin St.,91411.0,6.0,2020,3.0,21,0.1428571428571428,2020,TOC,91411,,2.0,,1.0,,,,TOC Tier 3,deduplicated_matched,14629 W. Erwin St.,34.1829925,-118.3935511,"(34.1829925, -118.3935511)",66.0,67.0,North Hollywood
2335032015,4/4/2018,2018,2,11683 W ERWIN ST,NORTH HOLLYWOOD ,91606.0,4.0,,34.1829925,-118.3935511,"(34.1829925, -118.3935511)",POINT (371580.4831948269 3783323.658739581),14558 W. Erwin St.,91411.0,6.0,2019,3.0,27,0.1111111111111111,2019,DB,91411,,,,3.0,,,,,deduplicated_matched,14558 W. Erwin St.,34.1829925,-118.3935511,"(34.1829925, -118.3935511)",66.0,67.0,North Hollywood
2335032015,4/4/2018,2018,2,11683 W ERWIN ST,NORTH HOLLYWOOD ,91606.0,4.0,,34.1829925,-118.3935511,"(34.1829925, -118.3935511)",POINT (371580.4831948269 3783323.658739581),14540 W. Erwin St.,91411.0,6.0,2018,6.0,48,0.125,2018,DB,91411,2022-06-24 00:00:00,,,6.0,,,,,deduplicated_matched,14540 W. Erwin St.,34.1829925,-118.3935511,"(34.1829925, -118.3935511)",66.0,67.0,North Hollywood
2335032015,4/4/2018,2018,2,11683 W ERWIN ST,NORTH HOLLYWOOD ,91606.0,4.0,,34.1829925,-118.3935511,"(34.1829925, -118.3935511)",POINT (371580.4831948269 3783323.658739581),11671 W. Erwin St.,91606.0,2.0,2017,1.0,10,0.1,2017,DB,91606,2021-02-11 00:00:00,,,1.0,,,,,deduplicated_matched,11671 W. Erwin St.,34.1829925,-118.3935511,"(34.1829925, -118.3935511)",66.0,67.0,North Hollywood
2335032017,5/3/2017,2017,2,11671 W ERWIN ST,LOS ANGELES ,91606.0,2.0,10.0,34.1829925,-118.3935511,"(34.1829925, -118.3935511)",POINT (371580.4831948269 3783323.658739581),14811 W. Erwin St.,91411.0,6.0,2022,4.0,33,0.1212121212121212,2022,TOC,91411,,4.0,,,,,,TOC Tier 3 (Project has 1 ADU),deduplicated_matched,14811 W. Erwin St.,34.1829925,-118.3935511,"(34.1829925, -118.3935511)",66.0,67.0,North Hollywood
2335032017,5/3/2017,2017,2,11671 W ERWIN ST,LOS ANGELES ,91606.0,2.0,10.0,34.1829925,-118.3935511,"(34.1829925, -118.3935511)",POINT (371580.4831948269 3783323.658739581),14629 W. Erwin St.,91411.0,6.0,2020,3.0,21,0.1428571428571428,2020,TOC,91411,,2.0,,1.0,,,,TOC Tier 3,deduplicated_matched,14629 W. Erwin St.,34.1829925,-118.3935511,"(34.1829925, -118.3935511)",66.0,67.0,North Hollywood
2335032017,5/3/2017,2017,2,11671 W ERWIN ST,LOS ANGELES ,91606.0,2.0,10.0,34.1829925,-118.3935511,"(34.1829925, -118.3935511)",POINT (371580.4831948269 3783323.658739581),14558 W. Erwin St.,91411.0,6.0,2019,3.0,27,0.1111111111111111,2019,DB,91411,,,,3.0,,,,,deduplicated_matched,14558 W. Erwin St.,34.1829925,-118.3935511,"(34.1829925, -118.3935511)",66.0,67.0,North Hollywood
2335032017,5/3/2017,2017,2,11671 W ERWIN ST,LOS ANGELES ,91606.0,2.0,10.0,34.1829925,-118.3935511,"(34.1829925, -118.3935511)",POINT (371580.4831948269 3783323.658739581),14540 W. Erwin St.,91411.0,6.0,2018,6.0,48,0.125,2018,DB,91411,2022-06-24 00:00:00,,,6.0,,,,,deduplicated_matched,14540 W. Erwin St.,34.1829925,-118.3935511,"(34.1829925, -118.3935511)",66.0,67.0,North Hollywood
2335032017,5/3/2017,2017,2,11671 W ERWIN ST,LOS ANGELES ,91606.0,2.0,10.0,34.1829925,-118.3935511,"(34.1829925, -118.3935511)",POINT (371580.4831948269 3783323.658739581),11671 W. Erwin St.,91606.0,2.0,2017,1.0,10,0.1,2017,DB,91606,2021-02-11 00:00:00,,,1.0,,,,,deduplicated_matched,11671 W. Erwin St.,34.1829925,-118.3935511,"(34.1829925, -118.3935511)",66.0,67.0,North Hollywood
2337012003,5/11/2022,2022,2,5912 N TUJUNGA AVE,LOS ANGELES ,91601.0,2.0,6.0,34.2334089,-118.3818787,"(34.2334089, -118.3818787)",POINT (372732.02781870833 3788899.881001621),5755 N. Tujunga Ave.,91601.0,2.0,2020,4.0,34,0.1176470588235294,2020,TOC,91601,2022-09-22 00:00:00,4.0,,,,,,TOC Tier 3,deduplicated_matched,5755 N. Tujunga Ave.,34.2334089,-118.3818787,"(34.2334089, -118.3818787)",88.0,89.0,Sun Valley
2337012003,5/11/2022,2022,2,5912 N TUJUNGA AVE,LOS ANGELES ,91601.0,2.0,6.0,34.2334089,-118.3818787,"(34.2334089, -118.3818787)",POINT (372732.02781870833 3788899.881001621),5553 N. Tujunga Ave.,91601.0,2.0,2019,2.0,30,0.0666666666666666,2019,DB,91601,,,,2.0,,,,,deduplicated_matched,5553 N. Tujunga Ave.,34.2334089,-118.3818787,"(34.2334089, -118.3818787)",88.0,89.0,Sun Valley
2337012003,5/11/2022,2022,2,5912 N TUJUNGA AVE,LOS ANGELES ,91601.0,2.0,6.0,34.2334089,-118.3818787,"(34.2334089, -118.3818787)",POINT (372732.02781870833 3788899.881001621),4824 North Tujunga Avenue,91601.0,2.0,2013,2.0,31,0.064516129032258,2013,DB,91601,2014-09-11 00:00:00,,,2.0,,,,0.1,deduplicated_matched,4824 North Tujunga Avenue,34.2334089,-118.3818787,"(34.2334089, -118.3818787)",88.0,89.0,Sun Valley
2337012003,5/11/2022,2022,2,5912 N TUJUNGA AVE,LOS ANGELES ,91601.0,2.0,6.0,34.2334089,-118.3818787,"(34.2334089, -118.3818787)",POINT (372732.02781870833 3788899.881001621),4639 N TUJUNGA AVE,,,2024,57.0,58,0.9827586206896552,2024,ED1,,,0.0,,0.0,46.0,11.0,0.0,,ed1,4639 N TUJUNGA AVE,34.2334089,-118.3818787,"(34.2334089, -118.3818787)",88.0,89.0,Sun Valley
2337014005,4/18/2016,2016,2,5832 N TUJUNGA AVE,LOS ANGELES ,91601.0,2.0,6.0,34.2334089,-118.3818787,"(34.2334089, -118.3818787)",POINT (372732.02781870833 3788899.881001621),5755 N. Tujunga Ave.,91601.0,2.0,2020,4.0,34,0.1176470588235294,2020,TOC,91601,2022-09-22 00:00:00,4.0,,,,,,TOC Tier 3,deduplicated_matched,5755 N. Tujunga Ave.,34.2334089,-118.3818787,"(34.2334089, -118.3818787)",88.0,89.0,Sun Valley
2337014005,4/18/2016,2016,2,5832 N TUJUNGA AVE,LOS ANGELES ,91601.0,2.0,6.0,34.2334089,-118.3818787,"(34.2334089, -118.3818787)",POINT (372732.02781870833 3788899.881001621),5553 N. Tujunga Ave.,91601.0,2.0,2019,2.0,30,0.0666666666666666,2019,DB,91601,,,,2.0,,,,,deduplicated_matched,5553 N. Tujunga Ave.,34.2334089,-118.3818787,"(34.2334089, -118.3818787)",88.0,89.0,Sun Valley
2337014005,4/18/2016,2016,2,5832 N TUJUNGA AVE,LOS ANGELES ,91601.0,2.0,6.0,34.2334089,-118.3818787,"(34.2334089, -118.3818787)",POINT (372732.02781870833 3788899.881001621),4824 North Tujunga Avenue,91601.0,2.0,2013,2.0,31,0.064516129032258,2013,DB,91601,2014-09-11 00:00:00,,,2.0,,,,0.1,deduplicated_matched,4824 North Tujunga Avenue,34.2334089,-118.3818787,"(34.2334089, -118.3818787)",88.0,89.0,Sun Valley
2337014005,4/18/2016,2016,2,5832 N TUJUNGA AVE,LOS ANGELES ,91601.0,2.0,6.0,34.2334089,-118.3818787,"(34.2334089, -118.3818787)",POINT (372732.02781870833 3788899.881001621),4639 N TUJUNGA AVE,,,2024,57.0,58,0.9827586206896552,2024,ED1,,,0.0,,0.0,46.0,11.0,0.0,,ed1,4639 N TUJUNGA AVE,34.2334089,-118.3818787,"(34.2334089, -118.3818787)",88.0,89.0,Sun Valley
2337031009,5/27/2016,2016,2,5630 N FAIR AVE,NORTH HOLLYWOOD ,91601.0,2.0,,34.1730784,-118.3742362,"(34.1730784, -118.3742362)",POINT (373345.71525022155 3782200.0928580207),5630 N. Fair Ave.,91601.0,2.0,2017,2.0,15,0.1333333333333333,2017,DB,91601,2019-03-06 00:00:00,,,1.0,1.0,,,,deduplicated_matched,5630 N. Fair Ave.,34.1730784,-118.3742362,"(34.1730784, -118.3742362)",66.0,67.0,North Hollywood
2338024019,8/3/2018,2018,2,5749 N TUJUNGA AVE,LOS ANGELES ,91601.0,1.0,,34.2334089,-118.3818787,"(34.2334089, -118.3818787)",POINT (372732.02781870833 3788899.881001621),5755 N. Tujunga Ave.,91601.0,2.0,2020,4.0,34,0.1176470588235294,2020,TOC,91601,2022-09-22 00:00:00,4.0,,,,,,TOC Tier 3,deduplicated_matched,5755 N. Tujunga Ave.,34.2334089,-118.3818787,"(34.2334089, -118.3818787)",88.0,89.0,Sun Valley
2338024019,8/3/2018,2018,2,5749 N TUJUNGA AVE,LOS ANGELES ,91601.0,1.0,,34.2334089,-118.3818787,"(34.2334089, -118.3818787)",POINT (372732.02781870833 3788899.881001621),5553 N. Tujunga Ave.,91601.0,2.0,2019,2.0,30,0.0666666666666666,2019,DB,91601,,,,2.0,,,,,deduplicated_matched,5553 N. Tujunga Ave.,34.2334089,-118.3818787,"(34.2334089, -118.3818787)",88.0,89.0,Sun Valley
2338024019,8/3/2018,2018,2,5749 N TUJUNGA AVE,LOS ANGELES ,91601.0,1.0,,34.2334089,-118.3818787,"(34.2334089, -118.3818787)",POINT (372732.02781870833 3788899.881001621),4824 North Tujunga Avenue,91601.0,2.0,2013,2.0,31,0.064516129032258,2013,DB,91601,2014-09-11 00:00:00,,,2.0,,,,0.1,deduplicated_matched,4824 North Tujunga Avenue,34.2334089,-118.3818787,"(34.2334089, -118.3818787)",88.0,89.0,Sun Valley
2338024019,8/3/2018,2018,2,5749 N TUJUNGA AVE,LOS ANGELES ,91601.0,1.0,,34.2334089,-118.3818787,"(34.2334089, -118.3818787)",POINT (372732.02781870833 3788899.881001621),4639 N TUJUNGA AVE,,,2024,57.0,58,0.9827586206896552,2024,ED1,,,0.0,,0.0,46.0,11.0,0.0,,ed1,4639 N TUJUNGA AVE,34.2334089,-118.3818787,"(34.2334089, -118.3818787)",88.0,89.0,Sun Valley
2338028003,5/14/2021,2021,2,5633 N FARMDALE AVE,NORTH HOLLYWOOD ,91601.0,6.0,,34.1731651,-118.3813765,"(34.1731651, -118.3813765)",POINT (372687.72381284036 3782218.59841524),5633 N. Farmdale Ave.,91601.0,2.0,2021,5.0,26,0.1923076923076923,2021,TOC,91601,,3.0,,1.0,1.0,,,TOC Tier 3,deduplicated_matched,5633 N. Farmdale Ave.,34.1731651,-118.3813765,"(34.1731651, -118.3813765)",66.0,67.0,North Hollywood
2338028003,5/14/2021,2021,2,5633 N FARMDALE AVE,NORTH HOLLYWOOD ,91601.0,6.0,,34.1731651,-118.3813765,"(34.1731651, -118.3813765)",POINT (372687.72381284036 3782218.59841524),5645 N Farmdale Ave,91601.0,2.0,2016,4.0,44,0.0909090909090909,2016,DB,91601,2019-01-16 00:00:00,,,4.0,,,,,deduplicated_matched,5645 N Farmdale Ave,34.1734062,-118.3812579,"(34.1734062, -118.3812579)",66.0,67.0,North Hollywood
2338028004,5/5/2015,2015,2,5643 N FARMDALE AVE,NORTH HOLLYWOOD ,91601.0,10.0,44.0,34.1733604,-118.3813032,"(34.1733604, -118.3813032)",POINT (372694.7732056447 3782240.16433749),11470 W. Collins St.,91601.0,2.0,2021,3.0,17,0.1764705882352941,2021,TOC,91601,,2.0,,1.0,,,,TOC Tier 3,deduplicated_matched,11470 W. Collins St.,34.1737456,-118.3814967,"(34.1737456, -118.3814967)",66.0,67.0,North Hollywood
2338028004,5/5/2015,2015,2,5643 N FARMDALE AVE,NORTH HOLLYWOOD ,91601.0,10.0,44.0,34.1733604,-118.3813032,"(34.1733604, -118.3813032)",POINT (372694.7732056447 3782240.16433749),5633 N. Farmdale Ave.,91601.0,2.0,2021,5.0,26,0.1923076923076923,2021,TOC,91601,,3.0,,1.0,1.0,,,TOC Tier 3,deduplicated_matched,5633 N. Farmdale Ave.,34.1731651,-118.3813765,"(34.1731651, -118.3813765)",66.0,67.0,North Hollywood
2338028004,5/5/2015,2015,2,5643 N FARMDALE AVE,NORTH HOLLYWOOD ,91601.0,10.0,44.0,34.1733604,-118.3813032,"(34.1733604, -118.3813032)",POINT (372694.7732056447 3782240.16433749),5645 N Farmdale Ave,91601.0,2.0,2016,4.0,44,0.0909090909090909,2016,DB,91601,2019-01-16 00:00:00,,,4.0,,,,,deduplicated_matched,5645 N Farmdale Ave,34.1734062,-118.3812579,"(34.1734062, -118.3812579)",66.0,67.0,North Hollywood
2338028005,5/5/2015,2015,2,5649 N FARMDALE AVE,NORTH HOLLYWOOD ,91601.0,4.0,,34.1735359,-118.3813703,"(34.1735359, -118.3813703)",POINT (372688.85222189146 3782259.7098517246),11470 W. Collins St.,91601.0,2.0,2021,3.0,17,0.1764705882352941,2021,TOC,91601,,2.0,,1.0,,,,TOC Tier 3,deduplicated_matched,11470 W. Collins St.,34.1737456,-118.3814967,"(34.1737456, -118.3814967)",66.0,67.0,North Hollywood
2338028005,5/5/2015,2015,2,5649 N FARMDALE AVE,NORTH HOLLYWOOD ,91601.0,4.0,,34.1735359,-118.3813703,"(34.1735359, -118.3813703)",POINT (372688.85222189146 3782259.7098517246),5633 N. Farmdale Ave.,91601.0,2.0,2021,5.0,26,0.1923076923076923,2021,TOC,91601,,3.0,,1.0,1.0,,,TOC Tier 3,deduplicated_matched,5633 N. Farmdale Ave.,34.1731651,-118.3813765,"(34.1731651, -118.3813765)",66.0,67.0,North Hollywood
2338028005,5/5/2015,2015,2,5649 N FARMDALE AVE,NORTH HOLLYWOOD ,91601.0,4.0,,34.1735359,-118.3813703,"(34.1735359, -118.3813703)",POINT (372688.85222189146 3782259.7098517246),5645 N Farmdale Ave,91601.0,2.0,2016,4.0,44,0.0909090909090909,2016,DB,91601,2019-01-16 00:00:00,,,4.0,,,,,deduplicated_matched,5645 N Farmdale Ave,34.1734062,-118.3812579,"(34.1734062, -118.3812579)",66.0,67.0,North Hollywood
2338028007,3/12/2019,2019,2,11470 W COLLINS ST,LOS ANGELES ,91601.0,3.0,,34.1737456,-118.3814967,"(34.1737456, -118.3814967)",POINT (372677.516994696 3782283.121954176),11470 W. Collins St.,91601.0,2.0,2021,3.0,17,0.1764705882352941,2021,TOC,91601,,2.0,,1.0,,,,TOC Tier 3,deduplicated_matched,11470 W. Collins St.,34.1737456,-118.3814967,"(34.1737456, -118.3814967)",66.0,67.0,North Hollywood
2338028007,3/12/2019,2019,2,11470 W COLLINS ST,LOS ANGELES ,91601.0,3.0,,34.1737456,-118.3814967,"(34.1737456, -118.3814967)",POINT (372677.516994696 3782283.121954176),5645 N Farmdale Ave,91601.0,2.0,2016,4.0,44,0.0909090909090909,2016,DB,91601,2019-01-16 00:00:00,,,4.0,,,,,deduplicated_matched,5645 N Farmdale Ave,34.1734062,-118.3812579,"(34.1734062, -118.3812579)",66.0,67.0,North Hollywood
2338031012,10/20/2023,2023,2,11611 W BURBANK BLVD,LOS ANGELES ,91601.0,3.0,,34.1723993,-118.6449145,"(34.1723993, -118.6449145)",POINT (348395.52713313326 3782494.0891035595),18535 W. Burbank Blvd.,91356.0,3.0,2017,1.0,13,0.0769230769230769,2017,DB,91356,2020-03-04 00:00:00,,,1.0,,,,,deduplicated_matched,18535 W. Burbank Blvd.,34.1725221,-118.6446463,"(34.1725221, -118.6446463)",112.0,113.0,Woodland Hills
2338031012,10/20/2023,2023,2,11611 W BURBANK BLVD,LOS ANGELES ,91601.0,3.0,,34.1723993,-118.6449145,"(34.1723993, -118.6449145)",POINT (348395.52713313326 3782494.0891035595),11616 W. Burbank Blvd.,91601.0,2.0,2017,2.0,21,0.0952380952380952,2017,DB,91601,2020-11-18 00:00:00,,,2.0,,,,,deduplicated_matched,11616 W. Burbank Blvd.,34.1723993,-118.6449145,"(34.1723993, -118.6449145)",112.0,113.0,Woodland Hills
2338031012,10/20/2023,2023,2,11611 W BURBANK BLVD,LOS ANGELES ,91601.0,3.0,,34.1723993,-118.6449145,"(34.1723993, -118.6449145)",POINT (348395.52713313326 3782494.0891035595),11430 West Burbank Blvd,91601.0,2.0,2014,14.0,125,0.112,2014,DB,91601,2017-08-18 00:00:00,,,14.0,,,,,deduplicated_matched,11430 West Burbank Blvd,34.1723993,-118.6449145,"(34.1723993, -118.6449145)",112.0,113.0,Woodland Hills
2338031012,10/20/2023,2023,2,11611 W BURBANK BLVD,LOS ANGELES ,91601.0,3.0,,34.1723993,-118.6449145,"(34.1723993, -118.6449145)",POINT (348395.52713313326 3782494.0891035595),11806 W BURBANK BLVD,,,2023,29.0,30,0.9666666666666668,2023,ED1,,,0.0,,23.0,0.0,6.0,0.0,,ed1,11806 W BURBANK BLVD,34.1723993,-118.6449145,"(34.1723993, -118.6449145)",112.0,113.0,Woodland Hills
2338031012,10/20/2023,2023,2,11611 W BURBANK BLVD,LOS ANGELES ,91601.0,3.0,,34.1723993,-118.6449145,"(34.1723993, -118.6449145)",POINT (348395.52713313326 3782494.0891035595),14707 W BURBANK BLVD,,,2024,90.0,91,0.989010989010989,2024,ED1,,,0.0,,3.0,68.0,19.0,0.0,,ed1,14707 W BURBANK BLVD,34.1725221,-118.6446463,"(34.1725221, -118.6446463)",112.0,113.0,Woodland Hills
2340006015,10/17/2018,2018,2,5925 N LAUREL CANYON BLVD,LOS ANGELES ,91607.0,3.0,11.0,34.2259821,-118.3978434,"(34.2259821, -118.3978434)",POINT (371250.30203152966 3788096.3606581413),5501 N. Laurel Canyon Blvd,91607.0,2.0,2016,6.0,46,0.1304347826086956,2016,DB,91607,2023-06-09 00:00:00,,,,6.0,,,,deduplicated_matched,5501 N. Laurel Canyon Blvd,34.2259821,-118.3978434,"(34.2259821, -118.3978434)",88.0,89.0,Sun Valley
2340006015,10/17/2018,2018,2,5925 N LAUREL CANYON BLVD,LOS ANGELES ,91607.0,3.0,11.0,34.2259821,-118.3978434,"(34.2259821, -118.3978434)",POINT (371250.30203152966 3788096.3606581413),7627 N Laurel Canyon Blvd.,91605.0,2.0,2015,2.0,40,0.05,2015,DB,91605,2013-04-19 00:00:00,,,2.0,,,,,deduplicated_matched,7627 N Laurel Canyon Blvd.,34.2259821,-118.3978434,"(34.2259821, -118.3978434)",88.0,89.0,Sun Valley
2340006017,8/15/2022,2022,2,5915 N LAUREL CANYON BLVD,LOS ANGELES ,91607.0,4.0,,34.2259821,-118.3978434,"(34.2259821, -118.3978434)",POINT (371250.30203152966 3788096.3606581413),5501 N. Laurel Canyon Blvd,91607.0,2.0,2016,6.0,46,0.1304347826086956,2016,DB,91607,2023-06-09 00:00:00,,,,6.0,,,,deduplicated_matched,5501 N. Laurel Canyon Blvd,34.2259821,-118.3978434,"(34.2259821, -118.3978434)",88.0,89.0,Sun Valley
2340006017,8/15/2022,2022,2,5915 N LAUREL CANYON BLVD,LOS ANGELES ,91607.0,4.0,,34.2259821,-118.3978434,"(34.2259821, -118.3978434)",POINT (371250.30203152966 3788096.3606581413),7627 N Laurel Canyon Blvd.,91605.0,2.0,2015,2.0,40,0.05,2015,DB,91605,2013-04-19 00:00:00,,,2.0,,,,,deduplicated_matched,7627 N Laurel Canyon Blvd.,34.2259821,-118.3978434,"(34.2259821, -118.3978434)",88.0,89.0,Sun Valley
2340015016,11/14/2012,2012,2,5816 N WHITSETT AVE,NORTH HOLLYWOOD ,91607.0,4.0,23.0,34.1762827,-118.4050646,"(34.1762827, -118.4050646)",POINT (370509.15116608795 3782594.1469599623),"5816 N. Whitsett Avenue, Los Angeles, CA",91607.0,2.0,2012,2.0,23,0.0869565217391304,2012,DB,91607,2015-11-20 00:00:00,,,2.0,,,,,deduplicated_matched,"5816 N. Whitsett Avenue, Los Angeles, CA",34.1762827,-118.4050646,"(34.1762827, -118.4050646)",94.0,95.0,Valley Glen
2340028034,3/4/2020,2020,2,5617 N AGNES AVE,LOS ANGELES ,91607.0,3.0,,34.1539898,-118.3953981,"(34.1539898, -118.3953981)",POINT (371366.2643908701 3780109.781586998),6916 N. Agnes Ave.,91605.0,2.0,2018,1.0,6,0.1666666666666666,2018,Other/Discretionary,91605,2021-03-25 00:00:00,,,,1.0,,,UDU,deduplicated_matched,6916 N. Agnes Ave.,34.1539898,-118.3953981,"(34.1539898, -118.3953981)",86.0,87.0,Studio City
2340028034,3/4/2020,2020,2,5617 N AGNES AVE,LOS ANGELES ,91607.0,3.0,,34.1539898,-118.3953981,"(34.1539898, -118.3953981)",POINT (371366.2643908701 3780109.781586998),6928 N Agnes Ave,91605.0,2.0,2016,1.0,6,0.1666666666666666,2016,Other/Discretionary,91605,2016-09-19 00:00:00,,,,,1.0,,,deduplicated_matched,6928 N Agnes Ave,34.1539898,-118.3953981,"(34.1539898, -118.3953981)",86.0,87.0,Studio City
2340028034,3/4/2020,2020,2,5617 N AGNES AVE,LOS ANGELES ,91607.0,3.0,,34.1539898,-118.3953981,"(34.1539898, -118.3953981)",POINT (371366.2643908701 3780109.781586998),6836 N Agnes Ave,91605.0,2.0,2015,1.0,6,0.1666666666666666,2015,Other/Discretionary,91605,2015-12-05 00:00:00,,,,1.0,,,,deduplicated_matched,6836 N Agnes Ave,34.1539898,-118.3953981,"(34.1539898, -118.3953981)",86.0,87.0,Studio City
2340028034,3/4/2020,2020,2,5617 N AGNES AVE,LOS ANGELES ,91607.0,3.0,,34.1539898,-118.3953981,"(34.1539898, -118.3953981)",POINT (371366.2643908701 3780109.781586998),6842 North Agnes Avenue,91605.0,2.0,2013,1.0,6,0.1666666666666666,2013,DB,91605,2015-05-15 00:00:00,,,1.0,,,,0.17,deduplicated_matched,6842 North Agnes Avenue,34.1539898,-118.3953981,"(34.1539898, -118.3953981)",86.0,87.0,Studio City
2341004012,5/12/2020,2020,2,12644 W OXNARD ST,LOS ANGELES ,91607.0,3.0,,34.1802253,-118.5055778,"(34.1802253, -118.5055778)",POINT (361251.53688599885 3783163.574771213),11675 W. Oxnard St.,91606.0,2.0,2021,2.0,9,0.2222222222222222,2021,DB,91606,,,,1.0,1.0,,,,deduplicated_matched,11675 W. Oxnard St.,34.1803252,-118.5058382,"(34.1803252, -118.5058382)",81.0,82.0,Sepulveda Basin
2341004012,5/12/2020,2020,2,12644 W OXNARD ST,LOS ANGELES ,91607.0,3.0,,34.1802253,-118.5055778,"(34.1802253, -118.5055778)",POINT (361251.53688599885 3783163.574771213),12611 W. Oxnard St.,91606.0,2.0,2019,3.0,11,0.2727272727272727,2019,DB,91606,,,,2.0,1.0,,,,deduplicated_matched,12611 W. Oxnard St.,34.1803252,-118.5058382,"(34.1803252, -118.5058382)",81.0,82.0,Sepulveda Basin
2341004012,5/12/2020,2020,2,12644 W OXNARD ST,LOS ANGELES ,91607.0,3.0,,34.1802253,-118.5055778,"(34.1802253, -118.5055778)",POINT (361251.53688599885 3783163.574771213),13713 W. Oxnard St.,91401.0,2.0,2019,1.0,16,0.0625,2019,Other/Discretionary,91401,2023-03-09 00:00:00,,,1.0,,,,Zone Change,deduplicated_matched,13713 W. Oxnard St.,34.1803252,-118.5058382,"(34.1803252, -118.5058382)",81.0,82.0,Sepulveda Basin
2341004012,5/12/2020,2020,2,12644 W OXNARD ST,LOS ANGELES ,91607.0,3.0,,34.1802253,-118.5055778,"(34.1802253, -118.5055778)",POINT (361251.53688599885 3783163.574771213),12405 W Oxnard St,91606.0,2.0,2015,1.0,17,0.0588235294117647,2015,DB,91606,2018-07-27 00:00:00,,,1.0,,,,,deduplicated_matched,12405 W Oxnard St,34.1803252,-118.5058382,"(34.1803252, -118.5058382)",81.0,82.0,Sepulveda Basin
2343006001,8/23/2021,2021,2,5754 N WOODMAN AVE,VAN NUYS ,91401.0,3.0,,34.2116193,-118.4311424,"(34.2116193, -118.4311424)",POINT (368160.6549266657 3786546.200932178),7700 N. Woodman Ave.,91402.0,6.0,2021,56.0,239,0.2343096234309623,2021,DB,91402,,,,,56.0,,,,deduplicated_matched,7700 N. Woodman Ave.,34.2116193,-118.4311424,"(34.2116193, -118.4311424)",71.0,72.0,Panorama City
2343006001,8/23/2021,2021,2,5754 N WOODMAN AVE,VAN NUYS ,91401.0,3.0,,34.2116193,-118.4311424,"(34.2116193, -118.4311424)",POINT (368160.6549266657 3786546.200932178),6120 N. Woodman Ave.,91401.0,2.0,2020,1.0,16,0.0625,2020,DB,91401,2023-11-03 00:00:00,,,1.0,,,,,deduplicated_matched,6120 N. Woodman Ave.,34.2116193,-118.4311424,"(34.2116193, -118.4311424)",71.0,72.0,Panorama City
2343006001,8/23/2021,2021,2,5754 N WOODMAN AVE,VAN NUYS ,91401.0,3.0,,34.2116193,-118.4311424,"(34.2116193, -118.4311424)",POINT (368160.6549266657 3786546.200932178),6948 N. Woodman Ave.,91405.0,2.0,2020,2.0,23,0.0869565217391304,2020,DB,91405,,,,2.0,,,,,deduplicated_matched,6948 N. Woodman Ave.,34.2116193,-118.4311424,"(34.2116193, -118.4311424)",71.0,72.0,Panorama City
2343006001,8/23/2021,2021,2,5754 N WOODMAN AVE,VAN NUYS ,91401.0,3.0,,34.2116193,-118.4311424,"(34.2116193, -118.4311424)",POINT (368160.6549266657 3786546.200932178),7050 N. Woodman Ave.,91405.0,2.0,2019,1.0,25,0.04,2019,Other/Discretionary,91405,,,,,1.0,,,UDU,deduplicated_matched,7050 N. Woodman Ave.,34.2116193,-118.4311424,"(34.2116193, -118.4311424)",71.0,72.0,Panorama City
2343006001,8/23/2021,2021,2,5754 N WOODMAN AVE,VAN NUYS ,91401.0,3.0,,34.2116193,-118.4311424,"(34.2116193, -118.4311424)",POINT (368160.6549266657 3786546.200932178),7354 N Woodman Ave,91405.0,2.0,2015,7.0,86,0.0813953488372093,2015,DB,91405,2019-07-24 00:00:00,,,7.0,,,,,deduplicated_matched,7354 N Woodman Ave,34.2116193,-118.4311424,"(34.2116193, -118.4311424)",71.0,72.0,Panorama City
2343006001,8/23/2021,2021,2,5754 N WOODMAN AVE,VAN NUYS ,91401.0,3.0,,34.2116193,-118.4311424,"(34.2116193, -118.4311424)",POINT (368160.6549266657 3786546.200932178),6844 North Woodman Avenue,91405.0,2.0,2014,1.0,15,0.0666666666666666,2014,DB,91405,2017-02-23 00:00:00,,,1.0,,,,,deduplicated_matched,6844 North Woodman Avenue,34.2116193,-118.4311424,"(34.2116193, -118.4311424)",71.0,72.0,Panorama City
2343006001,8/23/2021,2021,2,5754 N WOODMAN AVE,VAN NUYS ,91401.0,3.0,,34.2116193,-118.4311424,"(34.2116193, -118.4311424)",POINT (368160.6549266657 3786546.200932178),5100 North Woodman Avenue,91423.0,4.0,2013,4.0,36,0.1111111111111111,2013,DB,91423,2014-12-04 00:00:00,,,,4.0,,,0.2,deduplicated_matched,5100 North Woodman Avenue,34.2116193,-118.4311424,"(34.2116193, -118.4311424)",71.0,72.0,Panorama City
2345004003,7/24/2017,2017,4,13135 W CHANDLER BLVD,LOS ANGELES ,91401.0,2.0,,34.1687887,-118.4466606,"(34.1687887, -118.4466606)",POINT (366663.5739564366 3781816.7107348978),11525 W. Chandler Blvd.,91601.0,2.0,2018,6.0,60,0.1,2018,Other/Discretionary,91601,2024-05-16 00:00:00,,,,3.0,3.0,,Vesting Zone Change,deduplicated_matched,11525 W. Chandler Blvd.,34.1687887,-118.4466606,"(34.1687887, -118.4466606)",83.0,84.0,Sherman Oaks
2345004003,7/24/2017,2017,4,13135 W CHANDLER BLVD,LOS ANGELES ,91401.0,2.0,,34.1687887,-118.4466606,"(34.1687887, -118.4466606)",POINT (366663.5739564366 3781816.7107348978),11405 W Chandler Blvd,91601.0,2.0,2015,7.0,82,0.0853658536585365,2015,DB,91601,2017-12-14 00:00:00,,,7.0,,,,,deduplicated_matched,11405 W Chandler Blvd,34.1687887,-118.4466606,"(34.1687887, -118.4466606)",83.0,84.0,Sherman Oaks
2345004003,7/24/2017,2017,4,13135 W CHANDLER BLVD,LOS ANGELES ,91401.0,2.0,,34.1687887,-118.4466606,"(34.1687887, -118.4466606)",POINT (366663.5739564366 3781816.7107348978),12341 West Chandler Blvd,91607.0,2.0,2013,2.0,23,0.0869565217391304,2013,DB,91607,2016-01-14 00:00:00,,,2.0,,,,0.35,deduplicated_matched,12341 West Chandler Blvd,34.1687887,-118.4466606,"(34.1687887, -118.4466606)",83.0,84.0,Sherman Oaks
2347019010,11/13/2018,2018,2,12145 W MAGNOLIA BLVD,LOS ANGELES ,91607.0,2.0,36.0,34.1651217,-118.3582288,"(34.1651217, -118.3582288)",POINT (374809.365502631 3781297.988224199),14944 West Magnolia Blvd.,91403.0,4.0,2014,5.0,18,0.2777777777777778,2014,DB,91403,2016-06-29 00:00:00,,,,5.0,,,,deduplicated_matched,14944 West Magnolia Blvd.,34.1647086,-118.3582277,"(34.1647086, -118.3582277)",66.0,67.0,North Hollywood
2347019010,11/13/2018,2018,2,12145 W MAGNOLIA BLVD,LOS ANGELES ,91607.0,2.0,36.0,34.1651217,-118.3582288,"(34.1651217, -118.3582288)",POINT (374809.365502631 3781297.988224199),14744 W MAGNOLIA BLVD,,,2024,49.0,50,0.98,2024,ED1,,,0.0,,1.0,38.0,10.0,0.0,,ed1,14744 W MAGNOLIA BLVD,34.1647086,-118.3582277,"(34.1647086, -118.3582277)",66.0,67.0,North Hollywood
2347025012,10/16/2015,2015,2,5333 N HERMITAGE AVE,LOS ANGELES ,91607.0,11.0,42.0,34.1676708,-118.4005871,"(34.1676708, -118.4005871)",POINT (370908.713506894 3781633.4666714235),5327 N Hermitage Ave,91607.0,2.0,2016,4.0,42,0.0952380952380952,2016,DB,91607,2019-01-16 00:00:00,,,4.0,,,,,deduplicated_matched,5327 N Hermitage Ave,34.1675164,-118.4006707,"(34.1675164, -118.4006707)",95.0,96.0,Valley Village
2347026001,1/26/2018,2018,2,12301 W MAGNOLIA BLVD,NORTH HOLLYWOOD ,91607.0,12.0,,34.1651217,-118.3582288,"(34.1651217, -118.3582288)",POINT (374809.365502631 3781297.988224199),14944 West Magnolia Blvd.,91403.0,4.0,2014,5.0,18,0.2777777777777778,2014,DB,91403,2016-06-29 00:00:00,,,,5.0,,,,deduplicated_matched,14944 West Magnolia Blvd.,34.1647086,-118.3582277,"(34.1647086, -118.3582277)",66.0,67.0,North Hollywood
2347026001,1/26/2018,2018,2,12301 W MAGNOLIA BLVD,NORTH HOLLYWOOD ,91607.0,12.0,,34.1651217,-118.3582288,"(34.1651217, -118.3582288)",POINT (374809.365502631 3781297.988224199),14744 W MAGNOLIA BLVD,,,2024,49.0,50,0.98,2024,ED1,,,0.0,,1.0,38.0,10.0,0.0,,ed1,14744 W MAGNOLIA BLVD,34.1647086,-118.3582277,"(34.1647086, -118.3582277)",66.0,67.0,North Hollywood
2348008049,4/27/2023,2023,2,12001 W MAGNOLIA BLVD,LOS ANGELES ,91607.0,3.0,,34.1651217,-118.3582288,"(34.1651217, -118.3582288)",POINT (374809.365502631 3781297.988224199),14944 West Magnolia Blvd.,91403.0,4.0,2014,5.0,18,0.2777777777777778,2014,DB,91403,2016-06-29 00:00:00,,,,5.0,,,,deduplicated_matched,14944 West Magnolia Blvd.,34.1647086,-118.3582277,"(34.1647086, -118.3582277)",66.0,67.0,North Hollywood
2348008049,4/27/2023,2023,2,12001 W MAGNOLIA BLVD,LOS ANGELES ,91607.0,3.0,,34.1651217,-118.3582288,"(34.1651217, -118.3582288)",POINT (374809.365502631 3781297.988224199),14744 W MAGNOLIA BLVD,,,2024,49.0,50,0.98,2024,ED1,,,0.0,,1.0,38.0,10.0,0.0,,ed1,14744 W MAGNOLIA BLVD,34.1647086,-118.3582277,"(34.1647086, -118.3582277)",66.0,67.0,North Hollywood
2348010026,11/6/2019,2019,2,11829 W CHANDLER BLVD,LOS ANGELES ,91607.0,4.0,,34.1687887,-118.4466606,"(34.1687887, -118.4466606)",POINT (366663.5739564366 3781816.7107348978),11525 W. Chandler Blvd.,91601.0,2.0,2018,6.0,60,0.1,2018,Other/Discretionary,91601,2024-05-16 00:00:00,,,,3.0,3.0,,Vesting Zone Change,deduplicated_matched,11525 W. Chandler Blvd.,34.1687887,-118.4466606,"(34.1687887, -118.4466606)",83.0,84.0,Sherman Oaks
2348010026,11/6/2019,2019,2,11829 W CHANDLER BLVD,LOS ANGELES ,91607.0,4.0,,34.1687887,-118.4466606,"(34.1687887, -118.4466606)",POINT (366663.5739564366 3781816.7107348978),11405 W Chandler Blvd,91601.0,2.0,2015,7.0,82,0.0853658536585365,2015,DB,91601,2017-12-14 00:00:00,,,7.0,,,,,deduplicated_matched,11405 W Chandler Blvd,34.1687887,-118.4466606,"(34.1687887, -118.4466606)",83.0,84.0,Sherman Oaks
2348010026,11/6/2019,2019,2,11829 W CHANDLER BLVD,LOS ANGELES ,91607.0,4.0,,34.1687887,-118.4466606,"(34.1687887, -118.4466606)",POINT (366663.5739564366 3781816.7107348978),12341 West Chandler Blvd,91607.0,2.0,2013,2.0,23,0.0869565217391304,2013,DB,91607,2016-01-14 00:00:00,,,2.0,,,,0.35,deduplicated_matched,12341 West Chandler Blvd,34.1687887,-118.4466606,"(34.1687887, -118.4466606)",83.0,84.0,Sherman Oaks
2350003006,12/18/2014,2014,2,5525 N CASE AVE,LOS ANGELES ,91601.0,4.0,,34.17078240000001,-118.372162,"(34.17078240000001, -118.372162)",POINT (373533.46864162746 3781942.9084692323),5525 N Case Ave,91601.0,2.0,2016,12.0,90,0.1333333333333333,2016,DB,91601,2022-06-17 00:00:00,,,12.0,,,,,deduplicated_matched,5525 N Case Ave,34.17078240000001,-118.372162,"(34.17078240000001, -118.372162)",66.0,67.0,North Hollywood
2350003008,11/4/2014,2014,2,5513 N CASE AVE,Los Angeles ,91601.0,2.0,,34.1706018,-118.3722433,"(34.1706018, -118.3722433)",POINT (373525.7055658024 3781922.982024436),5525 N Case Ave,91601.0,2.0,2016,12.0,90,0.1333333333333333,2016,DB,91601,2022-06-17 00:00:00,,,12.0,,,,,deduplicated_matched,5525 N Case Ave,34.17078240000001,-118.372162,"(34.17078240000001, -118.372162)",66.0,67.0,North Hollywood
2350003008,11/4/2014,2014,2,5513 N CASE AVE,Los Angeles ,91601.0,2.0,,34.1706018,-118.3722433,"(34.1706018, -118.3722433)",POINT (373525.7055658024 3781922.982024436),"11055 Cumpston St, Los Angeles 91601",91601.0,2.0,2011,2.0,25,0.08,2011,DB,91601,2015-08-25 00:00:00,,,2.0,,,,,deduplicated_matched,"11055 Cumpston St, Los Angeles",34.1702597,-118.3721642,"(34.1702597, -118.3721642)",66.0,67.0,North Hollywood
2350003008,11/4/2014,2014,2,5513 N CASE AVE,Los Angeles ,91601.0,2.0,,34.1706018,-118.3722433,"(34.1706018, -118.3722433)",POINT (373525.7055658024 3781922.982024436),11103 W CUMPSTON ST,,,2024,42.0,43,0.9767441860465116,2024,ED1,,,0.0,,0.0,33.0,9.0,0.0,,ed1,11103 W CUMPSTON ST,34.1702324,-118.372544,"(34.1702324, -118.372544)",66.0,67.0,North Hollywood
2350003018,11/4/2014,2014,2,5536 N FULCHER AVE,Los Angeles ,91601.0,5.0,,34.171084,-118.3727759,"(34.171084, -118.3727759)",POINT (373477.33413978387 3781977.1152260066),5536 N. Fulcher Ave.,91601.0,2.0,2017,3.0,36,0.0833333333333333,2017,DB,91601,,,,3.0,,,,,deduplicated_matched,5536 N. Fulcher Ave.,34.171084,-118.3727759,"(34.171084, -118.3727759)",66.0,67.0,North Hollywood
2350006024,2/11/2011,2011,2,5535 N KLUMP AVE,NORTH HOLLYWOOD ,91601.0,4.0,49.0,34.171057,-118.3753487,"(34.171057, -118.3753487)",POINT (373240.1532673127 3781977.3159735966),"5525 Klump Ave, Los Angeles 91601",91601.0,2.0,2011,48.0,49,0.979591836734694,2011,DB,91601,2012-10-22 00:00:00,,,6.0,42.0,,,,deduplicated_matched,"5525 Klump Ave, Los Angeles",34.17084,-118.3756414,"(34.17084, -118.3756414)",66.0,67.0,North Hollywood
2350006026,2/11/2011,2011,2,5525 N KLUMP AVE,NORTH HOLLYWOOD ,91601.0,2.0,0.0,34.17084,-118.3756414,"(34.17084, -118.3756414)",POINT (373212.849896438 3781953.616041267),"5525 Klump Ave, Los Angeles 91601",91601.0,2.0,2011,48.0,49,0.979591836734694,2011,DB,91601,2012-10-22 00:00:00,,,6.0,42.0,,,,deduplicated_matched,"5525 Klump Ave, Los Angeles",34.17084,-118.3756414,"(34.17084, -118.3756414)",66.0,67.0,North Hollywood
2350007040,8/4/2023,2023,2,11460 W KILLION ST,LOS ANGELES ,91601.0,5.0,,34.1710626,-118.3811193,"(34.1710626, -118.3811193)",POINT (372708.272576408 3781985.12457236),11460 W. Killion St.,91601.0,2.0,2021,20.0,20,1.0,2021,TOC,91601,,3.0,,1.0,16.0,,,TOC Tier 3,deduplicated_matched,11460 W. Killion St.,34.1710626,-118.3811193,"(34.1710626, -118.3811193)",66.0,67.0,North Hollywood
2350007049,2/22/2016,2016,2,11433 W ALBERS ST,NORTH HOLLYWOOD ,91601.0,2.0,59.0,34.1707134,-118.3802691,"(34.1707134, -118.3802691)",POINT (372786.11337631365 3781945.339846736),11433 W. Albers St.,91601.0,2.0,2017,6.0,59,0.1016949152542373,2017,DB,91601,2020-07-16 00:00:00,,,6.0,,,,,deduplicated_matched,11433 W. Albers St.,34.1707134,-118.3802691,"(34.1707134, -118.3802691)",66.0,67.0,North Hollywood
2350007050,6/13/2017,2017,2,11427 W ALBERS ST,LOS ANGELES ,91601.0,4.0,,34.1706114,-118.3799392,"(34.1706114, -118.3799392)",POINT (372816.3680906398 3781933.6172891385),11433 W. Albers St.,91601.0,2.0,2017,6.0,59,0.1016949152542373,2017,DB,91601,2020-07-16 00:00:00,,,6.0,,,,,deduplicated_matched,11433 W. Albers St.,34.1707134,-118.3802691,"(34.1707134, -118.3802691)",66.0,67.0,North Hollywood
2350007068,2/22/2016,2016,2,11443 W ALBERS ST,LOS ANGELES ,91601.0,3.0,0.0,34.170719,-118.3805877,"(34.170719, -118.3805877)",POINT (372756.7555790846 3781946.3583120108),11433 W. Albers St.,91601.0,2.0,2017,6.0,59,0.1016949152542373,2017,DB,91601,2020-07-16 00:00:00,,,6.0,,,,,deduplicated_matched,11433 W. Albers St.,34.1707134,-118.3802691,"(34.1707134, -118.3802691)",66.0,67.0,North Hollywood
2350008039,12/6/2022,2022,2,5557 N ELMER AVE,LOS ANGELES ,91601.0,2.0,,34.1715925,-118.376525,"(34.1715925, -118.376525)",POINT (373132.53258150595 3782038.1618896415),5548 N. Elmer Ave.,91601.0,2.0,2017,2.0,15,0.1333333333333333,2017,DB,91601,2021-03-03 00:00:00,,,2.0,,,,,deduplicated_matched,5548 N. Elmer Ave.,34.1713649,-118.3761675,"(34.1713649, -118.3761675)",66.0,67.0,North Hollywood
2350008040,8/15/2022,2022,2,5553 N ELMER AVE,LOS ANGELES ,91601.0,2.0,,34.1714974,-118.3764989,"(34.1714974, -118.3764989)",POINT (373134.79592801124 3782027.583494296),5548 N. Elmer Ave.,91601.0,2.0,2017,2.0,15,0.1333333333333333,2017,DB,91601,2021-03-03 00:00:00,,,2.0,,,,,deduplicated_matched,5548 N. Elmer Ave.,34.1713649,-118.3761675,"(34.1713649, -118.3761675)",66.0,67.0,North Hollywood
2350008041,1/23/2024,2024,2,5547 N ELMER AVE,LOS ANGELES ,91601.0,2.0,,34.1713642,-118.3765324,"(34.1713642, -118.3765324)",POINT (373131.5088147699 3782012.8542176974),5548 N. Elmer Ave.,91601.0,2.0,2017,2.0,15,0.1333333333333333,2017,DB,91601,2021-03-03 00:00:00,,,2.0,,,,,deduplicated_matched,5548 N. Elmer Ave.,34.1713649,-118.3761675,"(34.1713649, -118.3761675)",66.0,67.0,North Hollywood
2350010015,9/12/2018,2018,2,11502 W CUMPSTON ST,LOS ANGELES ,91601.0,4.0,12.0,34.1693507,-118.3824118,"(34.1693507, -118.3824118)",POINT (372586.5668376164 3781796.900671835),11514 W. Cumpston St.,91601.0,2.0,2020,2.0,11,0.1818181818181818,2020,TOC,91601,2023-03-13 00:00:00,1.0,,1.0,,,,TOC Tier 3,deduplicated_matched,11514 W. Cumpston St.,34.1694068,-118.3828919,"(34.1694068, -118.3828919)",66.0,67.0,North Hollywood
2350010015,9/12/2018,2018,2,11502 W CUMPSTON ST,LOS ANGELES ,91601.0,4.0,12.0,34.1693507,-118.3824118,"(34.1693507, -118.3824118)",POINT (372586.5668376164 3781796.900671835),11502 W. Cumpston St.,91601.0,2.0,2019,3.0,12,0.25,2019,TOC,91601,2022-08-05 00:00:00,1.0,,1.0,1.0,,,TOC Tier 3,deduplicated_matched,11502 W. Cumpston St.,34.1693507,-118.3824118,"(34.1693507, -118.3824118)",66.0,67.0,North Hollywood
2350010019,5/10/2016,2016,2,11511 W CHANDLER BLVD,LOS ANGELES ,91601.0,3.0,0.0,34.1687887,-118.4466606,"(34.1687887, -118.4466606)",POINT (366663.5739564366 3781816.7107348978),11525 W. Chandler Blvd.,91601.0,2.0,2018,6.0,60,0.1,2018,Other/Discretionary,91601,2024-05-16 00:00:00,,,,3.0,3.0,,Vesting Zone Change,deduplicated_matched,11525 W. Chandler Blvd.,34.1687887,-118.4466606,"(34.1687887, -118.4466606)",83.0,84.0,Sherman Oaks
2350010019,5/10/2016,2016,2,11511 W CHANDLER BLVD,LOS ANGELES ,91601.0,3.0,0.0,34.1687887,-118.4466606,"(34.1687887, -118.4466606)",POINT (366663.5739564366 3781816.7107348978),11405 W Chandler Blvd,91601.0,2.0,2015,7.0,82,0.0853658536585365,2015,DB,91601,2017-12-14 00:00:00,,,7.0,,,,,deduplicated_matched,11405 W Chandler Blvd,34.1687887,-118.4466606,"(34.1687887, -118.4466606)",83.0,84.0,Sherman Oaks
2350010019,5/10/2016,2016,2,11511 W CHANDLER BLVD,LOS ANGELES ,91601.0,3.0,0.0,34.1687887,-118.4466606,"(34.1687887, -118.4466606)",POINT (366663.5739564366 3781816.7107348978),12341 West Chandler Blvd,91607.0,2.0,2013,2.0,23,0.0869565217391304,2013,DB,91607,2016-01-14 00:00:00,,,2.0,,,,0.35,deduplicated_matched,12341 West Chandler Blvd,34.1687887,-118.4466606,"(34.1687887, -118.4466606)",83.0,84.0,Sherman Oaks
2350010025,5/22/2019,2019,2,11473 W CHANDLER BLVD,LOS ANGELES ,91601.0,4.0,,34.1687887,-118.4466606,"(34.1687887, -118.4466606)",POINT (366663.5739564366 3781816.7107348978),11525 W. Chandler Blvd.,91601.0,2.0,2018,6.0,60,0.1,2018,Other/Discretionary,91601,2024-05-16 00:00:00,,,,3.0,3.0,,Vesting Zone Change,deduplicated_matched,11525 W. Chandler Blvd.,34.1687887,-118.4466606,"(34.1687887, -118.4466606)",83.0,84.0,Sherman Oaks
2350010025,5/22/2019,2019,2,11473 W CHANDLER BLVD,LOS ANGELES ,91601.0,4.0,,34.1687887,-118.4466606,"(34.1687887, -118.4466606)",POINT (366663.5739564366 3781816.7107348978),11405 W Chandler Blvd,91601.0,2.0,2015,7.0,82,0.0853658536585365,2015,DB,91601,2017-12-14 00:00:00,,,7.0,,,,,deduplicated_matched,11405 W Chandler Blvd,34.1687887,-118.4466606,"(34.1687887, -118.4466606)",83.0,84.0,Sherman Oaks
2350010025,5/22/2019,2019,2,11473 W CHANDLER BLVD,LOS ANGELES ,91601.0,4.0,,34.1687887,-118.4466606,"(34.1687887, -118.4466606)",POINT (366663.5739564366 3781816.7107348978),12341 West Chandler Blvd,91607.0,2.0,2013,2.0,23,0.0869565217391304,2013,DB,91607,2016-01-14 00:00:00,,,2.0,,,,0.35,deduplicated_matched,12341 West Chandler Blvd,34.1687887,-118.4466606,"(34.1687887, -118.4466606)",83.0,84.0,Sherman Oaks
2350017009,8/7/2014,2014,2,5266 N TUJUNGA AVE,Los Angeles ,91601.0,3.0,,34.2334089,-118.3818787,"(34.2334089, -118.3818787)",POINT (372732.02781870833 3788899.881001621),5755 N. Tujunga Ave.,91601.0,2.0,2020,4.0,34,0.1176470588235294,2020,TOC,91601,2022-09-22 00:00:00,4.0,,,,,,TOC Tier 3,deduplicated_matched,5755 N. Tujunga Ave.,34.2334089,-118.3818787,"(34.2334089, -118.3818787)",88.0,89.0,Sun Valley
2350017009,8/7/2014,2014,2,5266 N TUJUNGA AVE,Los Angeles ,91601.0,3.0,,34.2334089,-118.3818787,"(34.2334089, -118.3818787)",POINT (372732.02781870833 3788899.881001621),5553 N. Tujunga Ave.,91601.0,2.0,2019,2.0,30,0.0666666666666666,2019,DB,91601,,,,2.0,,,,,deduplicated_matched,5553 N. Tujunga Ave.,34.2334089,-118.3818787,"(34.2334089, -118.3818787)",88.0,89.0,Sun Valley
2350017009,8/7/2014,2014,2,5266 N TUJUNGA AVE,Los Angeles ,91601.0,3.0,,34.2334089,-118.3818787,"(34.2334089, -118.3818787)",POINT (372732.02781870833 3788899.881001621),4824 North Tujunga Avenue,91601.0,2.0,2013,2.0,31,0.064516129032258,2013,DB,91601,2014-09-11 00:00:00,,,2.0,,,,0.1,deduplicated_matched,4824 North Tujunga Avenue,34.2334089,-118.3818787,"(34.2334089, -118.3818787)",88.0,89.0,Sun Valley
2350017009,8/7/2014,2014,2,5266 N TUJUNGA AVE,Los Angeles ,91601.0,3.0,,34.2334089,-118.3818787,"(34.2334089, -118.3818787)",POINT (372732.02781870833 3788899.881001621),4639 N TUJUNGA AVE,,,2024,57.0,58,0.9827586206896552,2024,ED1,,,0.0,,0.0,46.0,11.0,0.0,,ed1,4639 N TUJUNGA AVE,34.2334089,-118.3818787,"(34.2334089, -118.3818787)",88.0,89.0,Sun Valley
2353003019,8/16/2017,2017,2,11243 W OTSEGO ST,LOS ANGELES ,91601.0,14.0,42.0,34.1631388,-118.3761503,"(34.1631388, -118.3761503)",POINT (373154.42149352905 3781100.240099293),11246 W. Otsego St.,91601.0,2.0,2019,7.0,70,0.1,2019,TOC,91601,2021-05-26 00:00:00,7.0,,,,,,TOC Tier 3,deduplicated_matched,11246 W. Otsego St.,34.1627986,-118.3760064,"(34.1627986, -118.3760064)",66.0,67.0,North Hollywood
2353005021,1/30/2009,2009,2,11111 W HARTSOOK ST,NORTH HOLLYWOOD ,91601.0,4.0,,34.1641895,-118.4751275,"(34.1641895, -118.4751275)",POINT (364032.23495059606 3781344.2676436435),11013 W. Hartsook St.,91601.0,2.0,2022,3.0,25,0.12,2022,TOC,91601,,3.0,,,,,,TOC Tier 3,deduplicated_matched,11013 W. Hartsook St.,34.1642072,-118.4751275,"(34.1642072, -118.4751275)",30.0,31.0,Encino
2353005021,1/30/2009,2009,2,11111 W HARTSOOK ST,NORTH HOLLYWOOD ,91601.0,4.0,,34.1641895,-118.4751275,"(34.1641895, -118.4751275)",POINT (364032.23495059606 3781344.2676436435),11033 W. Hartsook St.,91601.0,2.0,2022,8.0,62,0.1290322580645161,2022,TOC,91601,,7.0,,,1.0,,,TOC Tier 3,deduplicated_matched,11033 W. Hartsook St.,34.1642072,-118.4751275,"(34.1642072, -118.4751275)",30.0,31.0,Encino
2353005021,1/30/2009,2009,2,11111 W HARTSOOK ST,NORTH HOLLYWOOD ,91601.0,4.0,,34.1641895,-118.4751275,"(34.1641895, -118.4751275)",POINT (364032.23495059606 3781344.2676436435),11050 W. Hartsook St.,91601.0,2.0,2017,3.0,48,0.0625,2017,DB,91601,,,,3.0,,,,,deduplicated_matched,11050 W. Hartsook St.,34.1639602,-118.4750835,"(34.1639602, -118.4750835)",30.0,31.0,Encino
2353005021,1/30/2009,2009,2,11111 W HARTSOOK ST,NORTH HOLLYWOOD ,91601.0,4.0,,34.1641895,-118.4751275,"(34.1641895, -118.4751275)",POINT (364032.23495059606 3781344.2676436435),11110 W. Hartsook,91601.0,2.0,2016,7.0,61,0.1147540983606557,2016,DB,91601,2021-03-22 00:00:00,,,7.0,,,,,deduplicated_matched,11110 W. Hartsook,34.1639602,-118.4750835,"(34.1639602, -118.4750835)",30.0,31.0,Encino
2353005022,1/30/2009,2009,2,11105 W HARTSOOK ST,NORTH HOLLYWOOD ,91601.0,4.0,,34.1641895,-118.4751275,"(34.1641895, -118.4751275)",POINT (364032.23495059606 3781344.2676436435),11013 W. Hartsook St.,91601.0,2.0,2022,3.0,25,0.12,2022,TOC,91601,,3.0,,,,,,TOC Tier 3,deduplicated_matched,11013 W. Hartsook St.,34.1642072,-118.4751275,"(34.1642072, -118.4751275)",30.0,31.0,Encino
2353005022,1/30/2009,2009,2,11105 W HARTSOOK ST,NORTH HOLLYWOOD ,91601.0,4.0,,34.1641895,-118.4751275,"(34.1641895, -118.4751275)",POINT (364032.23495059606 3781344.2676436435),11033 W. Hartsook St.,91601.0,2.0,2022,8.0,62,0.1290322580645161,2022,TOC,91601,,7.0,,,1.0,,,TOC Tier 3,deduplicated_matched,11033 W. Hartsook St.,34.1642072,-118.4751275,"(34.1642072, -118.4751275)",30.0,31.0,Encino
2353005022,1/30/2009,2009,2,11105 W HARTSOOK ST,NORTH HOLLYWOOD ,91601.0,4.0,,34.1641895,-118.4751275,"(34.1641895, -118.4751275)",POINT (364032.23495059606 3781344.2676436435),11050 W. Hartsook St.,91601.0,2.0,2017,3.0,48,0.0625,2017,DB,91601,,,,3.0,,,,,deduplicated_matched,11050 W. Hartsook St.,34.1639602,-118.4750835,"(34.1639602, -118.4750835)",30.0,31.0,Encino
2353005022,1/30/2009,2009,2,11105 W HARTSOOK ST,NORTH HOLLYWOOD ,91601.0,4.0,,34.1641895,-118.4751275,"(34.1641895, -118.4751275)",POINT (364032.23495059606 3781344.2676436435),11110 W. Hartsook,91601.0,2.0,2016,7.0,61,0.1147540983606557,2016,DB,91601,2021-03-22 00:00:00,,,7.0,,,,,deduplicated_matched,11110 W. Hartsook,34.1639602,-118.4750835,"(34.1639602, -118.4750835)",30.0,31.0,Encino
2353005023,6/26/2023,2023,2,11101 W HARTSOOK ST,LOS ANGELES ,91601.0,6.0,,34.1641895,-118.4751275,"(34.1641895, -118.4751275)",POINT (364032.23495059606 3781344.2676436435),11013 W. Hartsook St.,91601.0,2.0,2022,3.0,25,0.12,2022,TOC,91601,,3.0,,,,,,TOC Tier 3,deduplicated_matched,11013 W. Hartsook St.,34.1642072,-118.4751275,"(34.1642072, -118.4751275)",30.0,31.0,Encino
2353005023,6/26/2023,2023,2,11101 W HARTSOOK ST,LOS ANGELES ,91601.0,6.0,,34.1641895,-118.4751275,"(34.1641895, -118.4751275)",POINT (364032.23495059606 3781344.2676436435),11033 W. Hartsook St.,91601.0,2.0,2022,8.0,62,0.1290322580645161,2022,TOC,91601,,7.0,,,1.0,,,TOC Tier 3,deduplicated_matched,11033 W. Hartsook St.,34.1642072,-118.4751275,"(34.1642072, -118.4751275)",30.0,31.0,Encino
2353005023,6/26/2023,2023,2,11101 W HARTSOOK ST,LOS ANGELES ,91601.0,6.0,,34.1641895,-118.4751275,"(34.1641895, -118.4751275)",POINT (364032.23495059606 3781344.2676436435),11050 W. Hartsook St.,91601.0,2.0,2017,3.0,48,0.0625,2017,DB,91601,,,,3.0,,,,,deduplicated_matched,11050 W. Hartsook St.,34.1639602,-118.4750835,"(34.1639602, -118.4750835)",30.0,31.0,Encino
2353005023,6/26/2023,2023,2,11101 W HARTSOOK ST,LOS ANGELES ,91601.0,6.0,,34.1641895,-118.4751275,"(34.1641895, -118.4751275)",POINT (364032.23495059606 3781344.2676436435),11110 W. Hartsook,91601.0,2.0,2016,7.0,61,0.1147540983606557,2016,DB,91601,2021-03-22 00:00:00,,,7.0,,,,,deduplicated_matched,11110 W. Hartsook,34.1639602,-118.4750835,"(34.1639602, -118.4750835)",30.0,31.0,Encino
2353005024,6/26/2023,2023,2,11047 W HARTSOOK ST,LOS ANGELES ,91601.0,10.0,,34.1641895,-118.4751275,"(34.1641895, -118.4751275)",POINT (364032.23495059606 3781344.2676436435),11013 W. Hartsook St.,91601.0,2.0,2022,3.0,25,0.12,2022,TOC,91601,,3.0,,,,,,TOC Tier 3,deduplicated_matched,11013 W. Hartsook St.,34.1642072,-118.4751275,"(34.1642072, -118.4751275)",30.0,31.0,Encino
2353005024,6/26/2023,2023,2,11047 W HARTSOOK ST,LOS ANGELES ,91601.0,10.0,,34.1641895,-118.4751275,"(34.1641895, -118.4751275)",POINT (364032.23495059606 3781344.2676436435),11033 W. Hartsook St.,91601.0,2.0,2022,8.0,62,0.1290322580645161,2022,TOC,91601,,7.0,,,1.0,,,TOC Tier 3,deduplicated_matched,11033 W. Hartsook St.,34.1642072,-118.4751275,"(34.1642072, -118.4751275)",30.0,31.0,Encino
2353005024,6/26/2023,2023,2,11047 W HARTSOOK ST,LOS ANGELES ,91601.0,10.0,,34.1641895,-118.4751275,"(34.1641895, -118.4751275)",POINT (364032.23495059606 3781344.2676436435),11050 W. Hartsook St.,91601.0,2.0,2017,3.0,48,0.0625,2017,DB,91601,,,,3.0,,,,,deduplicated_matched,11050 W. Hartsook St.,34.1639602,-118.4750835,"(34.1639602, -118.4750835)",30.0,31.0,Encino
2353005024,6/26/2023,2023,2,11047 W HARTSOOK ST,LOS ANGELES ,91601.0,10.0,,34.1641895,-118.4751275,"(34.1641895, -118.4751275)",POINT (364032.23495059606 3781344.2676436435),11110 W. Hartsook,91601.0,2.0,2016,7.0,61,0.1147540983606557,2016,DB,91601,2021-03-22 00:00:00,,,7.0,,,,,deduplicated_matched,11110 W. Hartsook,34.1639602,-118.4750835,"(34.1639602, -118.4750835)",30.0,31.0,Encino
2353006015,6/20/2017,2017,2,11043 W HARTSOOK ST,LOS ANGELES ,91601.0,6.0,,34.1641895,-118.4751275,"(34.1641895, -118.4751275)",POINT (364032.23495059606 3781344.2676436435),11013 W. Hartsook St.,91601.0,2.0,2022,3.0,25,0.12,2022,TOC,91601,,3.0,,,,,,TOC Tier 3,deduplicated_matched,11013 W. Hartsook St.,34.1642072,-118.4751275,"(34.1642072, -118.4751275)",30.0,31.0,Encino
2353006015,6/20/2017,2017,2,11043 W HARTSOOK ST,LOS ANGELES ,91601.0,6.0,,34.1641895,-118.4751275,"(34.1641895, -118.4751275)",POINT (364032.23495059606 3781344.2676436435),11033 W. Hartsook St.,91601.0,2.0,2022,8.0,62,0.1290322580645161,2022,TOC,91601,,7.0,,,1.0,,,TOC Tier 3,deduplicated_matched,11033 W. Hartsook St.,34.1642072,-118.4751275,"(34.1642072, -118.4751275)",30.0,31.0,Encino
2353006015,6/20/2017,2017,2,11043 W HARTSOOK ST,LOS ANGELES ,91601.0,6.0,,34.1641895,-118.4751275,"(34.1641895, -118.4751275)",POINT (364032.23495059606 3781344.2676436435),11050 W. Hartsook St.,91601.0,2.0,2017,3.0,48,0.0625,2017,DB,91601,,,,3.0,,,,,deduplicated_matched,11050 W. Hartsook St.,34.1639602,-118.4750835,"(34.1639602, -118.4750835)",30.0,31.0,Encino
2353006015,6/20/2017,2017,2,11043 W HARTSOOK ST,LOS ANGELES ,91601.0,6.0,,34.1641895,-118.4751275,"(34.1641895, -118.4751275)",POINT (364032.23495059606 3781344.2676436435),11110 W. Hartsook,91601.0,2.0,2016,7.0,61,0.1147540983606557,2016,DB,91601,2021-03-22 00:00:00,,,7.0,,,,,deduplicated_matched,11110 W. Hartsook,34.1639602,-118.4750835,"(34.1639602, -118.4750835)",30.0,31.0,Encino
2353006017,9/19/2023,2023,2,11033 W HARTSOOK ST,NORTH HOLLYWOOD ,91601.0,1.0,,34.1641895,-118.4751275,"(34.1641895, -118.4751275)",POINT (364032.23495059606 3781344.2676436435),11013 W. Hartsook St.,91601.0,2.0,2022,3.0,25,0.12,2022,TOC,91601,,3.0,,,,,,TOC Tier 3,deduplicated_matched,11013 W. Hartsook St.,34.1642072,-118.4751275,"(34.1642072, -118.4751275)",30.0,31.0,Encino
2353006017,9/19/2023,2023,2,11033 W HARTSOOK ST,NORTH HOLLYWOOD ,91601.0,1.0,,34.1641895,-118.4751275,"(34.1641895, -118.4751275)",POINT (364032.23495059606 3781344.2676436435),11033 W. Hartsook St.,91601.0,2.0,2022,8.0,62,0.1290322580645161,2022,TOC,91601,,7.0,,,1.0,,,TOC Tier 3,deduplicated_matched,11033 W. Hartsook St.,34.1642072,-118.4751275,"(34.1642072, -118.4751275)",30.0,31.0,Encino
2353006017,9/19/2023,2023,2,11033 W HARTSOOK ST,NORTH HOLLYWOOD ,91601.0,1.0,,34.1641895,-118.4751275,"(34.1641895, -118.4751275)",POINT (364032.23495059606 3781344.2676436435),11050 W. Hartsook St.,91601.0,2.0,2017,3.0,48,0.0625,2017,DB,91601,,,,3.0,,,,,deduplicated_matched,11050 W. Hartsook St.,34.1639602,-118.4750835,"(34.1639602, -118.4750835)",30.0,31.0,Encino
2353006017,9/19/2023,2023,2,11033 W HARTSOOK ST,NORTH HOLLYWOOD ,91601.0,1.0,,34.1641895,-118.4751275,"(34.1641895, -118.4751275)",POINT (364032.23495059606 3781344.2676436435),11110 W. Hartsook,91601.0,2.0,2016,7.0,61,0.1147540983606557,2016,DB,91601,2021-03-22 00:00:00,,,7.0,,,,,deduplicated_matched,11110 W. Hartsook,34.1639602,-118.4750835,"(34.1639602, -118.4750835)",30.0,31.0,Encino
2353006018,9/19/2023,2023,2,11027 W HARTSOOK ST,LOS ANGELES ,91601.0,2.0,,34.1641895,-118.4751275,"(34.1641895, -118.4751275)",POINT (364032.23495059606 3781344.2676436435),11013 W. Hartsook St.,91601.0,2.0,2022,3.0,25,0.12,2022,TOC,91601,,3.0,,,,,,TOC Tier 3,deduplicated_matched,11013 W. Hartsook St.,34.1642072,-118.4751275,"(34.1642072, -118.4751275)",30.0,31.0,Encino
2353006018,9/19/2023,2023,2,11027 W HARTSOOK ST,LOS ANGELES ,91601.0,2.0,,34.1641895,-118.4751275,"(34.1641895, -118.4751275)",POINT (364032.23495059606 3781344.2676436435),11033 W. Hartsook St.,91601.0,2.0,2022,8.0,62,0.1290322580645161,2022,TOC,91601,,7.0,,,1.0,,,TOC Tier 3,deduplicated_matched,11033 W. Hartsook St.,34.1642072,-118.4751275,"(34.1642072, -118.4751275)",30.0,31.0,Encino
2353006018,9/19/2023,2023,2,11027 W HARTSOOK ST,LOS ANGELES ,91601.0,2.0,,34.1641895,-118.4751275,"(34.1641895, -118.4751275)",POINT (364032.23495059606 3781344.2676436435),11050 W. Hartsook St.,91601.0,2.0,2017,3.0,48,0.0625,2017,DB,91601,,,,3.0,,,,,deduplicated_matched,11050 W. Hartsook St.,34.1639602,-118.4750835,"(34.1639602, -118.4750835)",30.0,31.0,Encino
2353006018,9/19/2023,2023,2,11027 W HARTSOOK ST,LOS ANGELES ,91601.0,2.0,,34.1641895,-118.4751275,"(34.1641895, -118.4751275)",POINT (364032.23495059606 3781344.2676436435),11110 W. Hartsook,91601.0,2.0,2016,7.0,61,0.1147540983606557,2016,DB,91601,2021-03-22 00:00:00,,,7.0,,,,,deduplicated_matched,11110 W. Hartsook,34.1639602,-118.4750835,"(34.1639602, -118.4750835)",30.0,31.0,Encino
2353006021,9/12/2018,2018,2,11013 W HARTSOOK ST,NORTH HOLLYWOOD ,91601.0,4.0,,34.1641895,-118.4751275,"(34.1641895, -118.4751275)",POINT (364032.23495059606 3781344.2676436435),11013 W. Hartsook St.,91601.0,2.0,2022,3.0,25,0.12,2022,TOC,91601,,3.0,,,,,,TOC Tier 3,deduplicated_matched,11013 W. Hartsook St.,34.1642072,-118.4751275,"(34.1642072, -118.4751275)",30.0,31.0,Encino
2353006021,9/12/2018,2018,2,11013 W HARTSOOK ST,NORTH HOLLYWOOD ,91601.0,4.0,,34.1641895,-118.4751275,"(34.1641895, -118.4751275)",POINT (364032.23495059606 3781344.2676436435),11033 W. Hartsook St.,91601.0,2.0,2022,8.0,62,0.1290322580645161,2022,TOC,91601,,7.0,,,1.0,,,TOC Tier 3,deduplicated_matched,11033 W. Hartsook St.,34.1642072,-118.4751275,"(34.1642072, -118.4751275)",30.0,31.0,Encino
2353006021,9/12/2018,2018,2,11013 W HARTSOOK ST,NORTH HOLLYWOOD ,91601.0,4.0,,34.1641895,-118.4751275,"(34.1641895, -118.4751275)",POINT (364032.23495059606 3781344.2676436435),11050 W. Hartsook St.,91601.0,2.0,2017,3.0,48,0.0625,2017,DB,91601,,,,3.0,,,,,deduplicated_matched,11050 W. Hartsook St.,34.1639602,-118.4750835,"(34.1639602, -118.4750835)",30.0,31.0,Encino
2353006021,9/12/2018,2018,2,11013 W HARTSOOK ST,NORTH HOLLYWOOD ,91601.0,4.0,,34.1641895,-118.4751275,"(34.1641895, -118.4751275)",POINT (364032.23495059606 3781344.2676436435),11110 W. Hartsook,91601.0,2.0,2016,7.0,61,0.1147540983606557,2016,DB,91601,2021-03-22 00:00:00,,,7.0,,,,,deduplicated_matched,11110 W. Hartsook,34.1639602,-118.4750835,"(34.1639602, -118.4750835)",30.0,31.0,Encino
2353007001,4/20/2015,2015,2,11000 W HARTSOOK ST,LOS ANGELES ,91601.0,6.0,0.0,34.1639602,-118.4750835,"(34.1639602, -118.4750835)",POINT (364035.9232112997 3781318.780843309),11013 W. Hartsook St.,91601.0,2.0,2022,3.0,25,0.12,2022,TOC,91601,,3.0,,,,,,TOC Tier 3,deduplicated_matched,11013 W. Hartsook St.,34.1642072,-118.4751275,"(34.1642072, -118.4751275)",30.0,31.0,Encino
2353007001,4/20/2015,2015,2,11000 W HARTSOOK ST,LOS ANGELES ,91601.0,6.0,0.0,34.1639602,-118.4750835,"(34.1639602, -118.4750835)",POINT (364035.9232112997 3781318.780843309),11033 W. Hartsook St.,91601.0,2.0,2022,8.0,62,0.1290322580645161,2022,TOC,91601,,7.0,,,1.0,,,TOC Tier 3,deduplicated_matched,11033 W. Hartsook St.,34.1642072,-118.4751275,"(34.1642072, -118.4751275)",30.0,31.0,Encino
2353007001,4/20/2015,2015,2,11000 W HARTSOOK ST,LOS ANGELES ,91601.0,6.0,0.0,34.1639602,-118.4750835,"(34.1639602, -118.4750835)",POINT (364035.9232112997 3781318.780843309),11050 W. Hartsook St.,91601.0,2.0,2017,3.0,48,0.0625,2017,DB,91601,,,,3.0,,,,,deduplicated_matched,11050 W. Hartsook St.,34.1639602,-118.4750835,"(34.1639602, -118.4750835)",30.0,31.0,Encino
2353007001,4/20/2015,2015,2,11000 W HARTSOOK ST,LOS ANGELES ,91601.0,6.0,0.0,34.1639602,-118.4750835,"(34.1639602, -118.4750835)",POINT (364035.9232112997 3781318.780843309),11110 W. Hartsook,91601.0,2.0,2016,7.0,61,0.1147540983606557,2016,DB,91601,2021-03-22 00:00:00,,,7.0,,,,,deduplicated_matched,11110 W. Hartsook,34.1639602,-118.4750835,"(34.1639602, -118.4750835)",30.0,31.0,Encino
2353007002,4/20/2015,2015,2,11012 W HARTSOOK ST,LOS ANGELES ,91601.0,4.0,144.0,34.1639602,-118.4750835,"(34.1639602, -118.4750835)",POINT (364035.9232112997 3781318.780843309),11013 W. Hartsook St.,91601.0,2.0,2022,3.0,25,0.12,2022,TOC,91601,,3.0,,,,,,TOC Tier 3,deduplicated_matched,11013 W. Hartsook St.,34.1642072,-118.4751275,"(34.1642072, -118.4751275)",30.0,31.0,Encino
2353007002,4/20/2015,2015,2,11012 W HARTSOOK ST,LOS ANGELES ,91601.0,4.0,144.0,34.1639602,-118.4750835,"(34.1639602, -118.4750835)",POINT (364035.9232112997 3781318.780843309),11033 W. Hartsook St.,91601.0,2.0,2022,8.0,62,0.1290322580645161,2022,TOC,91601,,7.0,,,1.0,,,TOC Tier 3,deduplicated_matched,11033 W. Hartsook St.,34.1642072,-118.4751275,"(34.1642072, -118.4751275)",30.0,31.0,Encino
2353007002,4/20/2015,2015,2,11012 W HARTSOOK ST,LOS ANGELES ,91601.0,4.0,144.0,34.1639602,-118.4750835,"(34.1639602, -118.4750835)",POINT (364035.9232112997 3781318.780843309),11050 W. Hartsook St.,91601.0,2.0,2017,3.0,48,0.0625,2017,DB,91601,,,,3.0,,,,,deduplicated_matched,11050 W. Hartsook St.,34.1639602,-118.4750835,"(34.1639602, -118.4750835)",30.0,31.0,Encino
2353007002,4/20/2015,2015,2,11012 W HARTSOOK ST,LOS ANGELES ,91601.0,4.0,144.0,34.1639602,-118.4750835,"(34.1639602, -118.4750835)",POINT (364035.9232112997 3781318.780843309),11110 W. Hartsook,91601.0,2.0,2016,7.0,61,0.1147540983606557,2016,DB,91601,2021-03-22 00:00:00,,,7.0,,,,,deduplicated_matched,11110 W. Hartsook,34.1639602,-118.4750835,"(34.1639602, -118.4750835)",30.0,31.0,Encino
2353007008,12/5/2016,2016,2,11042 W HARTSOOK ST,LOS ANGELES ,91601.0,3.0,,34.1639602,-118.4750835,"(34.1639602, -118.4750835)",POINT (364035.9232112997 3781318.780843309),11013 W. Hartsook St.,91601.0,2.0,2022,3.0,25,0.12,2022,TOC,91601,,3.0,,,,,,TOC Tier 3,deduplicated_matched,11013 W. Hartsook St.,34.1642072,-118.4751275,"(34.1642072, -118.4751275)",30.0,31.0,Encino
2353007008,12/5/2016,2016,2,11042 W HARTSOOK ST,LOS ANGELES ,91601.0,3.0,,34.1639602,-118.4750835,"(34.1639602, -118.4750835)",POINT (364035.9232112997 3781318.780843309),11033 W. Hartsook St.,91601.0,2.0,2022,8.0,62,0.1290322580645161,2022,TOC,91601,,7.0,,,1.0,,,TOC Tier 3,deduplicated_matched,11033 W. Hartsook St.,34.1642072,-118.4751275,"(34.1642072, -118.4751275)",30.0,31.0,Encino
2353007008,12/5/2016,2016,2,11042 W HARTSOOK ST,LOS ANGELES ,91601.0,3.0,,34.1639602,-118.4750835,"(34.1639602, -118.4750835)",POINT (364035.9232112997 3781318.780843309),11050 W. Hartsook St.,91601.0,2.0,2017,3.0,48,0.0625,2017,DB,91601,,,,3.0,,,,,deduplicated_matched,11050 W. Hartsook St.,34.1639602,-118.4750835,"(34.1639602, -118.4750835)",30.0,31.0,Encino
2353007008,12/5/2016,2016,2,11042 W HARTSOOK ST,LOS ANGELES ,91601.0,3.0,,34.1639602,-118.4750835,"(34.1639602, -118.4750835)",POINT (364035.9232112997 3781318.780843309),11110 W. Hartsook,91601.0,2.0,2016,7.0,61,0.1147540983606557,2016,DB,91601,2021-03-22 00:00:00,,,7.0,,,,,deduplicated_matched,11110 W. Hartsook,34.1639602,-118.4750835,"(34.1639602, -118.4750835)",30.0,31.0,Encino
2353007011,7/14/2016,2016,2,11106 W HARTSOOK ST,LOS ANGELES ,91601.0,2.0,0.0,34.1639602,-118.4750835,"(34.1639602, -118.4750835)",POINT (364035.9232112997 3781318.780843309),11013 W. Hartsook St.,91601.0,2.0,2022,3.0,25,0.12,2022,TOC,91601,,3.0,,,,,,TOC Tier 3,deduplicated_matched,11013 W. Hartsook St.,34.1642072,-118.4751275,"(34.1642072, -118.4751275)",30.0,31.0,Encino
2353007011,7/14/2016,2016,2,11106 W HARTSOOK ST,LOS ANGELES ,91601.0,2.0,0.0,34.1639602,-118.4750835,"(34.1639602, -118.4750835)",POINT (364035.9232112997 3781318.780843309),11033 W. Hartsook St.,91601.0,2.0,2022,8.0,62,0.1290322580645161,2022,TOC,91601,,7.0,,,1.0,,,TOC Tier 3,deduplicated_matched,11033 W. Hartsook St.,34.1642072,-118.4751275,"(34.1642072, -118.4751275)",30.0,31.0,Encino
2353007011,7/14/2016,2016,2,11106 W HARTSOOK ST,LOS ANGELES ,91601.0,2.0,0.0,34.1639602,-118.4750835,"(34.1639602, -118.4750835)",POINT (364035.9232112997 3781318.780843309),11050 W. Hartsook St.,91601.0,2.0,2017,3.0,48,0.0625,2017,DB,91601,,,,3.0,,,,,deduplicated_matched,11050 W. Hartsook St.,34.1639602,-118.4750835,"(34.1639602, -118.4750835)",30.0,31.0,Encino
2353007011,7/14/2016,2016,2,11106 W HARTSOOK ST,LOS ANGELES ,91601.0,2.0,0.0,34.1639602,-118.4750835,"(34.1639602, -118.4750835)",POINT (364035.9232112997 3781318.780843309),11110 W. Hartsook,91601.0,2.0,2016,7.0,61,0.1147540983606557,2016,DB,91601,2021-03-22 00:00:00,,,7.0,,,,,deduplicated_matched,11110 W. Hartsook,34.1639602,-118.4750835,"(34.1639602, -118.4750835)",30.0,31.0,Encino
2353007012,7/14/2016,2016,2,11110 W HARTSOOK ST,LOS ANGELES ,91601.0,3.0,61.0,34.1639602,-118.4750835,"(34.1639602, -118.4750835)",POINT (364035.9232112997 3781318.780843309),11013 W. Hartsook St.,91601.0,2.0,2022,3.0,25,0.12,2022,TOC,91601,,3.0,,,,,,TOC Tier 3,deduplicated_matched,11013 W. Hartsook St.,34.1642072,-118.4751275,"(34.1642072, -118.4751275)",30.0,31.0,Encino
2353007012,7/14/2016,2016,2,11110 W HARTSOOK ST,LOS ANGELES ,91601.0,3.0,61.0,34.1639602,-118.4750835,"(34.1639602, -118.4750835)",POINT (364035.9232112997 3781318.780843309),11033 W. Hartsook St.,91601.0,2.0,2022,8.0,62,0.1290322580645161,2022,TOC,91601,,7.0,,,1.0,,,TOC Tier 3,deduplicated_matched,11033 W. Hartsook St.,34.1642072,-118.4751275,"(34.1642072, -118.4751275)",30.0,31.0,Encino
2353007012,7/14/2016,2016,2,11110 W HARTSOOK ST,LOS ANGELES ,91601.0,3.0,61.0,34.1639602,-118.4750835,"(34.1639602, -118.4750835)",POINT (364035.9232112997 3781318.780843309),11050 W. Hartsook St.,91601.0,2.0,2017,3.0,48,0.0625,2017,DB,91601,,,,3.0,,,,,deduplicated_matched,11050 W. Hartsook St.,34.1639602,-118.4750835,"(34.1639602, -118.4750835)",30.0,31.0,Encino
2353007012,7/14/2016,2016,2,11110 W HARTSOOK ST,LOS ANGELES ,91601.0,3.0,61.0,34.1639602,-118.4750835,"(34.1639602, -118.4750835)",POINT (364035.9232112997 3781318.780843309),11110 W. Hartsook,91601.0,2.0,2016,7.0,61,0.1147540983606557,2016,DB,91601,2021-03-22 00:00:00,,,7.0,,,,,deduplicated_matched,11110 W. Hartsook,34.1639602,-118.4750835,"(34.1639602, -118.4750835)",30.0,31.0,Encino
2353007013,7/14/2016,2016,2,11116 W HARTSOOK ST,LOS ANGELES ,91601.0,2.0,0.0,34.1639602,-118.4750835,"(34.1639602, -118.4750835)",POINT (364035.9232112997 3781318.780843309),11013 W. Hartsook St.,91601.0,2.0,2022,3.0,25,0.12,2022,TOC,91601,,3.0,,,,,,TOC Tier 3,deduplicated_matched,11013 W. Hartsook St.,34.1642072,-118.4751275,"(34.1642072, -118.4751275)",30.0,31.0,Encino
2353007013,7/14/2016,2016,2,11116 W HARTSOOK ST,LOS ANGELES ,91601.0,2.0,0.0,34.1639602,-118.4750835,"(34.1639602, -118.4750835)",POINT (364035.9232112997 3781318.780843309),11033 W. Hartsook St.,91601.0,2.0,2022,8.0,62,0.1290322580645161,2022,TOC,91601,,7.0,,,1.0,,,TOC Tier 3,deduplicated_matched,11033 W. Hartsook St.,34.1642072,-118.4751275,"(34.1642072, -118.4751275)",30.0,31.0,Encino
2353007013,7/14/2016,2016,2,11116 W HARTSOOK ST,LOS ANGELES ,91601.0,2.0,0.0,34.1639602,-118.4750835,"(34.1639602, -118.4750835)",POINT (364035.9232112997 3781318.780843309),11050 W. Hartsook St.,91601.0,2.0,2017,3.0,48,0.0625,2017,DB,91601,,,,3.0,,,,,deduplicated_matched,11050 W. Hartsook St.,34.1639602,-118.4750835,"(34.1639602, -118.4750835)",30.0,31.0,Encino
2353007013,7/14/2016,2016,2,11116 W HARTSOOK ST,LOS ANGELES ,91601.0,2.0,0.0,34.1639602,-118.4750835,"(34.1639602, -118.4750835)",POINT (364035.9232112997 3781318.780843309),11110 W. Hartsook,91601.0,2.0,2016,7.0,61,0.1147540983606557,2016,DB,91601,2021-03-22 00:00:00,,,7.0,,,,,deduplicated_matched,11110 W. Hartsook,34.1639602,-118.4750835,"(34.1639602, -118.4750835)",30.0,31.0,Encino
2353007031,1/13/2010,2010,2,11019 W OTSEGO ST,NORTH HOLLYWOOD ,91601.0,4.0,0.0,34.1632476,-118.371264,"(34.1632476, -118.371264)",POINT (373605.00663968385 3781106.239752077),11011 W. Otsego St,91601.0,2.0,2016,20.0,144,0.1388888888888889,2016,DB,91601,2020-07-20 00:00:00,,,20.0,,,,,deduplicated_matched,11011 W. Otsego St,34.1632385,-118.3712822,"(34.1632385, -118.3712822)",66.0,67.0,North Hollywood
2353013002,2/18/2016,2016,2,11254 W OTSEGO ST,NORTH HOLLYWOOD ,91601.0,2.0,49.0,34.1627831,-118.376483,"(34.1627831, -118.376483)",POINT (373123.2206943862 3781061.209275723),11246 W. Otsego St.,91601.0,2.0,2019,7.0,70,0.1,2019,TOC,91601,2021-05-26 00:00:00,7.0,,,,,,TOC Tier 3,deduplicated_matched,11246 W. Otsego St.,34.1627986,-118.3760064,"(34.1627986, -118.3760064)",66.0,67.0,North Hollywood
2353013002,2/18/2016,2016,2,11254 W OTSEGO ST,NORTH HOLLYWOOD ,91601.0,2.0,49.0,34.1627831,-118.376483,"(34.1627831, -118.376483)",POINT (373123.2206943862 3781061.209275723),11262 W Otsego St,91601.0,2.0,2016,5.0,49,0.1020408163265306,2016,DB,91601,2018-03-02 00:00:00,,,5.0,,,,,deduplicated_matched,11262 W Otsego St,34.1627783,-118.3768055,"(34.1627783, -118.3768055)",66.0,67.0,North Hollywood
2353013003,10/2/2017,2017,2,11246 W OTSEGO ST,N HOLLYWOOD ,91601.0,6.0,70.0,34.1627986,-118.3760064,"(34.1627986, -118.3760064)",POINT (373167.17744246253 3781062.3354094294),11246 W. Otsego St.,91601.0,2.0,2019,7.0,70,0.1,2019,TOC,91601,2021-05-26 00:00:00,7.0,,,,,,TOC Tier 3,deduplicated_matched,11246 W. Otsego St.,34.1627986,-118.3760064,"(34.1627986, -118.3760064)",66.0,67.0,North Hollywood
2353013009,9/30/2015,2015,2,11262 W OTSEGO ST,LOS ANGELES ,91601.0,3.0,0.0,34.1627783,-118.3768055,"(34.1627783, -118.3768055)",POINT (373093.4850692716 3781061.078171451),11262 W Otsego St,91601.0,2.0,2016,5.0,49,0.1020408163265306,2016,DB,91601,2018-03-02 00:00:00,,,5.0,,,,,deduplicated_matched,11262 W Otsego St,34.1627783,-118.3768055,"(34.1627783, -118.3768055)",66.0,67.0,North Hollywood
2353013013,7/3/2019,2019,2,5050 N BAKMAN AVE,NORTH HOLLYWOOD ,91601.0,6.0,,34.162316,-118.3768968,"(34.162316, -118.3768968)",POINT (373084.37697582017 3781009.9259851887),5050 N. Bakman Ave.,91601.0,2.0,2020,39.0,40,0.975,2020,Other/Discretionary,91601,2024-10-10 00:00:00,,,32.0,7.0,,,Conditional Use,deduplicated_matched,5050 N. Bakman Ave.,34.162316,-118.3768968,"(34.162316, -118.3768968)",66.0,67.0,North Hollywood
2353013019,10/26/2007,2007,2,5042 N BAKMAN AVE,NORTH HOLLYWOOD ,91601.0,9.0,,34.1619699,-118.37722,"(34.1619699, -118.37722)",POINT (373054.0656999338 3780971.948130833),5050 N. Bakman Ave.,91601.0,2.0,2020,39.0,40,0.975,2020,Other/Discretionary,91601,2024-10-10 00:00:00,,,32.0,7.0,,,Conditional Use,deduplicated_matched,5050 N. Bakman Ave.,34.162316,-118.3768968,"(34.162316, -118.3768968)",66.0,67.0,North Hollywood
2353013019,10/26/2007,2007,2,5042 N BAKMAN AVE,NORTH HOLLYWOOD ,91601.0,9.0,,34.1619699,-118.37722,"(34.1619699, -118.37722)",POINT (373054.0656999338 3780971.948130833),5044 N Bakman Ave,90601.0,2.0,2015,4.0,46,0.0869565217391304,2015,DB,90601,2018-11-13 00:00:00,,,4.0,,,,,deduplicated_matched,5044 N Bakman Ave,34.1618745,-118.3770232,"(34.1618745, -118.3770232)",66.0,67.0,North Hollywood
2353015010,11/6/2019,2019,2,4908 N TUJUNGA AVE,LOS ANGELES ,91601.0,3.0,,34.2334089,-118.3818787,"(34.2334089, -118.3818787)",POINT (372732.02781870833 3788899.881001621),5755 N. Tujunga Ave.,91601.0,2.0,2020,4.0,34,0.1176470588235294,2020,TOC,91601,2022-09-22 00:00:00,4.0,,,,,,TOC Tier 3,deduplicated_matched,5755 N. Tujunga Ave.,34.2334089,-118.3818787,"(34.2334089, -118.3818787)",88.0,89.0,Sun Valley
2353015010,11/6/2019,2019,2,4908 N TUJUNGA AVE,LOS ANGELES ,91601.0,3.0,,34.2334089,-118.3818787,"(34.2334089, -118.3818787)",POINT (372732.02781870833 3788899.881001621),5553 N. Tujunga Ave.,91601.0,2.0,2019,2.0,30,0.0666666666666666,2019,DB,91601,,,,2.0,,,,,deduplicated_matched,5553 N. Tujunga Ave.,34.2334089,-118.3818787,"(34.2334089, -118.3818787)",88.0,89.0,Sun Valley
2353015010,11/6/2019,2019,2,4908 N TUJUNGA AVE,LOS ANGELES ,91601.0,3.0,,34.2334089,-118.3818787,"(34.2334089, -118.3818787)",POINT (372732.02781870833 3788899.881001621),4824 North Tujunga Avenue,91601.0,2.0,2013,2.0,31,0.064516129032258,2013,DB,91601,2014-09-11 00:00:00,,,2.0,,,,0.1,deduplicated_matched,4824 North Tujunga Avenue,34.2334089,-118.3818787,"(34.2334089, -118.3818787)",88.0,89.0,Sun Valley
2353015010,11/6/2019,2019,2,4908 N TUJUNGA AVE,LOS ANGELES ,91601.0,3.0,,34.2334089,-118.3818787,"(34.2334089, -118.3818787)",POINT (372732.02781870833 3788899.881001621),4639 N TUJUNGA AVE,,,2024,57.0,58,0.9827586206896552,2024,ED1,,,0.0,,0.0,46.0,11.0,0.0,,ed1,4639 N TUJUNGA AVE,34.2334089,-118.3818787,"(34.2334089, -118.3818787)",88.0,89.0,Sun Valley
2353022008,3/5/2018,2018,2,11278 W PEACH GROVE ST,NORTH HOLLYWOOD ,91601.0,2.0,21.0,34.1589111,-118.3771758,"(34.1589111, -118.3771758)",POINT (373053.5612084536 3780632.6940813027),11280 W. Peach Grove St.,91601.0,2.0,2018,2.0,21,0.0952380952380952,2018,TOC,91601,2021-06-22 00:00:00,2.0,,,,,,TOC Tier 1,deduplicated_matched,11280 W. Peach Grove St.,34.1590015,-118.3771499,"(34.1590015, -118.3771499)",66.0,67.0,North Hollywood
2353022009,3/5/2018,2018,2,11274 W PEACH GROVE ST,NORTH HOLLYWOOD ,91601.0,2.0,0.0,34.158911,-118.3770085,"(34.158911, -118.3770085)",POINT (373068.9836813344 3780632.474818668),11280 W. Peach Grove St.,91601.0,2.0,2018,2.0,21,0.0952380952380952,2018,TOC,91601,2021-06-22 00:00:00,2.0,,,,,,TOC Tier 1,deduplicated_matched,11280 W. Peach Grove St.,34.1590015,-118.3771499,"(34.1590015, -118.3771499)",66.0,67.0,North Hollywood
2354004035,8/4/2011,2011,2,11548 W MAGNOLIA BLVD,NORTH HOLLYWOOD ,91601.0,46.0,,34.1647086,-118.3582277,"(34.1647086, -118.3582277)",POINT (374808.85694217216 3781252.177141557),14944 West Magnolia Blvd.,91403.0,4.0,2014,5.0,18,0.2777777777777778,2014,DB,91403,2016-06-29 00:00:00,,,,5.0,,,,deduplicated_matched,14944 West Magnolia Blvd.,34.1647086,-118.3582277,"(34.1647086, -118.3582277)",91.0,92.0,Toluca Lake
2354004035,8/4/2011,2011,2,11548 W MAGNOLIA BLVD,NORTH HOLLYWOOD ,91601.0,46.0,,34.1647086,-118.3582277,"(34.1647086, -118.3582277)",POINT (374808.85694217216 3781252.177141557),14744 W MAGNOLIA BLVD,,,2024,49.0,50,0.98,2024,ED1,,,0.0,,1.0,38.0,10.0,0.0,,ed1,14744 W MAGNOLIA BLVD,34.1647086,-118.3582277,"(34.1647086, -118.3582277)",91.0,92.0,Toluca Lake
2355008039,10/8/2015,2015,2,5120 N LAUREL CANYON BLVD,LOS ANGELES ,91607.0,4.0,,34.22603429999999,-118.3974523,"(34.22603429999999, -118.3974523)",POINT (371286.4067429061 3788101.654962715),5501 N. Laurel Canyon Blvd,91607.0,2.0,2016,6.0,46,0.1304347826086956,2016,DB,91607,2023-06-09 00:00:00,,,,6.0,,,,deduplicated_matched,5501 N. Laurel Canyon Blvd,34.2259821,-118.3978434,"(34.2259821, -118.3978434)",88.0,89.0,Sun Valley
2355008039,10/8/2015,2015,2,5120 N LAUREL CANYON BLVD,LOS ANGELES ,91607.0,4.0,,34.22603429999999,-118.3974523,"(34.22603429999999, -118.3974523)",POINT (371286.4067429061 3788101.654962715),7627 N Laurel Canyon Blvd.,91605.0,2.0,2015,2.0,40,0.05,2015,DB,91605,2013-04-19 00:00:00,,,2.0,,,,,deduplicated_matched,7627 N Laurel Canyon Blvd.,34.2259821,-118.3978434,"(34.2259821, -118.3978434)",88.0,89.0,Sun Valley
2355019070,10/23/2017,2017,2,11711 W KLING ST,NORTH HOLLYWOOD ,91607.0,2.0,2.0,34.1563379,-118.3490917,"(34.1563379, -118.3490917)",POINT (375638.72731761925 3780312.755012643),10739 W. Kling St.,91602.0,2.0,2020,1.0,12,0.0833333333333333,2020,TOC,91602,,1.0,,,,,,TOC Tier 1,deduplicated_matched,10739 W. Kling St.,34.1563379,-118.3490917,"(34.1563379, -118.3490917)",,,
2358032030,12/13/2016,2016,4,13136 W RIVERSIDE DR,SHERMAN OAKS ,91423.0,2.0,5.0,34.1544076,-118.3258335,"(34.1544076, -118.3258335)",POINT (377780.0650551496 3780070.5942765814),14130 W. Riverside Dr.,91423.0,4.0,2021,25.0,249,0.1004016064257028,2021,Other/Discretionary,91423,,,,,,25.0,,Zone Change; Master Conditional Use Permit; Site Plan Review,deduplicated_matched,14130 W. Riverside Dr.,34.154216,-118.326101,"(34.154216, -118.326101)",,,
2358032030,12/13/2016,2016,4,13136 W RIVERSIDE DR,SHERMAN OAKS ,91423.0,2.0,5.0,34.1544076,-118.3258335,"(34.1544076, -118.3258335)",POINT (377780.0650551496 3780070.5942765814),14419 W. Riverside Dr.,91423.0,4.0,2018,2.0,12,0.1666666666666666,2018,DB,91423,2024-05-23 00:00:00,,,1.0,1.0,,,,deduplicated_matched,14419 W. Riverside Dr.,34.154216,-118.326101,"(34.154216, -118.326101)",,,
2358032030,12/13/2016,2016,4,13136 W RIVERSIDE DR,SHERMAN OAKS ,91423.0,2.0,5.0,34.1544076,-118.3258335,"(34.1544076, -118.3258335)",POINT (377780.0650551496 3780070.5942765814),11445 W. Riverside Dr.,91602.0,2.0,2017,2.0,29,0.0689655172413793,2017,DB,91602,2021-08-12 00:00:00,,,2.0,,,,,deduplicated_matched,11445 W. Riverside Dr.,34.154216,-118.326101,"(34.154216, -118.326101)",,,
2358032030,12/13/2016,2016,4,13136 W RIVERSIDE DR,SHERMAN OAKS ,91423.0,2.0,5.0,34.1544076,-118.3258335,"(34.1544076, -118.3258335)",POINT (377780.0650551496 3780070.5942765814),10748 W Riverside Dr,91602.0,2.0,2016,1.0,13,0.0769230769230769,2016,DB,91602,2018-08-02 00:00:00,,,1.0,,,,,deduplicated_matched,10748 W Riverside Dr,34.154216,-118.326101,"(34.154216, -118.326101)",,,
2358032030,12/13/2016,2016,4,13136 W RIVERSIDE DR,SHERMAN OAKS ,91423.0,2.0,5.0,34.1544076,-118.3258335,"(34.1544076, -118.3258335)",POINT (377780.0650551496 3780070.5942765814),11100 W Riverside Dr,91602.0,2.0,2015,4.0,51,0.0784313725490196,2015,DB,91602,2017-01-11 00:00:00,,,4.0,,,,,deduplicated_matched,11100 W Riverside Dr,34.154216,-118.326101,"(34.154216, -118.326101)",,,
2358032030,12/13/2016,2016,4,13136 W RIVERSIDE DR,SHERMAN OAKS ,91423.0,2.0,5.0,34.1544076,-118.3258335,"(34.1544076, -118.3258335)",POINT (377780.0650551496 3780070.5942765814),12954 W Riverside Dr,91423.0,4.0,2015,1.0,18,0.0555555555555555,2015,Other/Discretionary,91423,,,,,,1.0,,,deduplicated_matched,12954 W Riverside Dr,34.154216,-118.326101,"(34.154216, -118.326101)",,,
2360004022,1/29/2018,2018,4,13568 W RYE ST,SHERMAN OAKS ,91423.0,6.0,,34.1516608,-118.4287686,"(34.1516608, -118.4287686)",POINT (368286.17838709237 3779894.0864600125),13562 W. Rye St,91423.0,4.0,2020,6.0,69,0.0869565217391304,2020,DB,91423,,,,6.0,,,,,deduplicated_matched,13562 W. Rye St,34.1514818,-118.4289091,"(34.1514818, -118.4289091)",83.0,84.0,Sherman Oaks
2360004022,1/29/2018,2018,4,13568 W RYE ST,SHERMAN OAKS ,91423.0,6.0,,34.1516608,-118.4287686,"(34.1516608, -118.4287686)",POINT (368286.17838709237 3779894.0864600125),13568 W RYE ST 1-6,,,2023,225.0,225,1.0,2023,ED1,,,0.0,,0.0,180.0,45.0,0.0,,ed1,13568 W RYE ST,34.1516608,-118.4287686,"(34.1516608, -118.4287686)",83.0,84.0,Sherman Oaks
2360004023,1/29/2018,2018,4,13572 W RYE ST,SHERMAN OAKS ,91423.0,7.0,,34.1518632,-118.4288746,"(34.1518632, -118.4288746)",POINT (368276.72011318285 3779916.6681683706),13562 W. Rye St,91423.0,4.0,2020,6.0,69,0.0869565217391304,2020,DB,91423,,,,6.0,,,,,deduplicated_matched,13562 W. Rye St,34.1514818,-118.4289091,"(34.1514818, -118.4289091)",83.0,84.0,Sherman Oaks
2360004023,1/29/2018,2018,4,13572 W RYE ST,SHERMAN OAKS ,91423.0,7.0,,34.1518632,-118.4288746,"(34.1518632, -118.4288746)",POINT (368276.72011318285 3779916.6681683706),13568 W RYE ST 1-6,,,2023,225.0,225,1.0,2023,ED1,,,0.0,,0.0,180.0,45.0,0.0,,ed1,13568 W RYE ST,34.1516608,-118.4287686,"(34.1516608, -118.4287686)",83.0,84.0,Sherman Oaks
2360004024,1/29/2018,2018,4,13576 W RYE ST,SHERMAN OAKS ,91423.0,11.0,,34.1520506,-118.4288832,"(34.1520506, -118.4288832)",POINT (368276.2182544414 3779937.460734844),13568 W RYE ST 1-6,,,2023,225.0,225,1.0,2023,ED1,,,0.0,,0.0,180.0,45.0,0.0,,ed1,13568 W RYE ST,34.1516608,-118.4287686,"(34.1516608, -118.4287686)",83.0,84.0,Sherman Oaks
2360004025,1/29/2018,2018,4,13578 W RYE ST,LOS ANGELES ,91423.0,9.0,,34.1518112,-118.4285586,"(34.1518112, -118.4285586)",POINT (368305.77264001913 3779910.4937884435),13562 W. Rye St,91423.0,4.0,2020,6.0,69,0.0869565217391304,2020,DB,91423,,,,6.0,,,,,deduplicated_matched,13562 W. Rye St,34.1514818,-118.4289091,"(34.1514818, -118.4289091)",83.0,84.0,Sherman Oaks
2360004025,1/29/2018,2018,4,13578 W RYE ST,LOS ANGELES ,91423.0,9.0,,34.1518112,-118.4285586,"(34.1518112, -118.4285586)",POINT (368305.77264001913 3779910.4937884435),13568 W RYE ST 1-6,,,2023,225.0,225,1.0,2023,ED1,,,0.0,,0.0,180.0,45.0,0.0,,ed1,13568 W RYE ST,34.1516608,-118.4287686,"(34.1516608, -118.4287686)",83.0,84.0,Sherman Oaks
2360011005,8/20/2008,2008,4,4241 N FULTON AVE,Los Angeles ,91423.0,4.0,30.0,34.1478869,-118.4228676,"(34.1478869, -118.4228676)",POINT (368824.3799887852 3779467.983697666),"13309 W. Woodbridge St., Los Angeles, CA",91423.0,4.0,2012,3.0,30,0.1,2012,DB,91423,2016-08-31 00:00:00,,,3.0,,,,,deduplicated_matched,"13309 W. Woodbridge St., Los Angeles, CA",34.1477477,-118.4228097,"(34.1477477, -118.4228097)",83.0,84.0,Sherman Oaks
2360011006,8/20/2008,2008,4,4235 N FULTON AVE,SHERMAN OAKS ,91423.0,7.0,0.0,34.1477618,-118.4227104,"(34.1477618, -118.4227104)",POINT (368838.6801243616 3779453.9088590425),"13309 W. Woodbridge St., Los Angeles, CA",91423.0,4.0,2012,3.0,30,0.1,2012,DB,91423,2016-08-31 00:00:00,,,3.0,,,,,deduplicated_matched,"13309 W. Woodbridge St., Los Angeles, CA",34.1477477,-118.4228097,"(34.1477477, -118.4228097)",83.0,84.0,Sherman Oaks
2362019013,3/19/2014,2014,2,4600 N COLDWATER CANYON AVE,NORTH HOLLYWOOD ,91604.0,16.0,32.0,34.1730192,-118.4132379,"(34.1730192, -118.4132379)",POINT (369750.8274094801 3782242.654855628),4600 N Coldwater Canyon Ave,91604.0,4.0,2015,3.0,32,0.09375,2015,DB,91604,2018-06-26 00:00:00,,,3.0,,,,,deduplicated_matched,4600 N Coldwater Canyon Ave,34.1730192,-118.4132379,"(34.1730192, -118.4132379)",94.0,95.0,Valley Glen
2364005020,5/25/2010,2010,2,4463 N LAUREL CANYON BLVD,NORTH HOLLYWOOD ,91607.0,22.0,,34.2259821,-118.3978434,"(34.2259821, -118.3978434)",POINT (371250.30203152966 3788096.3606581413),5501 N. Laurel Canyon Blvd,91607.0,2.0,2016,6.0,46,0.1304347826086956,2016,DB,91607,2023-06-09 00:00:00,,,,6.0,,,,deduplicated_matched,5501 N. Laurel Canyon Blvd,34.2259821,-118.3978434,"(34.2259821, -118.3978434)",88.0,89.0,Sun Valley
2364005020,5/25/2010,2010,2,4463 N LAUREL CANYON BLVD,NORTH HOLLYWOOD ,91607.0,22.0,,34.2259821,-118.3978434,"(34.2259821, -118.3978434)",POINT (371250.30203152966 3788096.3606581413),7627 N Laurel Canyon Blvd.,91605.0,2.0,2015,2.0,40,0.05,2015,DB,91605,2013-04-19 00:00:00,,,2.0,,,,,deduplicated_matched,7627 N Laurel Canyon Blvd.,34.2259821,-118.3978434,"(34.2259821, -118.3978434)",88.0,89.0,Sun Valley
2364013018,12/18/2015,2015,2,4446 N LAUREL CANYON BLVD,LOS ANGELES ,91607.0,3.0,,34.22603429999999,-118.3974523,"(34.22603429999999, -118.3974523)",POINT (371286.4067429061 3788101.654962715),5501 N. Laurel Canyon Blvd,91607.0,2.0,2016,6.0,46,0.1304347826086956,2016,DB,91607,2023-06-09 00:00:00,,,,6.0,,,,deduplicated_matched,5501 N. Laurel Canyon Blvd,34.2259821,-118.3978434,"(34.2259821, -118.3978434)",88.0,89.0,Sun Valley
2364013018,12/18/2015,2015,2,4446 N LAUREL CANYON BLVD,LOS ANGELES ,91607.0,3.0,,34.22603429999999,-118.3974523,"(34.22603429999999, -118.3974523)",POINT (371286.4067429061 3788101.654962715),7627 N Laurel Canyon Blvd.,91605.0,2.0,2015,2.0,40,0.05,2015,DB,91605,2013-04-19 00:00:00,,,2.0,,,,,deduplicated_matched,7627 N Laurel Canyon Blvd.,34.2259821,-118.3978434,"(34.2259821, -118.3978434)",88.0,89.0,Sun Valley
2364013019,12/18/2015,2015,2,4452 N LAUREL CANYON BLVD,LOS ANGELES ,91607.0,4.0,,34.22603429999999,-118.3974523,"(34.22603429999999, -118.3974523)",POINT (371286.4067429061 3788101.654962715),5501 N. Laurel Canyon Blvd,91607.0,2.0,2016,6.0,46,0.1304347826086956,2016,DB,91607,2023-06-09 00:00:00,,,,6.0,,,,deduplicated_matched,5501 N. Laurel Canyon Blvd,34.2259821,-118.3978434,"(34.2259821, -118.3978434)",88.0,89.0,Sun Valley
2364013019,12/18/2015,2015,2,4452 N LAUREL CANYON BLVD,LOS ANGELES ,91607.0,4.0,,34.22603429999999,-118.3974523,"(34.22603429999999, -118.3974523)",POINT (371286.4067429061 3788101.654962715),7627 N Laurel Canyon Blvd.,91605.0,2.0,2015,2.0,40,0.05,2015,DB,91605,2013-04-19 00:00:00,,,2.0,,,,,deduplicated_matched,7627 N Laurel Canyon Blvd.,34.2259821,-118.3978434,"(34.2259821, -118.3978434)",88.0,89.0,Sun Valley
2364013020,12/18/2015,2015,2,4456 N LAUREL CANYON BLVD,LOS ANGELES ,91607.0,4.0,,34.22603429999999,-118.3974523,"(34.22603429999999, -118.3974523)",POINT (371286.4067429061 3788101.654962715),5501 N. Laurel Canyon Blvd,91607.0,2.0,2016,6.0,46,0.1304347826086956,2016,DB,91607,2023-06-09 00:00:00,,,,6.0,,,,deduplicated_matched,5501 N. Laurel Canyon Blvd,34.2259821,-118.3978434,"(34.2259821, -118.3978434)",88.0,89.0,Sun Valley
2364013020,12/18/2015,2015,2,4456 N LAUREL CANYON BLVD,LOS ANGELES ,91607.0,4.0,,34.22603429999999,-118.3974523,"(34.22603429999999, -118.3974523)",POINT (371286.4067429061 3788101.654962715),7627 N Laurel Canyon Blvd.,91605.0,2.0,2015,2.0,40,0.05,2015,DB,91605,2013-04-19 00:00:00,,,2.0,,,,,deduplicated_matched,7627 N Laurel Canyon Blvd.,34.2259821,-118.3978434,"(34.2259821, -118.3978434)",88.0,89.0,Sun Valley
2365013013,5/8/2017,2017,2,4535 N TUJUNGA AVE,LOS ANGELES ,91602.0,3.0,,34.2334089,-118.3818787,"(34.2334089, -118.3818787)",POINT (372732.02781870833 3788899.881001621),5755 N. Tujunga Ave.,91601.0,2.0,2020,4.0,34,0.1176470588235294,2020,TOC,91601,2022-09-22 00:00:00,4.0,,,,,,TOC Tier 3,deduplicated_matched,5755 N. Tujunga Ave.,34.2334089,-118.3818787,"(34.2334089, -118.3818787)",88.0,89.0,Sun Valley
2365013013,5/8/2017,2017,2,4535 N TUJUNGA AVE,LOS ANGELES ,91602.0,3.0,,34.2334089,-118.3818787,"(34.2334089, -118.3818787)",POINT (372732.02781870833 3788899.881001621),5553 N. Tujunga Ave.,91601.0,2.0,2019,2.0,30,0.0666666666666666,2019,DB,91601,,,,2.0,,,,,deduplicated_matched,5553 N. Tujunga Ave.,34.2334089,-118.3818787,"(34.2334089, -118.3818787)",88.0,89.0,Sun Valley
2365013013,5/8/2017,2017,2,4535 N TUJUNGA AVE,LOS ANGELES ,91602.0,3.0,,34.2334089,-118.3818787,"(34.2334089, -118.3818787)",POINT (372732.02781870833 3788899.881001621),4824 North Tujunga Avenue,91601.0,2.0,2013,2.0,31,0.064516129032258,2013,DB,91601,2014-09-11 00:00:00,,,2.0,,,,0.1,deduplicated_matched,4824 North Tujunga Avenue,34.2334089,-118.3818787,"(34.2334089, -118.3818787)",88.0,89.0,Sun Valley
2365013013,5/8/2017,2017,2,4535 N TUJUNGA AVE,LOS ANGELES ,91602.0,3.0,,34.2334089,-118.3818787,"(34.2334089, -118.3818787)",POINT (372732.02781870833 3788899.881001621),4639 N TUJUNGA AVE,,,2024,57.0,58,0.9827586206896552,2024,ED1,,,0.0,,0.0,46.0,11.0,0.0,,ed1,4639 N TUJUNGA AVE,34.2334089,-118.3818787,"(34.2334089, -118.3818787)",88.0,89.0,Sun Valley
2365013024,5/8/2017,2017,2,4531 N TUJUNGA AVE,LOS ANGELES ,91602.0,3.0,,34.2334089,-118.3818787,"(34.2334089, -118.3818787)",POINT (372732.02781870833 3788899.881001621),5755 N. Tujunga Ave.,91601.0,2.0,2020,4.0,34,0.1176470588235294,2020,TOC,91601,2022-09-22 00:00:00,4.0,,,,,,TOC Tier 3,deduplicated_matched,5755 N. Tujunga Ave.,34.2334089,-118.3818787,"(34.2334089, -118.3818787)",88.0,89.0,Sun Valley
2365013024,5/8/2017,2017,2,4531 N TUJUNGA AVE,LOS ANGELES ,91602.0,3.0,,34.2334089,-118.3818787,"(34.2334089, -118.3818787)",POINT (372732.02781870833 3788899.881001621),5553 N. Tujunga Ave.,91601.0,2.0,2019,2.0,30,0.0666666666666666,2019,DB,91601,,,,2.0,,,,,deduplicated_matched,5553 N. Tujunga Ave.,34.2334089,-118.3818787,"(34.2334089, -118.3818787)",88.0,89.0,Sun Valley
2365013024,5/8/2017,2017,2,4531 N TUJUNGA AVE,LOS ANGELES ,91602.0,3.0,,34.2334089,-118.3818787,"(34.2334089, -118.3818787)",POINT (372732.02781870833 3788899.881001621),4824 North Tujunga Avenue,91601.0,2.0,2013,2.0,31,0.064516129032258,2013,DB,91601,2014-09-11 00:00:00,,,2.0,,,,0.1,deduplicated_matched,4824 North Tujunga Avenue,34.2334089,-118.3818787,"(34.2334089, -118.3818787)",88.0,89.0,Sun Valley
2365013024,5/8/2017,2017,2,4531 N TUJUNGA AVE,LOS ANGELES ,91602.0,3.0,,34.2334089,-118.3818787,"(34.2334089, -118.3818787)",POINT (372732.02781870833 3788899.881001621),4639 N TUJUNGA AVE,,,2024,57.0,58,0.9827586206896552,2024,ED1,,,0.0,,0.0,46.0,11.0,0.0,,ed1,4639 N TUJUNGA AVE,34.2334089,-118.3818787,"(34.2334089, -118.3818787)",88.0,89.0,Sun Valley
2367004044,1/12/2015,2015,4,4313 N LAUREL CANYON BLVD,LOS ANGELES ,91604.0,4.0,12.0,34.2259821,-118.3978434,"(34.2259821, -118.3978434)",POINT (371250.30203152966 3788096.3606581413),5501 N. Laurel Canyon Blvd,91607.0,2.0,2016,6.0,46,0.1304347826086956,2016,DB,91607,2023-06-09 00:00:00,,,,6.0,,,,deduplicated_matched,5501 N. Laurel Canyon Blvd,34.2259821,-118.3978434,"(34.2259821, -118.3978434)",88.0,89.0,Sun Valley
2367004044,1/12/2015,2015,4,4313 N LAUREL CANYON BLVD,LOS ANGELES ,91604.0,4.0,12.0,34.2259821,-118.3978434,"(34.2259821, -118.3978434)",POINT (371250.30203152966 3788096.3606581413),7627 N Laurel Canyon Blvd.,91605.0,2.0,2015,2.0,40,0.05,2015,DB,91605,2013-04-19 00:00:00,,,2.0,,,,,deduplicated_matched,7627 N Laurel Canyon Blvd.,34.2259821,-118.3978434,"(34.2259821, -118.3978434)",88.0,89.0,Sun Valley
2368006016,6/8/2023,2023,4,11801 W VENTURA BLVD,LOS ANGELES ,91604.0,2.0,,34.1654692,-118.5278398,"(34.1654692, -118.5278398)",POINT (359175.25843650114 3781557.7054470363),15027 W. Ventura Blvd.,91403.0,4.0,2022,4.0,33,0.1212121212121212,2022,DB,91403,,,,4.0,,,,,deduplicated_matched,15027 W. Ventura Blvd.,34.1654692,-118.5278398,"(34.1654692, -118.5278398)",90.0,91.0,Tarzana
2375020153,7/20/2022,2022,4,13043 W VENTURA BLVD,LOS ANGELES ,91604.0,1.0,,34.1654692,-118.5278398,"(34.1654692, -118.5278398)",POINT (359175.25843650114 3781557.7054470363),15027 W. Ventura Blvd.,91403.0,4.0,2022,4.0,33,0.1212121212121212,2022,DB,91403,,,,4.0,,,,,deduplicated_matched,15027 W. Ventura Blvd.,34.1654692,-118.5278398,"(34.1654692, -118.5278398)",90.0,91.0,Tarzana
2378004016,5/21/2021,2021,4,10867 W FRUITLAND DR,LOS ANGELES ,91604.0,5.0,,34.1385967,-118.3677667,"(34.1385967, -118.3677667)",POINT (373890.7494388929 3778368.311211746),10867 W. Fruitland Dr.,91604.0,4.0,2020,3.0,19,0.1578947368421052,2020,TOC,91604,2024-05-10 00:00:00,1.0,,2.0,,,,TOC Tier 3,deduplicated_matched,10867 W. Fruitland Dr.,34.1385967,-118.3677667,"(34.1385967, -118.3677667)",86.0,87.0,Studio City
2409005002,11/12/2014,2014,2,10940 W STRATHERN ST,SUN VALLEY ,91352.0,1.0,,34.2156554,-118.4229551,"(34.2156554, -118.4229551)",POINT (368921.1925008334 3786983.217367995),11039 W STRATHERN ST,,,2023,96.0,97,0.9896907216494846,2023,ED1,,,0.0,,0.0,96.0,0.0,0.0,,ed1,11039 W STRATHERN ST,34.2158449,-118.4234434,"(34.2158449, -118.4234434)",88.0,89.0,Sun Valley
2416006012,3/22/2024,2024,2,5262 N CLEON AVE,LOS ANGELES ,91601.0,3.0,,34.1667062,-118.3683615,"(34.1667062, -118.3683615)",POINT (373877.705736123 3781486.1807695543),5262 N. Cleon Ave.,91601.0,2.0,2022,15.0,15,1.0,2022,TOC,91601,,2.0,,2.0,11.0,,,TOC Tier 4,deduplicated_matched,5262 N. Cleon Ave.,34.1667062,-118.3683615,"(34.1667062, -118.3683615)",66.0,67.0,North Hollywood
2416009015,9/12/2018,2018,2,5261 N HARMONY AVE,LOS ANGELES ,91601.0,2.0,,34.1666578,-118.3668075,"(34.1666578, -118.3668075)",POINT (374020.87658815813 3781478.8930486706),5261 N. Harmony Ave.,91601.0,2.0,2017,2.0,12,0.1666666666666666,2017,DB,91601,2020-04-14 00:00:00,,,1.0,1.0,,,,deduplicated_matched,5261 N. Harmony Ave.,34.1666578,-118.3668075,"(34.1666578, -118.3668075)",66.0,67.0,North Hollywood
2416023019,12/4/2019,2019,2,5341 N DENNY AVE,LOS ANGELES ,91601.0,3.0,,34.1677783,-118.3644535,"(34.1677783, -118.3644535)",POINT (374239.523015036 3781600.243339769),5325 N Denny Ave,91601.0,2.0,2015,1.0,17,0.0588235294117647,2015,Other/Discretionary,91601,2015-08-11 00:00:00,,,,1.0,,,,deduplicated_matched,5325 N Denny Ave,34.1674605,-118.3645938,"(34.1674605, -118.3645938)",66.0,67.0,North Hollywood
2416023019,12/4/2019,2019,2,5341 N DENNY AVE,LOS ANGELES ,91601.0,3.0,,34.1677783,-118.3644535,"(34.1677783, -118.3644535)",POINT (374239.523015036 3781600.243339769),5335 N Denny Ave,91601.0,2.0,2015,1.0,9,0.1111111111111111,2015,Other/Discretionary,91601,2016-07-26 00:00:00,,,,1.0,,,,deduplicated_matched,5335 N Denny Ave,34.1676796,-118.3646049,"(34.1676796, -118.3646049)",66.0,67.0,North Hollywood
2416027008,5/1/2019,2019,2,5314 N CARTWRIGHT AVE,LOS ANGELES ,91601.0,4.0,,34.16725,-118.363011,"(34.16725, -118.363011)",POINT (374371.7034548634 3781539.880997947),5320 N. Cartwright Ave.,91601.0,2.0,2022,4.0,46,0.0869565217391304,2022,DB,91601,,,,4.0,,,,,deduplicated_matched,5320 N. Cartwright Ave.,34.1672869,-118.3629519,"(34.1672869, -118.3629519)",66.0,67.0,North Hollywood
2417004010,10/15/2018,2018,2,5240 N CAHUENGA BLVD,LOS ANGELES ,91601.0,2.0,,34.0961981,-118.3295144,"(34.0961981, -118.3295144)",POINT (377356.6801143091 3773620.0747225964),5120 N. Cahuenga Blvd.,91601.0,2.0,2021,1.0,7,0.1428571428571428,2021,DB,91601,2023-04-21 00:00:00,,,1.0,,,,,deduplicated_matched,5120 N. Cahuenga Blvd.,34.0961981,-118.3295144,"(34.0961981, -118.3295144)",49.0,50.0,Hollywood
2417004010,10/15/2018,2018,2,5240 N CAHUENGA BLVD,LOS ANGELES ,91601.0,2.0,,34.0961981,-118.3295144,"(34.0961981, -118.3295144)",POINT (377356.6801143091 3773620.0747225964),5233 N. Caheunga Blvd.,91601.0,2.0,2019,1.0,9,0.1111111111111111,2019,DB,91601,,,,1.0,,,,,deduplicated_matched,5233 N. Caheunga Blvd.,34.0961981,-118.3295144,"(34.0961981, -118.3295144)",49.0,50.0,Hollywood
2419001025,11/17/2017,2017,2,10919 W HARTSOOK ST,NORTH HOLLYWOOD ,91601.0,2.0,42.0,34.1641895,-118.4751275,"(34.1641895, -118.4751275)",POINT (364032.23495059606 3781344.2676436435),11013 W. Hartsook St.,91601.0,2.0,2022,3.0,25,0.12,2022,TOC,91601,,3.0,,,,,,TOC Tier 3,deduplicated_matched,11013 W. Hartsook St.,34.1642072,-118.4751275,"(34.1642072, -118.4751275)",30.0,31.0,Encino
2419001025,11/17/2017,2017,2,10919 W HARTSOOK ST,NORTH HOLLYWOOD ,91601.0,2.0,42.0,34.1641895,-118.4751275,"(34.1641895, -118.4751275)",POINT (364032.23495059606 3781344.2676436435),11033 W. Hartsook St.,91601.0,2.0,2022,8.0,62,0.1290322580645161,2022,TOC,91601,,7.0,,,1.0,,,TOC Tier 3,deduplicated_matched,11033 W. Hartsook St.,34.1642072,-118.4751275,"(34.1642072, -118.4751275)",30.0,31.0,Encino
2419001025,11/17/2017,2017,2,10919 W HARTSOOK ST,NORTH HOLLYWOOD ,91601.0,2.0,42.0,34.1641895,-118.4751275,"(34.1641895, -118.4751275)",POINT (364032.23495059606 3781344.2676436435),11050 W. Hartsook St.,91601.0,2.0,2017,3.0,48,0.0625,2017,DB,91601,,,,3.0,,,,,deduplicated_matched,11050 W. Hartsook St.,34.1639602,-118.4750835,"(34.1639602, -118.4750835)",30.0,31.0,Encino
2419001025,11/17/2017,2017,2,10919 W HARTSOOK ST,NORTH HOLLYWOOD ,91601.0,2.0,42.0,34.1641895,-118.4751275,"(34.1641895, -118.4751275)",POINT (364032.23495059606 3781344.2676436435),11110 W. Hartsook,91601.0,2.0,2016,7.0,61,0.1147540983606557,2016,DB,91601,2021-03-22 00:00:00,,,7.0,,,,,deduplicated_matched,11110 W. Hartsook,34.1639602,-118.4750835,"(34.1639602, -118.4750835)",30.0,31.0,Encino
2419008026,7/15/2021,2021,2,10827 W HARTSOOK ST,LOS ANGELES ,91601.0,3.0,,34.1641895,-118.4751275,"(34.1641895, -118.4751275)",POINT (364032.23495059606 3781344.2676436435),11013 W. Hartsook St.,91601.0,2.0,2022,3.0,25,0.12,2022,TOC,91601,,3.0,,,,,,TOC Tier 3,deduplicated_matched,11013 W. Hartsook St.,34.1642072,-118.4751275,"(34.1642072, -118.4751275)",30.0,31.0,Encino
2419008026,7/15/2021,2021,2,10827 W HARTSOOK ST,LOS ANGELES ,91601.0,3.0,,34.1641895,-118.4751275,"(34.1641895, -118.4751275)",POINT (364032.23495059606 3781344.2676436435),11033 W. Hartsook St.,91601.0,2.0,2022,8.0,62,0.1290322580645161,2022,TOC,91601,,7.0,,,1.0,,,TOC Tier 3,deduplicated_matched,11033 W. Hartsook St.,34.1642072,-118.4751275,"(34.1642072, -118.4751275)",30.0,31.0,Encino
2419008026,7/15/2021,2021,2,10827 W HARTSOOK ST,LOS ANGELES ,91601.0,3.0,,34.1641895,-118.4751275,"(34.1641895, -118.4751275)",POINT (364032.23495059606 3781344.2676436435),11050 W. Hartsook St.,91601.0,2.0,2017,3.0,48,0.0625,2017,DB,91601,,,,3.0,,,,,deduplicated_matched,11050 W. Hartsook St.,34.1639602,-118.4750835,"(34.1639602, -118.4750835)",30.0,31.0,Encino
2419008026,7/15/2021,2021,2,10827 W HARTSOOK ST,LOS ANGELES ,91601.0,3.0,,34.1641895,-118.4751275,"(34.1641895, -118.4751275)",POINT (364032.23495059606 3781344.2676436435),11110 W. Hartsook,91601.0,2.0,2016,7.0,61,0.1147540983606557,2016,DB,91601,2021-03-22 00:00:00,,,7.0,,,,,deduplicated_matched,11110 W. Hartsook,34.1639602,-118.4750835,"(34.1639602, -118.4750835)",30.0,31.0,Encino
2419008027,7/15/2021,2021,2,10823 W HARTSOOK ST,LOS ANGELES ,91601.0,3.0,,34.1641895,-118.4751275,"(34.1641895, -118.4751275)",POINT (364032.23495059606 3781344.2676436435),11013 W. Hartsook St.,91601.0,2.0,2022,3.0,25,0.12,2022,TOC,91601,,3.0,,,,,,TOC Tier 3,deduplicated_matched,11013 W. Hartsook St.,34.1642072,-118.4751275,"(34.1642072, -118.4751275)",30.0,31.0,Encino
2419008027,7/15/2021,2021,2,10823 W HARTSOOK ST,LOS ANGELES ,91601.0,3.0,,34.1641895,-118.4751275,"(34.1641895, -118.4751275)",POINT (364032.23495059606 3781344.2676436435),11033 W. Hartsook St.,91601.0,2.0,2022,8.0,62,0.1290322580645161,2022,TOC,91601,,7.0,,,1.0,,,TOC Tier 3,deduplicated_matched,11033 W. Hartsook St.,34.1642072,-118.4751275,"(34.1642072, -118.4751275)",30.0,31.0,Encino
2419008027,7/15/2021,2021,2,10823 W HARTSOOK ST,LOS ANGELES ,91601.0,3.0,,34.1641895,-118.4751275,"(34.1641895, -118.4751275)",POINT (364032.23495059606 3781344.2676436435),11050 W. Hartsook St.,91601.0,2.0,2017,3.0,48,0.0625,2017,DB,91601,,,,3.0,,,,,deduplicated_matched,11050 W. Hartsook St.,34.1639602,-118.4750835,"(34.1639602, -118.4750835)",30.0,31.0,Encino
2419008027,7/15/2021,2021,2,10823 W HARTSOOK ST,LOS ANGELES ,91601.0,3.0,,34.1641895,-118.4751275,"(34.1641895, -118.4751275)",POINT (364032.23495059606 3781344.2676436435),11110 W. Hartsook,91601.0,2.0,2016,7.0,61,0.1147540983606557,2016,DB,91601,2021-03-22 00:00:00,,,7.0,,,,,deduplicated_matched,11110 W. Hartsook,34.1639602,-118.4750835,"(34.1639602, -118.4750835)",30.0,31.0,Encino
2419017010,6/23/2017,2017,2,5132 N CAHUENGA BLVD,LOS ANGELES ,91601.0,2.0,4.0,34.0961981,-118.3295144,"(34.0961981, -118.3295144)",POINT (377356.6801143091 3773620.0747225964),5120 N. Cahuenga Blvd.,91601.0,2.0,2021,1.0,7,0.1428571428571428,2021,DB,91601,2023-04-21 00:00:00,,,1.0,,,,,deduplicated_matched,5120 N. Cahuenga Blvd.,34.0961981,-118.3295144,"(34.0961981, -118.3295144)",49.0,50.0,Hollywood
2419017010,6/23/2017,2017,2,5132 N CAHUENGA BLVD,LOS ANGELES ,91601.0,2.0,4.0,34.0961981,-118.3295144,"(34.0961981, -118.3295144)",POINT (377356.6801143091 3773620.0747225964),5233 N. Caheunga Blvd.,91601.0,2.0,2019,1.0,9,0.1111111111111111,2019,DB,91601,,,,1.0,,,,,deduplicated_matched,5233 N. Caheunga Blvd.,34.0961981,-118.3295144,"(34.0961981, -118.3295144)",49.0,50.0,Hollywood
2419018012,12/13/2016,2016,4,5002 N CAHUENGA BLVD,LOS ANGELES ,91601.0,2.0,,34.0961981,-118.3295144,"(34.0961981, -118.3295144)",POINT (377356.6801143091 3773620.0747225964),5120 N. Cahuenga Blvd.,91601.0,2.0,2021,1.0,7,0.1428571428571428,2021,DB,91601,2023-04-21 00:00:00,,,1.0,,,,,deduplicated_matched,5120 N. Cahuenga Blvd.,34.0961981,-118.3295144,"(34.0961981, -118.3295144)",49.0,50.0,Hollywood
2419018012,12/13/2016,2016,4,5002 N CAHUENGA BLVD,LOS ANGELES ,91601.0,2.0,,34.0961981,-118.3295144,"(34.0961981, -118.3295144)",POINT (377356.6801143091 3773620.0747225964),5233 N. Caheunga Blvd.,91601.0,2.0,2019,1.0,9,0.1111111111111111,2019,DB,91601,,,,1.0,,,,,deduplicated_matched,5233 N. Caheunga Blvd.,34.0961981,-118.3295144,"(34.0961981, -118.3295144)",49.0,50.0,Hollywood
2421015004,10/2/2019,2019,2,10920 W CAMARILLO ST,LOS ANGELES ,91602.0,2.0,,34.1573867,-118.3687805,"(34.1573867, -118.3687805)",POINT (373825.21712675644 3780453.234160449),10918 W. Camarillo St.,91602.0,2.0,2020,3.0,15,0.2,2020,TOC,91602,,1.0,,2.0,,,,TOC Tier 1,deduplicated_matched,10918 W. Camarillo St.,34.1573691,-118.3686114,"(34.1573691, -118.3686114)",91.0,92.0,Toluca Lake
2421015009,1/17/2024,2024,2,10860 W CAMARILLO ST,NORTH HOLLYWOOD ,91602.0,4.0,,34.1574716,-118.3679539,"(34.1574716, -118.3679539)",POINT (373901.5451022386 3780461.6269395472),10860 W CAMARILLO ST,,,2024,0.0,34,0.0,2024,ED1,,,0.0,,0.0,0.0,0.0,0.0,,ed1,10860 W CAMARILLO ST,34.1574716,-118.3679539,"(34.1574716, -118.3679539)",91.0,92.0,Toluca Lake
2421022001,10/6/2016,2016,2,10800 W BLIX ST,LOS ANGELES ,91602.0,4.0,,34.1564244,-118.3659862,"(34.1564244, -118.3659862)",POINT (374081.38642414287 3780343.069837486),10806 W. Blix St.,91602.0,2.0,2021,2.0,21,0.0952380952380952,2021,TOC,91602,,2.0,,,,,,TOC Tier 1,deduplicated_matched,10806 W. Blix St.,34.1564374,-118.3661838,"(34.1564374, -118.3661838)",91.0,92.0,Toluca Lake
2421022002,3/10/2020,2020,2,10806 W BLIX ST,LOS ANGELES ,91602.0,1.0,,34.1564374,-118.3661838,"(34.1564374, -118.3661838)",POINT (374063.18938307156 3780344.7553422432),10806 W. Blix St.,91602.0,2.0,2021,2.0,21,0.0952380952380952,2021,TOC,91602,,2.0,,,,,,TOC Tier 1,deduplicated_matched,10806 W. Blix St.,34.1564374,-118.3661838,"(34.1564374, -118.3661838)",91.0,92.0,Toluca Lake
2421022004,4/27/2022,2022,2,10824 W BLIX ST,NORTH HOLLYWOOD ,91602.0,6.0,,34.1563801,-118.3667701,"(34.1563801, -118.3667701)",POINT (374009.05445787555 3780339.125084351),10824 W. Blix St.,91602.0,2.0,2021,3.0,23,0.1304347826086956,2021,DB,91602,,,,3.0,,,,,deduplicated_matched,10824 W. Blix St.,34.1563801,-118.3667701,"(34.1563801, -118.3667701)",91.0,92.0,Toluca Lake
2421024012,12/10/2019,2019,2,10815 W HORTENSE ST,LOS ANGELES ,91602.0,2.0,4.0,34.1548441,-118.3921863,"(34.1548441, -118.3921863)",POINT (371663.6561344375 3780200.472784514),10737 W. Hortense St.,91602.0,2.0,2019,1.0,9,0.1111111111111111,2019,TOC,91602,2021-05-04 00:00:00,1.0,,,,,,TOC Tier 1,deduplicated_matched,10737 W. Hortense St.,34.1548441,-118.3921863,"(34.1548441, -118.3921863)",95.0,96.0,Valley Village
2421030001,4/3/2018,2018,2,10806 W HORTENSE ST,LOS ANGELES ,91602.0,2.0,,34.1548441,-118.3921863,"(34.1548441, -118.3921863)",POINT (371663.6561344375 3780200.472784514),10737 W. Hortense St.,91602.0,2.0,2019,1.0,9,0.1111111111111111,2019,TOC,91602,2021-05-04 00:00:00,1.0,,,,,,TOC Tier 1,deduplicated_matched,10737 W. Hortense St.,34.1548441,-118.3921863,"(34.1548441, -118.3921863)",95.0,96.0,Valley Village
2421030015,6/7/2022,2022,2,10742 W HORTENSE ST,NORTH HOLLYWOOD ,91602.0,2.0,,34.1548441,-118.3921863,"(34.1548441, -118.3921863)",POINT (371663.6561344375 3780200.472784514),10737 W. Hortense St.,91602.0,2.0,2019,1.0,9,0.1111111111111111,2019,TOC,91602,2021-05-04 00:00:00,1.0,,,,,,TOC Tier 1,deduplicated_matched,10737 W. Hortense St.,34.1548441,-118.3921863,"(34.1548441, -118.3921863)",95.0,96.0,Valley Village
2421030019,4/3/2018,2018,2,10810 W HORTENSE ST,LOS ANGELES ,91602.0,2.0,,34.1548441,-118.3921863,"(34.1548441, -118.3921863)",POINT (371663.6561344375 3780200.472784514),10737 W. Hortense St.,91602.0,2.0,2019,1.0,9,0.1111111111111111,2019,TOC,91602,2021-05-04 00:00:00,1.0,,,,,,TOC Tier 1,deduplicated_matched,10737 W. Hortense St.,34.1548441,-118.3921863,"(34.1548441, -118.3921863)",95.0,96.0,Valley Village
2423004012,4/28/2020,2020,2,10657 W MOORPARK ST,NORTH HOLLYWOOD ,91602.0,2.0,,34.1506101,-118.363521,"(34.1506101, -118.363521)",POINT (374300.0322238644 3779695.2677339795),10657 W. Moorpark St.,91602.0,2.0,2020,2.0,15,0.1333333333333333,2020,DB,91602,,,,1.0,1.0,,,,deduplicated_matched,10657 W. Moorpark St.,34.1506101,-118.363521,"(34.1506101, -118.363521)",91.0,92.0,Toluca Lake
2423018020,11/23/2016,2016,2,10613 W WHIPPLE ST,NORTH HOLLYWOOD ,91602.0,4.0,,34.1480807,-118.3702229,"(34.1480807, -118.3702229)",POINT (373678.3889363679 3779423.052514682),10652 W. Whipple St.,91602.0,2.0,2020,2.0,14,0.1428571428571428,2020,TOC,91602,,1.0,,1.0,,,,TOC Tier 1,deduplicated_matched,10652 W. Whipple St.,34.1480807,-118.3702229,"(34.1480807, -118.3702229)",86.0,87.0,Studio City
2423018021,11/23/2016,2016,2,10621 W WHIPPLE ST,NORTH HOLLYWOOD ,91602.0,4.0,,34.1480807,-118.3702229,"(34.1480807, -118.3702229)",POINT (373678.3889363679 3779423.052514682),10652 W. Whipple St.,91602.0,2.0,2020,2.0,14,0.1428571428571428,2020,TOC,91602,,1.0,,1.0,,,,TOC Tier 1,deduplicated_matched,10652 W. Whipple St.,34.1480807,-118.3702229,"(34.1480807, -118.3702229)",86.0,87.0,Studio City
2423018022,4/15/2024,2024,2,10625 W WHIPPLE ST,LOS ANGELES ,91602.0,6.0,,34.1480807,-118.3702229,"(34.1480807, -118.3702229)",POINT (373678.3889363679 3779423.052514682),10652 W. Whipple St.,91602.0,2.0,2020,2.0,14,0.1428571428571428,2020,TOC,91602,,1.0,,1.0,,,,TOC Tier 1,deduplicated_matched,10652 W. Whipple St.,34.1480807,-118.3702229,"(34.1480807, -118.3702229)",86.0,87.0,Studio City
2423019009,9/2/2014,2014,2,10842 W BLOOMFIELD ST,Los Angeles ,91602.0,5.0,0.0,34.1489794,-118.366734,"(34.1489794, -118.366734)",POINT (374001.3900557199 3779518.398115343),10850 W Bloomfield St,91602.0,2.0,2015,2.0,28,0.0714285714285714,2015,DB,91602,2017-08-15 00:00:00,,,2.0,,,,,deduplicated_matched,10850 W Bloomfield St,34.1488433,-118.3667311,"(34.1488433, -118.3667311)",86.0,87.0,Studio City
2423019010,9/2/2014,2014,2,10850 W BLOOMFIELD ST,Los Angeles ,91602.0,6.0,28.0,34.1488433,-118.3667311,"(34.1488433, -118.3667311)",POINT (374001.4552927751 3779503.3020691588),10850 W Bloomfield St,91602.0,2.0,2015,2.0,28,0.0714285714285714,2015,DB,91602,2017-08-15 00:00:00,,,2.0,,,,,deduplicated_matched,10850 W Bloomfield St,34.1488433,-118.3667311,"(34.1488433, -118.3667311)",86.0,87.0,Studio City
2423020010,6/18/2013,2013,4,10934 W BLOOMFIELD ST,NORTH HOLLYWOOD ,91602.0,4.0,49.0,34.14897,-118.369239,"(34.14897, -118.369239)",POINT (373770.42483848095 3779520.451675588),10950 West Bloomfield Street,91602.0,2.0,2014,3.0,49,0.0612244897959183,2014,DB,91602,2015-12-24 00:00:00,,,3.0,,,,,deduplicated_matched,10950 West Bloomfield Street,34.1487715,-118.3692442,"(34.1487715, -118.3692442)",86.0,87.0,Studio City
2423020011,6/18/2013,2013,2,10938 W BLOOMFIELD ST,NORTH HOLLYWOOD ,91602.0,4.0,0.0,34.1491606,-118.3693217,"(34.1491606, -118.3693217)",POINT (373763.0838299503 3779541.6900959336),10950 West Bloomfield Street,91602.0,2.0,2014,3.0,49,0.0612244897959183,2014,DB,91602,2015-12-24 00:00:00,,,3.0,,,,,deduplicated_matched,10950 West Bloomfield Street,34.1487715,-118.3692442,"(34.1487715, -118.3692442)",86.0,87.0,Studio City
2423020012,6/18/2013,2013,4,10950 W BLOOMFIELD ST,NORTH HOLLYWOOD ,91602.0,7.0,0.0,34.1487715,-118.3692442,"(34.1487715, -118.3692442)",POINT (373769.6500703504 3779498.44594421),10950 West Bloomfield Street,91602.0,2.0,2014,3.0,49,0.0612244897959183,2014,DB,91602,2015-12-24 00:00:00,,,3.0,,,,,deduplicated_matched,10950 West Bloomfield Street,34.1487715,-118.3692442,"(34.1487715, -118.3692442)",86.0,87.0,Studio City
2423023022,10/2/2019,2019,2,10658 W WHIPPLE ST,NORTH HOLLYWOOD ,91602.0,3.0,,34.1480807,-118.3702229,"(34.1480807, -118.3702229)",POINT (373678.3889363679 3779423.052514682),10652 W. Whipple St.,91602.0,2.0,2020,2.0,14,0.1428571428571428,2020,TOC,91602,,1.0,,1.0,,,,TOC Tier 1,deduplicated_matched,10652 W. Whipple St.,34.1480807,-118.3702229,"(34.1480807, -118.3702229)",86.0,87.0,Studio City
2423023023,6/11/2018,2018,2,10652 W WHIPPLE ST,NORTH HOLLYWOOD ,91602.0,3.0,,34.1480807,-118.3702229,"(34.1480807, -118.3702229)",POINT (373678.3889363679 3779423.052514682),10652 W. Whipple St.,91602.0,2.0,2020,2.0,14,0.1428571428571428,2020,TOC,91602,,1.0,,1.0,,,,TOC Tier 1,deduplicated_matched,10652 W. Whipple St.,34.1480807,-118.3702229,"(34.1480807, -118.3702229)",86.0,87.0,Studio City
2425003025,8/16/2017,2017,4,3649 N REGAL PL,LOS ANGELES ,90068.0,5.0,,34.1342348,-118.3620943,"(34.1342348, -118.3620943)",POINT (374407.332295732 3777877.6167372204),3651 N. Regal Pl.,90068.0,4.0,2020,4.0,28,0.1428571428571428,2020,TOC,90068,2024-03-21 00:00:00,2.0,,2.0,,,,TOC Tier 3,deduplicated_matched,3651 N. Regal Pl.,34.1340999,-118.36192,"(34.1340999, -118.36192)",86.0,87.0,Studio City
2506035010,8/24/2017,2017,7,12534 N SAN FERNANDO RD,SYLMAR ,91342.0,2.0,,34.0987414,-118.2342549,"(34.0987414, -118.2342549)",POINT (386147.99008008384 3773791.863214965),12665 N. San Fernando Rd.,91342.0,7.0,2020,55.0,56,0.9821428571428572,2020,DB,91342,2023-07-14 00:00:00,,,,55.0,,,Site Plan Review,deduplicated_matched,12665 N. San Fernando Rd.,34.0987414,-118.2342549,"(34.0987414, -118.2342549)",34.0,35.0,Glassell Park
2506035010,8/24/2017,2017,7,12534 N SAN FERNANDO RD,SYLMAR ,91342.0,2.0,,34.0987414,-118.2342549,"(34.0987414, -118.2342549)",POINT (386147.99008008384 3773791.863214965),12188 N SAN FERNANDO ROAD,,,2023,120.0,121,0.9917355371900828,2023,ED1,,,0.0,,0.0,95.0,25.0,0.0,,ed1,12188 N SAN FERNANDO ROAD,34.0987414,-118.2342549,"(34.0987414, -118.2342549)",34.0,35.0,Glassell Park
2565013040,11/28/2018,2018,7,10150 N HILLHAVEN AVE,LOS ANGELES ,91042.0,4.0,34.0,34.2537701,-118.2895287,"(34.2537701, -118.2895287)",POINT (381266.4097379566 3791046.2198493476),10140 N. Hillhaven Ave.,91042.0,7.0,2019,8.0,34,0.2352941176470588,2019,DB,91042,2022-11-22 00:00:00,,,4.0,4.0,,,,deduplicated_matched,10140 N. Hillhaven Ave.,34.253572,-118.2895383,"(34.253572, -118.2895383)",92.0,93.0,Tujunga
2565013041,11/28/2018,2018,7,10140 N HILLHAVEN AVE,LOS ANGELES ,91042.0,4.0,0.0,34.253572,-118.2895383,"(34.253572, -118.2895383)",POINT (381265.24742278765 3791024.2631499106),10140 N. Hillhaven Ave.,91042.0,7.0,2019,8.0,34,0.2352941176470588,2019,DB,91042,2022-11-22 00:00:00,,,4.0,4.0,,,,deduplicated_matched,10140 N. Hillhaven Ave.,34.253572,-118.2895383,"(34.253572, -118.2895383)",92.0,93.0,Tujunga
2620001009,2/19/2021,2021,7,10651 N SAN FERNANDO ROAD,LOS ANGELES ,91331.0,1.0,,34.0987414,-118.2342549,"(34.0987414, -118.2342549)",POINT (386147.99008008384 3773791.863214965),12665 N. San Fernando Rd.,91342.0,7.0,2020,55.0,56,0.9821428571428572,2020,DB,91342,2023-07-14 00:00:00,,,,55.0,,,Site Plan Review,deduplicated_matched,12665 N. San Fernando Rd.,34.0987414,-118.2342549,"(34.0987414, -118.2342549)",34.0,35.0,Glassell Park
2620001009,2/19/2021,2021,7,10651 N SAN FERNANDO ROAD,LOS ANGELES ,91331.0,1.0,,34.0987414,-118.2342549,"(34.0987414, -118.2342549)",POINT (386147.99008008384 3773791.863214965),12188 N SAN FERNANDO ROAD,,,2023,120.0,121,0.9917355371900828,2023,ED1,,,0.0,,0.0,95.0,25.0,0.0,,ed1,12188 N SAN FERNANDO ROAD,34.0987414,-118.2342549,"(34.0987414, -118.2342549)",34.0,35.0,Glassell Park
2638026001,7/26/2016,2016,6,14331 W ROSCOE BLVD,VAN NUYS ,91402.0,2.0,49.0,34.221406,-118.5039094,"(34.221406, -118.5039094)",POINT (361472.6971497537 3787728.0732350126),14915 W Roscoe Blvd,91402.0,6.0,2015,1.0,22,0.0454545454545454,2015,DB,91402,2016-11-22 00:00:00,,,1.0,,,,,deduplicated_matched,14915 W Roscoe Blvd,34.2215698,-118.5040624,"(34.2215698, -118.5040624)",67.0,68.0,Northridge
2638026001,7/26/2016,2016,6,14331 W ROSCOE BLVD,VAN NUYS ,91402.0,2.0,49.0,34.221406,-118.5039094,"(34.221406, -118.5039094)",POINT (361472.6971497537 3787728.0732350126),15157 W Roscoe Blvd,91402.0,6.0,2015,2.0,39,0.0512820512820512,2015,DB,91402,2018-06-08 00:00:00,,,2.0,,,,,deduplicated_matched,15157 W Roscoe Blvd,34.2215698,-118.5040624,"(34.2215698, -118.5040624)",67.0,68.0,Northridge
2638026002,7/26/2016,2016,6,14325 W ROSCOE BLVD,VAN NUYS ,91402.0,3.0,0.0,34.221406,-118.5039094,"(34.221406, -118.5039094)",POINT (361472.6971497537 3787728.0732350126),14915 W Roscoe Blvd,91402.0,6.0,2015,1.0,22,0.0454545454545454,2015,DB,91402,2016-11-22 00:00:00,,,1.0,,,,,deduplicated_matched,14915 W Roscoe Blvd,34.2215698,-118.5040624,"(34.2215698, -118.5040624)",67.0,68.0,Northridge
2638026002,7/26/2016,2016,6,14325 W ROSCOE BLVD,VAN NUYS ,91402.0,3.0,0.0,34.221406,-118.5039094,"(34.221406, -118.5039094)",POINT (361472.6971497537 3787728.0732350126),15157 W Roscoe Blvd,91402.0,6.0,2015,2.0,39,0.0512820512820512,2015,DB,91402,2018-06-08 00:00:00,,,2.0,,,,,deduplicated_matched,15157 W Roscoe Blvd,34.2215698,-118.5040624,"(34.2215698, -118.5040624)",67.0,68.0,Northridge
2638026003,7/26/2016,2016,6,14319 W ROSCOE BLVD,VAN NUYS ,91402.0,2.0,0.0,34.221406,-118.5039094,"(34.221406, -118.5039094)",POINT (361472.6971497537 3787728.0732350126),14915 W Roscoe Blvd,91402.0,6.0,2015,1.0,22,0.0454545454545454,2015,DB,91402,2016-11-22 00:00:00,,,1.0,,,,,deduplicated_matched,14915 W Roscoe Blvd,34.2215698,-118.5040624,"(34.2215698, -118.5040624)",67.0,68.0,Northridge
2638026003,7/26/2016,2016,6,14319 W ROSCOE BLVD,VAN NUYS ,91402.0,2.0,0.0,34.221406,-118.5039094,"(34.221406, -118.5039094)",POINT (361472.6971497537 3787728.0732350126),15157 W Roscoe Blvd,91402.0,6.0,2015,2.0,39,0.0512820512820512,2015,DB,91402,2018-06-08 00:00:00,,,2.0,,,,,deduplicated_matched,15157 W Roscoe Blvd,34.2215698,-118.5040624,"(34.2215698, -118.5040624)",67.0,68.0,Northridge
2638026004,7/26/2016,2016,6,14313 W ROSCOE BLVD,VAN NUYS ,91402.0,2.0,0.0,34.221406,-118.5039094,"(34.221406, -118.5039094)",POINT (361472.6971497537 3787728.0732350126),14915 W Roscoe Blvd,91402.0,6.0,2015,1.0,22,0.0454545454545454,2015,DB,91402,2016-11-22 00:00:00,,,1.0,,,,,deduplicated_matched,14915 W Roscoe Blvd,34.2215698,-118.5040624,"(34.2215698, -118.5040624)",67.0,68.0,Northridge
2638026004,7/26/2016,2016,6,14313 W ROSCOE BLVD,VAN NUYS ,91402.0,2.0,0.0,34.221406,-118.5039094,"(34.221406, -118.5039094)",POINT (361472.6971497537 3787728.0732350126),15157 W Roscoe Blvd,91402.0,6.0,2015,2.0,39,0.0512820512820512,2015,DB,91402,2018-06-08 00:00:00,,,2.0,,,,,deduplicated_matched,15157 W Roscoe Blvd,34.2215698,-118.5040624,"(34.2215698, -118.5040624)",67.0,68.0,Northridge
2654025044,1/24/2018,2018,6,8444 N COLUMBUS AVE,LOS ANGELES ,91343.0,2.0,,34.2391467,-118.4647482,"(34.2391467, -118.4647482)",POINT (365108.4860139007 3789642.867247332),8444 N. Columbus Ave.,91343.0,6.0,2019,2.0,25,0.08,2019,TOC,91343,4/14/2022* (05/31/22 Corr.),2.0,,,,,,TOC Tier 1,deduplicated_matched,8444 N. Columbus Ave.,34.2391467,-118.4647482,"(34.2391467, -118.4647482)",65.0,66.0,North Hills
2654027008,10/20/2016,2016,6,8405 N SEPULVEDA BLVD,SEPULVEDA ,91343.0,42.0,,34.2066451,-118.4659667,"(34.2066451, -118.4659667)",POINT (364944.3862888783 3786040.2015280863),8547 N. Sepulveda Blvd.,91343.0,5.0,2022,53.0,54,0.9814814814814816,2022,Other/Discretionary,91343,2024-08-20 00:00:00,3.0,,50.0,,,,Vesting Zone Change,deduplicated_matched,8547 N. Sepulveda Blvd.,34.2066451,-118.4659667,"(34.2066451, -118.4659667)",96.0,97.0,Van Nuys
2654027008,10/20/2016,2016,6,8405 N SEPULVEDA BLVD,SEPULVEDA ,91343.0,42.0,,34.2066451,-118.4659667,"(34.2066451, -118.4659667)",POINT (364944.3862888783 3786040.2015280863),8218 N. Sepulveda Pl.,91402.0,6.0,2021,3.0,26,0.1153846153846153,2021,DB,91402,,,,3.0,,,,,deduplicated_matched,8218 N. Sepulveda Pl.,34.206636,-118.4659667,"(34.206636, -118.4659667)",96.0,97.0,Van Nuys
2654027008,10/20/2016,2016,6,8405 N SEPULVEDA BLVD,SEPULVEDA ,91343.0,42.0,,34.2066451,-118.4659667,"(34.2066451, -118.4659667)",POINT (364944.3862888783 3786040.2015280863),8811 N. Sepulveda Blvd.,91343.0,6.0,2020,352.0,356,0.9887640449438202,2020,Other/Discretionary,91343,2024-03-05 00:00:00,,,40.0,,312.0,,Vesting Zone Change,deduplicated_matched,8811 N. Sepulveda Blvd.,34.2066451,-118.4659667,"(34.2066451, -118.4659667)",96.0,97.0,Van Nuys
2654027008,10/20/2016,2016,6,8405 N SEPULVEDA BLVD,SEPULVEDA ,91343.0,42.0,,34.2066451,-118.4659667,"(34.2066451, -118.4659667)",POINT (364944.3862888783 3786040.2015280863),8163 N SEPULVEDA BLVD,,,2023,90.0,91,0.989010989010989,2023,ED1,,,0.0,,0.0,90.0,0.0,0.0,,ed1,8163 N SEPULVEDA BLVD,34.2066451,-118.4659667,"(34.2066451, -118.4659667)",96.0,97.0,Van Nuys
2654027008,10/20/2016,2016,6,8405 N SEPULVEDA BLVD,SEPULVEDA ,91343.0,42.0,,34.2066451,-118.4659667,"(34.2066451, -118.4659667)",POINT (364944.3862888783 3786040.2015280863),8615 N SEPULVEDA BLVD,,,2024,244.0,245,0.9959183673469388,2024,ED1,,,0.0,,0.0,195.0,49.0,0.0,,ed1,8615 N SEPULVEDA BLVD,34.2066451,-118.4659667,"(34.2066451, -118.4659667)",96.0,97.0,Van Nuys
2656018032,12/24/2009,2009,7,9339 N SEPULVEDA BLVD,SEPULVEDA ,91343.0,12.0,38.0,34.2066451,-118.4659667,"(34.2066451, -118.4659667)",POINT (364944.3862888783 3786040.2015280863),8547 N. Sepulveda Blvd.,91343.0,5.0,2022,53.0,54,0.9814814814814816,2022,Other/Discretionary,91343,2024-08-20 00:00:00,3.0,,50.0,,,,Vesting Zone Change,deduplicated_matched,8547 N. Sepulveda Blvd.,34.2066451,-118.4659667,"(34.2066451, -118.4659667)",96.0,97.0,Van Nuys
2656018032,12/24/2009,2009,7,9339 N SEPULVEDA BLVD,SEPULVEDA ,91343.0,12.0,38.0,34.2066451,-118.4659667,"(34.2066451, -118.4659667)",POINT (364944.3862888783 3786040.2015280863),8218 N. Sepulveda Pl.,91402.0,6.0,2021,3.0,26,0.1153846153846153,2021,DB,91402,,,,3.0,,,,,deduplicated_matched,8218 N. Sepulveda Pl.,34.206636,-118.4659667,"(34.206636, -118.4659667)",96.0,97.0,Van Nuys
2656018032,12/24/2009,2009,7,9339 N SEPULVEDA BLVD,SEPULVEDA ,91343.0,12.0,38.0,34.2066451,-118.4659667,"(34.2066451, -118.4659667)",POINT (364944.3862888783 3786040.2015280863),8811 N. Sepulveda Blvd.,91343.0,6.0,2020,352.0,356,0.9887640449438202,2020,Other/Discretionary,91343,2024-03-05 00:00:00,,,40.0,,312.0,,Vesting Zone Change,deduplicated_matched,8811 N. Sepulveda Blvd.,34.2066451,-118.4659667,"(34.2066451, -118.4659667)",96.0,97.0,Van Nuys
2656018032,12/24/2009,2009,7,9339 N SEPULVEDA BLVD,SEPULVEDA ,91343.0,12.0,38.0,34.2066451,-118.4659667,"(34.2066451, -118.4659667)",POINT (364944.3862888783 3786040.2015280863),8163 N SEPULVEDA BLVD,,,2023,90.0,91,0.989010989010989,2023,ED1,,,0.0,,0.0,90.0,0.0,0.0,,ed1,8163 N SEPULVEDA BLVD,34.2066451,-118.4659667,"(34.2066451, -118.4659667)",96.0,97.0,Van Nuys
2656018032,12/24/2009,2009,7,9339 N SEPULVEDA BLVD,SEPULVEDA ,91343.0,12.0,38.0,34.2066451,-118.4659667,"(34.2066451, -118.4659667)",POINT (364944.3862888783 3786040.2015280863),8615 N SEPULVEDA BLVD,,,2024,244.0,245,0.9959183673469388,2024,ED1,,,0.0,,0.0,195.0,49.0,0.0,,ed1,8615 N SEPULVEDA BLVD,34.2066451,-118.4659667,"(34.2066451, -118.4659667)",96.0,97.0,Van Nuys
4004007002,6/17/2019,2019,8,5869 S WEST BLVD,LOS ANGELES ,90043.0,2.0,,33.9333647,-118.2885497,"(33.9333647, -118.2885497)",POINT (380908.5794138078 3755515.254484593),5869 S. West Blvd.,90043.0,8.0,2021,31.0,31,1.0,2021,TOC,90043,,8.0,,,23.0,,,TOC Tier 3,deduplicated_matched,5869 S. West Blvd.,33.9333647,-118.2885497,"(33.9333647, -118.2885497)",101.0,102.0,Vermont Vista
4004007002,6/17/2019,2019,8,5869 S WEST BLVD,LOS ANGELES ,90043.0,2.0,,33.9333647,-118.2885497,"(33.9333647, -118.2885497)",POINT (380908.5794138078 3755515.254484593),6576 S. West Blvd.,90043.0,8.0,2021,63.0,64,0.984375,2021,Other/Discretionary,90043,,,,15.0,48.0,,,"142.5% Density Bonus, no residential parking spaces per SB 35, three (3) waivers of development standards",deduplicated_matched,6576 S. West Blvd.,33.9331221,-118.2883887,"(33.9331221, -118.2883887)",101.0,102.0,Vermont Vista
4004007002,6/17/2019,2019,8,5869 S WEST BLVD,LOS ANGELES ,90043.0,2.0,,33.9333647,-118.2885497,"(33.9333647, -118.2885497)",POINT (380908.5794138078 3755515.254484593),6570 S West Blvd,90043.0,8.0,2015,48.0,49,0.979591836734694,2015,DB,90043,2017-06-07 00:00:00,,,,48.0,,,,deduplicated_matched,6570 S West Blvd,33.9331221,-118.2883887,"(33.9331221, -118.2883887)",101.0,102.0,Vermont Vista
4006001011,2/10/2023,2023,8,6012 S 10TH AVE,LOS ANGELES ,90043.0,3.0,,33.9671356,-118.3283693,"(33.9671356, -118.3283693)",POINT (377276.5882018537 3759306.984236102),6012 S. 10th Ave.,90043.0,8.0,2021,18.0,18,1.0,2021,TOC,90043,,1.0,,3.0,14.0,,,TOC Tier 4,deduplicated_matched,6012 S. 10th Ave.,33.9671356,-118.3283693,"(33.9671356, -118.3283693)",,,
4006004012,7/19/2017,2017,8,6113 S CRENSHAW BLVD,LOS ANGELES ,90043.0,4.0,75.0,33.9841067,-118.331192,"(33.9841067, -118.331192)",POINT (377040.22998282145 3761192.2733714287),6109 S. Crenshaw Blvd.,90043.0,8.0,2017,9.0,75,0.12,2017,DB,90043,2021-09-09 00:00:00,,,9.0,,,,,deduplicated_matched,6109 S. Crenshaw Blvd.,33.9841781,-118.3311915,"(33.9841781, -118.3311915)",50.0,51.0,Hyde Park
4006006001,5/7/2015,2015,8,6000 S WEST BLVD,LOS ANGELES ,90043.0,1.0,,33.9331221,-118.2883887,"(33.9331221, -118.2883887)",POINT (380923.1227039959 3755488.166346213),5869 S. West Blvd.,90043.0,8.0,2021,31.0,31,1.0,2021,TOC,90043,,8.0,,,23.0,,,TOC Tier 3,deduplicated_matched,5869 S. West Blvd.,33.9333647,-118.2885497,"(33.9333647, -118.2885497)",101.0,102.0,Vermont Vista
4006006001,5/7/2015,2015,8,6000 S WEST BLVD,LOS ANGELES ,90043.0,1.0,,33.9331221,-118.2883887,"(33.9331221, -118.2883887)",POINT (380923.1227039959 3755488.166346213),6576 S. West Blvd.,90043.0,8.0,2021,63.0,64,0.984375,2021,Other/Discretionary,90043,,,,15.0,48.0,,,"142.5% Density Bonus, no residential parking spaces per SB 35, three (3) waivers of development standards",deduplicated_matched,6576 S. West Blvd.,33.9331221,-118.2883887,"(33.9331221, -118.2883887)",101.0,102.0,Vermont Vista
4006006001,5/7/2015,2015,8,6000 S WEST BLVD,LOS ANGELES ,90043.0,1.0,,33.9331221,-118.2883887,"(33.9331221, -118.2883887)",POINT (380923.1227039959 3755488.166346213),6570 S West Blvd,90043.0,8.0,2015,48.0,49,0.979591836734694,2015,DB,90043,2017-06-07 00:00:00,,,,48.0,,,,deduplicated_matched,6570 S West Blvd,33.9331221,-118.2883887,"(33.9331221, -118.2883887)",101.0,102.0,Vermont Vista
4006008019,1/11/2016,2016,8,6336 S BRYNHURST AVE,LOS ANGELES ,90043.0,1.0,,33.9817866,-118.3335101,"(33.9817866, -118.3335101)",POINT (376822.74923434283 3760937.783469068),"6332 Brynhurst Ave, Los Angeles 90043",90043.0,8.0,2011,11.0,12,0.9166666666666666,2011,DB,90043,2014-05-29 00:00:00,,,,11.0,,,,deduplicated_matched,"6332 Brynhurst Ave, Los Angeles",33.9819228,-118.3334651,"(33.9819228, -118.3334651)",50.0,51.0,Hyde Park
4006018005,12/18/2019,2019,8,6513 S CRENSHAW BLVD,LOS ANGELES ,90043.0,2.0,24.0,33.9802333,-118.3311994,"(33.9802333, -118.3311994)",POINT (377033.9676029724 3760762.7647339692),6515 S. Crenshaw Blvd.,90043.0,8.0,2020,4.0,24,0.1666666666666666,2020,TOC,90043,2023-08-25 00:00:00,1.0,,3.0,,,,TOC Tier 3,deduplicated_matched,6515 S. Crenshaw Blvd.,33.9801566,-118.3308975,"(33.9801566, -118.3308975)",50.0,51.0,Hyde Park
4006018005,12/18/2019,2019,8,6513 S CRENSHAW BLVD,LOS ANGELES ,90043.0,2.0,24.0,33.9802333,-118.3311994,"(33.9802333, -118.3311994)",POINT (377033.9676029724 3760762.7647339692),6501 S. Crenshaw Blvd.,90043.0,8.0,2020,97.0,98,0.9897959183673468,2020,TOC,90043,2023-10-20 00:00:00,,,72.0,25.0,,,TOC Tier 4,deduplicated_matched,6501 S. Crenshaw Blvd.,33.9805735,-118.3312,"(33.9805735, -118.3312)",50.0,51.0,Hyde Park
4006019008,1/29/2021,2021,8,6520 S BRYNHURST AVE,LOS ANGELES ,90043.0,2.0,8.0,33.9799507,-118.3333119,"(33.9799507, -118.3333119)",POINT (376838.4100234976 3760733.964096715),6524 S BRYNHURST AVE,,,2024,63.0,64,0.984375,2024,ED1,,,2.0,,0.0,52.0,9.0,0.0,,ed1,6524 S BRYNHURST AVE,33.9798315,-118.3336137,"(33.9798315, -118.3336137)",50.0,51.0,Hyde Park
4006020010,10/29/2018,2018,8,6521 S BRYNHURST AVE,LOS ANGELES ,90043.0,4.0,,33.9799652,-118.3340469,"(33.9799652, -118.3340469)",POINT (376770.5323925979 3760736.455484091),6521 S. Brynhurst Ave.,90043.0,8.0,2019,5.0,41,0.1219512195121951,2019,TOC,90043,2022-05-10 00:00:00,5.0,,,,,,TOC Tier 3,deduplicated_matched,6521 S. Brynhurst Ave.,33.9799652,-118.3340469,"(33.9799652, -118.3340469)",50.0,51.0,Hyde Park
4006020010,10/29/2018,2018,8,6521 S BRYNHURST AVE,LOS ANGELES ,90043.0,4.0,,33.9799652,-118.3340469,"(33.9799652, -118.3340469)",POINT (376770.5323925979 3760736.455484091),6524 S BRYNHURST AVE,,,2024,63.0,64,0.984375,2024,ED1,,,2.0,,0.0,52.0,9.0,0.0,,ed1,6524 S BRYNHURST AVE,33.9798315,-118.3336137,"(33.9798315, -118.3336137)",50.0,51.0,Hyde Park
4006020014,3/13/2019,2019,8,6527 S BRYNHURST AVE,LOS ANGELES ,90043.0,2.0,,33.9797973,-118.3340624,"(33.9797973, -118.3340624)",POINT (376768.85818821937 3760717.855853408),6521 S. Brynhurst Ave.,90043.0,8.0,2019,5.0,41,0.1219512195121951,2019,TOC,90043,2022-05-10 00:00:00,5.0,,,,,,TOC Tier 3,deduplicated_matched,6521 S. Brynhurst Ave.,33.9799652,-118.3340469,"(33.9799652, -118.3340469)",50.0,51.0,Hyde Park
4006020014,3/13/2019,2019,8,6527 S BRYNHURST AVE,LOS ANGELES ,90043.0,2.0,,33.9797973,-118.3340624,"(33.9797973, -118.3340624)",POINT (376768.85818821937 3760717.855853408),6524 S BRYNHURST AVE,,,2024,63.0,64,0.984375,2024,ED1,,,2.0,,0.0,52.0,9.0,0.0,,ed1,6524 S BRYNHURST AVE,33.9798315,-118.3336137,"(33.9798315, -118.3336137)",50.0,51.0,Hyde Park
4006020025,2/5/2020,2020,8,6559 S BRYNHURST AVE,LOS ANGELES ,90043.0,4.0,,33.9789784,-118.3339692,"(33.9789784, -118.3339692)",POINT (376776.28610503516 3760626.936780303),6559 S. Brynhurst Ave.,90043.0,8.0,2020,3.0,26,0.1153846153846153,2020,TOC,90043,2024-11-26 00:00:00,3.0,,,,,,TOC Tier 3,deduplicated_matched,6559 S. Brynhurst Ave.,33.9789784,-118.3339692,"(33.9789784, -118.3339692)",50.0,51.0,Hyde Park
4103009003,2/27/2015,2015,11,7036 S LA TIJERA BLVD,LOS ANGELES ,90045.0,3.0,14.0,33.9742044,-118.375039,"(33.9742044, -118.375039)",POINT (372975.1424407476 3760147.6874375166),7036 S La Tijera Blvd,90045.0,11.0,2015,1.0,13,0.0769230769230769,2015,DB,90045,2017-08-16 00:00:00,,,1.0,,,,,deduplicated_matched,7036 S La Tijera Blvd,33.9742044,-118.375039,"(33.9742044, -118.375039)",104.0,105.0,Westchester
4103009013,5/3/2017,2017,11,5511 W THORNBURN ST,LOS ANGELES ,90045.0,7.0,0.0,33.9728001,-118.3761996,"(33.9728001, -118.3761996)",POINT (372865.82892590505 3759993.403968673),5506 W. Thornburn St.,90045.0,11.0,2019,3.0,12,0.25,2019,TOC,90045,2023-03-09 00:00:00,1.0,,1.0,1.0,,,TOC Tier 1,deduplicated_matched,5506 W. Thornburn St.,33.9723649,-118.3762209,"(33.9723649, -118.3762209)",104.0,105.0,Westchester
4103018007,9/4/2019,2019,11,7108 S RAMSGATE AVE,LOS ANGELES ,90045.0,2.0,,33.9598853,-118.3825589,"(33.9598853, -118.3825589)",POINT (372258.99864575657 3758569.191871844),8716 S. Ramsgate Ave.,90045.0,11.0,2021,6.0,30,0.2,2021,TOC,90045,,3.0,,2.0,1.0,,,TOC Tier 3,deduplicated_matched,8716 S. Ramsgate Ave.,33.9598853,-118.3825589,"(33.9598853, -118.3825589)",104.0,105.0,Westchester
4103018007,9/4/2019,2019,11,7108 S RAMSGATE AVE,LOS ANGELES ,90045.0,2.0,,33.9598853,-118.3825589,"(33.9598853, -118.3825589)",POINT (372258.99864575657 3758569.191871844),8900 S. Ramsgate Ave.,90045.0,11.0,2020,6.0,33,0.1818181818181818,2020,TOC,90045,,4.0,,1.0,1.0,,,TOC Tier 3,deduplicated_matched,8900 S. Ramsgate Ave.,33.9598853,-118.3825589,"(33.9598853, -118.3825589)",104.0,105.0,Westchester
4103018007,9/4/2019,2019,11,7108 S RAMSGATE AVE,LOS ANGELES ,90045.0,2.0,,33.9598853,-118.3825589,"(33.9598853, -118.3825589)",POINT (372258.99864575657 3758569.191871844),9007 S. Ramsgate Ave.,90045.0,11.0,2019,6.0,30,0.2,2019,TOC,90045,,3.0,,2.0,1.0,,,TOC Tier 3,deduplicated_matched,9007 S. Ramsgate Ave.,33.9598853,-118.3825589,"(33.9598853, -118.3825589)",104.0,105.0,Westchester
4103018007,9/4/2019,2019,11,7108 S RAMSGATE AVE,LOS ANGELES ,90045.0,2.0,,33.9598853,-118.3825589,"(33.9598853, -118.3825589)",POINT (372258.99864575657 3758569.191871844),8621 South Ramsgate Avenue,90045.0,11.0,2013,1.0,13,0.0769230769230769,2013,DB,90045,2014-10-18 00:00:00,,,1.0,,,,0.23,deduplicated_matched,8621 South Ramsgate Avenue,33.9598853,-118.3825589,"(33.9598853, -118.3825589)",104.0,105.0,Westchester
4103018007,9/4/2019,2019,11,7108 S RAMSGATE AVE,LOS ANGELES ,90045.0,2.0,,33.9598853,-118.3825589,"(33.9598853, -118.3825589)",POINT (372258.99864575657 3758569.191871844),9033 S RAMSGATE AVE,,,2024,115.0,116,0.9913793103448276,2024,ED1,,,0.0,,0.0,92.0,23.0,0.0,,ed1,9033 S RAMSGATE AVE,33.9598853,-118.3825589,"(33.9598853, -118.3825589)",104.0,105.0,Westchester
4103018007,9/4/2019,2019,11,7108 S RAMSGATE AVE,LOS ANGELES ,90045.0,2.0,,33.9598853,-118.3825589,"(33.9598853, -118.3825589)",POINT (372258.99864575657 3758569.191871844),8911 S RAMSGATE AVE,,,2024,76.0,77,0.987012987012987,2024,ED1,,,0.0,,0.0,60.0,16.0,0.0,,ed1,8911 S RAMSGATE AVE,33.9598853,-118.3825589,"(33.9598853, -118.3825589)",104.0,105.0,Westchester
4103021006,7/22/2021,2021,11,7133 S RAMSGATE AVE,LOS ANGELES ,90045.0,4.0,,33.9598853,-118.3825589,"(33.9598853, -118.3825589)",POINT (372258.99864575657 3758569.191871844),8716 S. Ramsgate Ave.,90045.0,11.0,2021,6.0,30,0.2,2021,TOC,90045,,3.0,,2.0,1.0,,,TOC Tier 3,deduplicated_matched,8716 S. Ramsgate Ave.,33.9598853,-118.3825589,"(33.9598853, -118.3825589)",104.0,105.0,Westchester
4103021006,7/22/2021,2021,11,7133 S RAMSGATE AVE,LOS ANGELES ,90045.0,4.0,,33.9598853,-118.3825589,"(33.9598853, -118.3825589)",POINT (372258.99864575657 3758569.191871844),8900 S. Ramsgate Ave.,90045.0,11.0,2020,6.0,33,0.1818181818181818,2020,TOC,90045,,4.0,,1.0,1.0,,,TOC Tier 3,deduplicated_matched,8900 S. Ramsgate Ave.,33.9598853,-118.3825589,"(33.9598853, -118.3825589)",104.0,105.0,Westchester
4103021006,7/22/2021,2021,11,7133 S RAMSGATE AVE,LOS ANGELES ,90045.0,4.0,,33.9598853,-118.3825589,"(33.9598853, -118.3825589)",POINT (372258.99864575657 3758569.191871844),9007 S. Ramsgate Ave.,90045.0,11.0,2019,6.0,30,0.2,2019,TOC,90045,,3.0,,2.0,1.0,,,TOC Tier 3,deduplicated_matched,9007 S. Ramsgate Ave.,33.9598853,-118.3825589,"(33.9598853, -118.3825589)",104.0,105.0,Westchester
4103021006,7/22/2021,2021,11,7133 S RAMSGATE AVE,LOS ANGELES ,90045.0,4.0,,33.9598853,-118.3825589,"(33.9598853, -118.3825589)",POINT (372258.99864575657 3758569.191871844),8621 South Ramsgate Avenue,90045.0,11.0,2013,1.0,13,0.0769230769230769,2013,DB,90045,2014-10-18 00:00:00,,,1.0,,,,0.23,deduplicated_matched,8621 South Ramsgate Avenue,33.9598853,-118.3825589,"(33.9598853, -118.3825589)",104.0,105.0,Westchester
4103021006,7/22/2021,2021,11,7133 S RAMSGATE AVE,LOS ANGELES ,90045.0,4.0,,33.9598853,-118.3825589,"(33.9598853, -118.3825589)",POINT (372258.99864575657 3758569.191871844),9033 S RAMSGATE AVE,,,2024,115.0,116,0.9913793103448276,2024,ED1,,,0.0,,0.0,92.0,23.0,0.0,,ed1,9033 S RAMSGATE AVE,33.9598853,-118.3825589,"(33.9598853, -118.3825589)",104.0,105.0,Westchester
4103021006,7/22/2021,2021,11,7133 S RAMSGATE AVE,LOS ANGELES ,90045.0,4.0,,33.9598853,-118.3825589,"(33.9598853, -118.3825589)",POINT (372258.99864575657 3758569.191871844),8911 S RAMSGATE AVE,,,2024,76.0,77,0.987012987012987,2024,ED1,,,0.0,,0.0,60.0,16.0,0.0,,ed1,8911 S RAMSGATE AVE,33.9598853,-118.3825589,"(33.9598853, -118.3825589)",104.0,105.0,Westchester
4103022009,10/22/2018,2018,11,5506 W THORNBURN ST,LOS ANGELES ,90045.0,4.0,12.0,33.9723649,-118.3762209,"(33.9723649, -118.3762209)",POINT (372863.2132126291 3759945.1712184986),5506 W. Thornburn St.,90045.0,11.0,2019,3.0,12,0.25,2019,TOC,90045,2023-03-09 00:00:00,1.0,,1.0,1.0,,,TOC Tier 1,deduplicated_matched,5506 W. Thornburn St.,33.9723649,-118.3762209,"(33.9723649, -118.3762209)",104.0,105.0,Westchester
4125011005,11/3/2017,2017,11,9007 S RAMSGATE AVE,LOS ANGELES ,90045.0,4.0,,33.9598853,-118.3825589,"(33.9598853, -118.3825589)",POINT (372258.99864575657 3758569.191871844),8716 S. Ramsgate Ave.,90045.0,11.0,2021,6.0,30,0.2,2021,TOC,90045,,3.0,,2.0,1.0,,,TOC Tier 3,deduplicated_matched,8716 S. Ramsgate Ave.,33.9598853,-118.3825589,"(33.9598853, -118.3825589)",104.0,105.0,Westchester
4125011005,11/3/2017,2017,11,9007 S RAMSGATE AVE,LOS ANGELES ,90045.0,4.0,,33.9598853,-118.3825589,"(33.9598853, -118.3825589)",POINT (372258.99864575657 3758569.191871844),8900 S. Ramsgate Ave.,90045.0,11.0,2020,6.0,33,0.1818181818181818,2020,TOC,90045,,4.0,,1.0,1.0,,,TOC Tier 3,deduplicated_matched,8900 S. Ramsgate Ave.,33.9598853,-118.3825589,"(33.9598853, -118.3825589)",104.0,105.0,Westchester
4125011005,11/3/2017,2017,11,9007 S RAMSGATE AVE,LOS ANGELES ,90045.0,4.0,,33.9598853,-118.3825589,"(33.9598853, -118.3825589)",POINT (372258.99864575657 3758569.191871844),9007 S. Ramsgate Ave.,90045.0,11.0,2019,6.0,30,0.2,2019,TOC,90045,,3.0,,2.0,1.0,,,TOC Tier 3,deduplicated_matched,9007 S. Ramsgate Ave.,33.9598853,-118.3825589,"(33.9598853, -118.3825589)",104.0,105.0,Westchester
4125011005,11/3/2017,2017,11,9007 S RAMSGATE AVE,LOS ANGELES ,90045.0,4.0,,33.9598853,-118.3825589,"(33.9598853, -118.3825589)",POINT (372258.99864575657 3758569.191871844),8621 South Ramsgate Avenue,90045.0,11.0,2013,1.0,13,0.0769230769230769,2013,DB,90045,2014-10-18 00:00:00,,,1.0,,,,0.23,deduplicated_matched,8621 South Ramsgate Avenue,33.9598853,-118.3825589,"(33.9598853, -118.3825589)",104.0,105.0,Westchester
4125011005,11/3/2017,2017,11,9007 S RAMSGATE AVE,LOS ANGELES ,90045.0,4.0,,33.9598853,-118.3825589,"(33.9598853, -118.3825589)",POINT (372258.99864575657 3758569.191871844),9033 S RAMSGATE AVE,,,2024,115.0,116,0.9913793103448276,2024,ED1,,,0.0,,0.0,92.0,23.0,0.0,,ed1,9033 S RAMSGATE AVE,33.9598853,-118.3825589,"(33.9598853, -118.3825589)",104.0,105.0,Westchester
4125011005,11/3/2017,2017,11,9007 S RAMSGATE AVE,LOS ANGELES ,90045.0,4.0,,33.9598853,-118.3825589,"(33.9598853, -118.3825589)",POINT (372258.99864575657 3758569.191871844),8911 S RAMSGATE AVE,,,2024,76.0,77,0.987012987012987,2024,ED1,,,0.0,,0.0,60.0,16.0,0.0,,ed1,8911 S RAMSGATE AVE,33.9598853,-118.3825589,"(33.9598853, -118.3825589)",104.0,105.0,Westchester
4125011006,11/3/2017,2017,11,9011 S RAMSGATE AVE,LOS ANGELES ,90045.0,4.0,,33.9598853,-118.3825589,"(33.9598853, -118.3825589)",POINT (372258.99864575657 3758569.191871844),8716 S. Ramsgate Ave.,90045.0,11.0,2021,6.0,30,0.2,2021,TOC,90045,,3.0,,2.0,1.0,,,TOC Tier 3,deduplicated_matched,8716 S. Ramsgate Ave.,33.9598853,-118.3825589,"(33.9598853, -118.3825589)",104.0,105.0,Westchester
4125011006,11/3/2017,2017,11,9011 S RAMSGATE AVE,LOS ANGELES ,90045.0,4.0,,33.9598853,-118.3825589,"(33.9598853, -118.3825589)",POINT (372258.99864575657 3758569.191871844),8900 S. Ramsgate Ave.,90045.0,11.0,2020,6.0,33,0.1818181818181818,2020,TOC,90045,,4.0,,1.0,1.0,,,TOC Tier 3,deduplicated_matched,8900 S. Ramsgate Ave.,33.9598853,-118.3825589,"(33.9598853, -118.3825589)",104.0,105.0,Westchester
4125011006,11/3/2017,2017,11,9011 S RAMSGATE AVE,LOS ANGELES ,90045.0,4.0,,33.9598853,-118.3825589,"(33.9598853, -118.3825589)",POINT (372258.99864575657 3758569.191871844),9007 S. Ramsgate Ave.,90045.0,11.0,2019,6.0,30,0.2,2019,TOC,90045,,3.0,,2.0,1.0,,,TOC Tier 3,deduplicated_matched,9007 S. Ramsgate Ave.,33.9598853,-118.3825589,"(33.9598853, -118.3825589)",104.0,105.0,Westchester
4125011006,11/3/2017,2017,11,9011 S RAMSGATE AVE,LOS ANGELES ,90045.0,4.0,,33.9598853,-118.3825589,"(33.9598853, -118.3825589)",POINT (372258.99864575657 3758569.191871844),8621 South Ramsgate Avenue,90045.0,11.0,2013,1.0,13,0.0769230769230769,2013,DB,90045,2014-10-18 00:00:00,,,1.0,,,,0.23,deduplicated_matched,8621 South Ramsgate Avenue,33.9598853,-118.3825589,"(33.9598853, -118.3825589)",104.0,105.0,Westchester
4125011006,11/3/2017,2017,11,9011 S RAMSGATE AVE,LOS ANGELES ,90045.0,4.0,,33.9598853,-118.3825589,"(33.9598853, -118.3825589)",POINT (372258.99864575657 3758569.191871844),9033 S RAMSGATE AVE,,,2024,115.0,116,0.9913793103448276,2024,ED1,,,0.0,,0.0,92.0,23.0,0.0,,ed1,9033 S RAMSGATE AVE,33.9598853,-118.3825589,"(33.9598853, -118.3825589)",104.0,105.0,Westchester
4125011006,11/3/2017,2017,11,9011 S RAMSGATE AVE,LOS ANGELES ,90045.0,4.0,,33.9598853,-118.3825589,"(33.9598853, -118.3825589)",POINT (372258.99864575657 3758569.191871844),8911 S RAMSGATE AVE,,,2024,76.0,77,0.987012987012987,2024,ED1,,,0.0,,0.0,60.0,16.0,0.0,,ed1,8911 S RAMSGATE AVE,33.9598853,-118.3825589,"(33.9598853, -118.3825589)",104.0,105.0,Westchester
4125011010,11/3/2017,2017,11,9033 S RAMSGATE AVE,LOS ANGELES ,90045.0,4.0,,33.9598853,-118.3825589,"(33.9598853, -118.3825589)",POINT (372258.99864575657 3758569.191871844),8716 S. Ramsgate Ave.,90045.0,11.0,2021,6.0,30,0.2,2021,TOC,90045,,3.0,,2.0,1.0,,,TOC Tier 3,deduplicated_matched,8716 S. Ramsgate Ave.,33.9598853,-118.3825589,"(33.9598853, -118.3825589)",104.0,105.0,Westchester
4125011010,11/3/2017,2017,11,9033 S RAMSGATE AVE,LOS ANGELES ,90045.0,4.0,,33.9598853,-118.3825589,"(33.9598853, -118.3825589)",POINT (372258.99864575657 3758569.191871844),8900 S. Ramsgate Ave.,90045.0,11.0,2020,6.0,33,0.1818181818181818,2020,TOC,90045,,4.0,,1.0,1.0,,,TOC Tier 3,deduplicated_matched,8900 S. Ramsgate Ave.,33.9598853,-118.3825589,"(33.9598853, -118.3825589)",104.0,105.0,Westchester
4125011010,11/3/2017,2017,11,9033 S RAMSGATE AVE,LOS ANGELES ,90045.0,4.0,,33.9598853,-118.3825589,"(33.9598853, -118.3825589)",POINT (372258.99864575657 3758569.191871844),9007 S. Ramsgate Ave.,90045.0,11.0,2019,6.0,30,0.2,2019,TOC,90045,,3.0,,2.0,1.0,,,TOC Tier 3,deduplicated_matched,9007 S. Ramsgate Ave.,33.9598853,-118.3825589,"(33.9598853, -118.3825589)",104.0,105.0,Westchester
4125011010,11/3/2017,2017,11,9033 S RAMSGATE AVE,LOS ANGELES ,90045.0,4.0,,33.9598853,-118.3825589,"(33.9598853, -118.3825589)",POINT (372258.99864575657 3758569.191871844),8621 South Ramsgate Avenue,90045.0,11.0,2013,1.0,13,0.0769230769230769,2013,DB,90045,2014-10-18 00:00:00,,,1.0,,,,0.23,deduplicated_matched,8621 South Ramsgate Avenue,33.9598853,-118.3825589,"(33.9598853, -118.3825589)",104.0,105.0,Westchester
4125011010,11/3/2017,2017,11,9033 S RAMSGATE AVE,LOS ANGELES ,90045.0,4.0,,33.9598853,-118.3825589,"(33.9598853, -118.3825589)",POINT (372258.99864575657 3758569.191871844),9033 S RAMSGATE AVE,,,2024,115.0,116,0.9913793103448276,2024,ED1,,,0.0,,0.0,92.0,23.0,0.0,,ed1,9033 S RAMSGATE AVE,33.9598853,-118.3825589,"(33.9598853, -118.3825589)",104.0,105.0,Westchester
4125011010,11/3/2017,2017,11,9033 S RAMSGATE AVE,LOS ANGELES ,90045.0,4.0,,33.9598853,-118.3825589,"(33.9598853, -118.3825589)",POINT (372258.99864575657 3758569.191871844),8911 S RAMSGATE AVE,,,2024,76.0,77,0.987012987012987,2024,ED1,,,0.0,,0.0,60.0,16.0,0.0,,ed1,8911 S RAMSGATE AVE,33.9598853,-118.3825589,"(33.9598853, -118.3825589)",104.0,105.0,Westchester
4125011011,11/3/2017,2017,11,9037 S RAMSGATE AVE,LOS ANGELES ,90045.0,4.0,,33.9598853,-118.3825589,"(33.9598853, -118.3825589)",POINT (372258.99864575657 3758569.191871844),8716 S. Ramsgate Ave.,90045.0,11.0,2021,6.0,30,0.2,2021,TOC,90045,,3.0,,2.0,1.0,,,TOC Tier 3,deduplicated_matched,8716 S. Ramsgate Ave.,33.9598853,-118.3825589,"(33.9598853, -118.3825589)",104.0,105.0,Westchester
4125011011,11/3/2017,2017,11,9037 S RAMSGATE AVE,LOS ANGELES ,90045.0,4.0,,33.9598853,-118.3825589,"(33.9598853, -118.3825589)",POINT (372258.99864575657 3758569.191871844),8900 S. Ramsgate Ave.,90045.0,11.0,2020,6.0,33,0.1818181818181818,2020,TOC,90045,,4.0,,1.0,1.0,,,TOC Tier 3,deduplicated_matched,8900 S. Ramsgate Ave.,33.9598853,-118.3825589,"(33.9598853, -118.3825589)",104.0,105.0,Westchester
4125011011,11/3/2017,2017,11,9037 S RAMSGATE AVE,LOS ANGELES ,90045.0,4.0,,33.9598853,-118.3825589,"(33.9598853, -118.3825589)",POINT (372258.99864575657 3758569.191871844),9007 S. Ramsgate Ave.,90045.0,11.0,2019,6.0,30,0.2,2019,TOC,90045,,3.0,,2.0,1.0,,,TOC Tier 3,deduplicated_matched,9007 S. Ramsgate Ave.,33.9598853,-118.3825589,"(33.9598853, -118.3825589)",104.0,105.0,Westchester
4125011011,11/3/2017,2017,11,9037 S RAMSGATE AVE,LOS ANGELES ,90045.0,4.0,,33.9598853,-118.3825589,"(33.9598853, -118.3825589)",POINT (372258.99864575657 3758569.191871844),8621 South Ramsgate Avenue,90045.0,11.0,2013,1.0,13,0.0769230769230769,2013,DB,90045,2014-10-18 00:00:00,,,1.0,,,,0.23,deduplicated_matched,8621 South Ramsgate Avenue,33.9598853,-118.3825589,"(33.9598853, -118.3825589)",104.0,105.0,Westchester
4125011011,11/3/2017,2017,11,9037 S RAMSGATE AVE,LOS ANGELES ,90045.0,4.0,,33.9598853,-118.3825589,"(33.9598853, -118.3825589)",POINT (372258.99864575657 3758569.191871844),9033 S RAMSGATE AVE,,,2024,115.0,116,0.9913793103448276,2024,ED1,,,0.0,,0.0,92.0,23.0,0.0,,ed1,9033 S RAMSGATE AVE,33.9598853,-118.3825589,"(33.9598853, -118.3825589)",104.0,105.0,Westchester
4125011011,11/3/2017,2017,11,9037 S RAMSGATE AVE,LOS ANGELES ,90045.0,4.0,,33.9598853,-118.3825589,"(33.9598853, -118.3825589)",POINT (372258.99864575657 3758569.191871844),8911 S RAMSGATE AVE,,,2024,76.0,77,0.987012987012987,2024,ED1,,,0.0,,0.0,60.0,16.0,0.0,,ed1,8911 S RAMSGATE AVE,33.9598853,-118.3825589,"(33.9598853, -118.3825589)",104.0,105.0,Westchester
4125011012,11/3/2017,2017,11,9043 S RAMSGATE AVE,LOS ANGELES ,90045.0,4.0,,33.9598853,-118.3825589,"(33.9598853, -118.3825589)",POINT (372258.99864575657 3758569.191871844),8716 S. Ramsgate Ave.,90045.0,11.0,2021,6.0,30,0.2,2021,TOC,90045,,3.0,,2.0,1.0,,,TOC Tier 3,deduplicated_matched,8716 S. Ramsgate Ave.,33.9598853,-118.3825589,"(33.9598853, -118.3825589)",104.0,105.0,Westchester
4125011012,11/3/2017,2017,11,9043 S RAMSGATE AVE,LOS ANGELES ,90045.0,4.0,,33.9598853,-118.3825589,"(33.9598853, -118.3825589)",POINT (372258.99864575657 3758569.191871844),8900 S. Ramsgate Ave.,90045.0,11.0,2020,6.0,33,0.1818181818181818,2020,TOC,90045,,4.0,,1.0,1.0,,,TOC Tier 3,deduplicated_matched,8900 S. Ramsgate Ave.,33.9598853,-118.3825589,"(33.9598853, -118.3825589)",104.0,105.0,Westchester
4125011012,11/3/2017,2017,11,9043 S RAMSGATE AVE,LOS ANGELES ,90045.0,4.0,,33.9598853,-118.3825589,"(33.9598853, -118.3825589)",POINT (372258.99864575657 3758569.191871844),9007 S. Ramsgate Ave.,90045.0,11.0,2019,6.0,30,0.2,2019,TOC,90045,,3.0,,2.0,1.0,,,TOC Tier 3,deduplicated_matched,9007 S. Ramsgate Ave.,33.9598853,-118.3825589,"(33.9598853, -118.3825589)",104.0,105.0,Westchester
4125011012,11/3/2017,2017,11,9043 S RAMSGATE AVE,LOS ANGELES ,90045.0,4.0,,33.9598853,-118.3825589,"(33.9598853, -118.3825589)",POINT (372258.99864575657 3758569.191871844),8621 South Ramsgate Avenue,90045.0,11.0,2013,1.0,13,0.0769230769230769,2013,DB,90045,2014-10-18 00:00:00,,,1.0,,,,0.23,deduplicated_matched,8621 South Ramsgate Avenue,33.9598853,-118.3825589,"(33.9598853, -118.3825589)",104.0,105.0,Westchester
4125011012,11/3/2017,2017,11,9043 S RAMSGATE AVE,LOS ANGELES ,90045.0,4.0,,33.9598853,-118.3825589,"(33.9598853, -118.3825589)",POINT (372258.99864575657 3758569.191871844),9033 S RAMSGATE AVE,,,2024,115.0,116,0.9913793103448276,2024,ED1,,,0.0,,0.0,92.0,23.0,0.0,,ed1,9033 S RAMSGATE AVE,33.9598853,-118.3825589,"(33.9598853, -118.3825589)",104.0,105.0,Westchester
4125011012,11/3/2017,2017,11,9043 S RAMSGATE AVE,LOS ANGELES ,90045.0,4.0,,33.9598853,-118.3825589,"(33.9598853, -118.3825589)",POINT (372258.99864575657 3758569.191871844),8911 S RAMSGATE AVE,,,2024,76.0,77,0.987012987012987,2024,ED1,,,0.0,,0.0,60.0,16.0,0.0,,ed1,8911 S RAMSGATE AVE,33.9598853,-118.3825589,"(33.9598853, -118.3825589)",104.0,105.0,Westchester
4125011013,4/16/2015,2015,11,9051 S RAMSGATE AVE,LOS ANGELES ,90045.0,4.0,0.0,33.9598853,-118.3825589,"(33.9598853, -118.3825589)",POINT (372258.99864575657 3758569.191871844),8716 S. Ramsgate Ave.,90045.0,11.0,2021,6.0,30,0.2,2021,TOC,90045,,3.0,,2.0,1.0,,,TOC Tier 3,deduplicated_matched,8716 S. Ramsgate Ave.,33.9598853,-118.3825589,"(33.9598853, -118.3825589)",104.0,105.0,Westchester
4125011013,4/16/2015,2015,11,9051 S RAMSGATE AVE,LOS ANGELES ,90045.0,4.0,0.0,33.9598853,-118.3825589,"(33.9598853, -118.3825589)",POINT (372258.99864575657 3758569.191871844),8900 S. Ramsgate Ave.,90045.0,11.0,2020,6.0,33,0.1818181818181818,2020,TOC,90045,,4.0,,1.0,1.0,,,TOC Tier 3,deduplicated_matched,8900 S. Ramsgate Ave.,33.9598853,-118.3825589,"(33.9598853, -118.3825589)",104.0,105.0,Westchester
4125011013,4/16/2015,2015,11,9051 S RAMSGATE AVE,LOS ANGELES ,90045.0,4.0,0.0,33.9598853,-118.3825589,"(33.9598853, -118.3825589)",POINT (372258.99864575657 3758569.191871844),9007 S. Ramsgate Ave.,90045.0,11.0,2019,6.0,30,0.2,2019,TOC,90045,,3.0,,2.0,1.0,,,TOC Tier 3,deduplicated_matched,9007 S. Ramsgate Ave.,33.9598853,-118.3825589,"(33.9598853, -118.3825589)",104.0,105.0,Westchester
4125011013,4/16/2015,2015,11,9051 S RAMSGATE AVE,LOS ANGELES ,90045.0,4.0,0.0,33.9598853,-118.3825589,"(33.9598853, -118.3825589)",POINT (372258.99864575657 3758569.191871844),8621 South Ramsgate Avenue,90045.0,11.0,2013,1.0,13,0.0769230769230769,2013,DB,90045,2014-10-18 00:00:00,,,1.0,,,,0.23,deduplicated_matched,8621 South Ramsgate Avenue,33.9598853,-118.3825589,"(33.9598853, -118.3825589)",104.0,105.0,Westchester
4125011013,4/16/2015,2015,11,9051 S RAMSGATE AVE,LOS ANGELES ,90045.0,4.0,0.0,33.9598853,-118.3825589,"(33.9598853, -118.3825589)",POINT (372258.99864575657 3758569.191871844),9033 S RAMSGATE AVE,,,2024,115.0,116,0.9913793103448276,2024,ED1,,,0.0,,0.0,92.0,23.0,0.0,,ed1,9033 S RAMSGATE AVE,33.9598853,-118.3825589,"(33.9598853, -118.3825589)",104.0,105.0,Westchester
4125011013,4/16/2015,2015,11,9051 S RAMSGATE AVE,LOS ANGELES ,90045.0,4.0,0.0,33.9598853,-118.3825589,"(33.9598853, -118.3825589)",POINT (372258.99864575657 3758569.191871844),8911 S RAMSGATE AVE,,,2024,76.0,77,0.987012987012987,2024,ED1,,,0.0,,0.0,60.0,16.0,0.0,,ed1,8911 S RAMSGATE AVE,33.9598853,-118.3825589,"(33.9598853, -118.3825589)",104.0,105.0,Westchester
4125012010,11/3/2017,2017,11,8911 S RAMSGATE AVE,WESTCHESTER ,90045.0,2.0,,33.9598853,-118.3825589,"(33.9598853, -118.3825589)",POINT (372258.99864575657 3758569.191871844),8716 S. Ramsgate Ave.,90045.0,11.0,2021,6.0,30,0.2,2021,TOC,90045,,3.0,,2.0,1.0,,,TOC Tier 3,deduplicated_matched,8716 S. Ramsgate Ave.,33.9598853,-118.3825589,"(33.9598853, -118.3825589)",104.0,105.0,Westchester
4125012010,11/3/2017,2017,11,8911 S RAMSGATE AVE,WESTCHESTER ,90045.0,2.0,,33.9598853,-118.3825589,"(33.9598853, -118.3825589)",POINT (372258.99864575657 3758569.191871844),8900 S. Ramsgate Ave.,90045.0,11.0,2020,6.0,33,0.1818181818181818,2020,TOC,90045,,4.0,,1.0,1.0,,,TOC Tier 3,deduplicated_matched,8900 S. Ramsgate Ave.,33.9598853,-118.3825589,"(33.9598853, -118.3825589)",104.0,105.0,Westchester
4125012010,11/3/2017,2017,11,8911 S RAMSGATE AVE,WESTCHESTER ,90045.0,2.0,,33.9598853,-118.3825589,"(33.9598853, -118.3825589)",POINT (372258.99864575657 3758569.191871844),9007 S. Ramsgate Ave.,90045.0,11.0,2019,6.0,30,0.2,2019,TOC,90045,,3.0,,2.0,1.0,,,TOC Tier 3,deduplicated_matched,9007 S. Ramsgate Ave.,33.9598853,-118.3825589,"(33.9598853, -118.3825589)",104.0,105.0,Westchester
4125012010,11/3/2017,2017,11,8911 S RAMSGATE AVE,WESTCHESTER ,90045.0,2.0,,33.9598853,-118.3825589,"(33.9598853, -118.3825589)",POINT (372258.99864575657 3758569.191871844),8621 South Ramsgate Avenue,90045.0,11.0,2013,1.0,13,0.0769230769230769,2013,DB,90045,2014-10-18 00:00:00,,,1.0,,,,0.23,deduplicated_matched,8621 South Ramsgate Avenue,33.9598853,-118.3825589,"(33.9598853, -118.3825589)",104.0,105.0,Westchester
4125012010,11/3/2017,2017,11,8911 S RAMSGATE AVE,WESTCHESTER ,90045.0,2.0,,33.9598853,-118.3825589,"(33.9598853, -118.3825589)",POINT (372258.99864575657 3758569.191871844),9033 S RAMSGATE AVE,,,2024,115.0,116,0.9913793103448276,2024,ED1,,,0.0,,0.0,92.0,23.0,0.0,,ed1,9033 S RAMSGATE AVE,33.9598853,-118.3825589,"(33.9598853, -118.3825589)",104.0,105.0,Westchester
4125012010,11/3/2017,2017,11,8911 S RAMSGATE AVE,WESTCHESTER ,90045.0,2.0,,33.9598853,-118.3825589,"(33.9598853, -118.3825589)",POINT (372258.99864575657 3758569.191871844),8911 S RAMSGATE AVE,,,2024,76.0,77,0.987012987012987,2024,ED1,,,0.0,,0.0,60.0,16.0,0.0,,ed1,8911 S RAMSGATE AVE,33.9598853,-118.3825589,"(33.9598853, -118.3825589)",104.0,105.0,Westchester
4125012011,3/9/2018,2018,11,8917 S RAMSGATE AVE,WESTCHESTER ,90045.0,2.0,,33.9598853,-118.3825589,"(33.9598853, -118.3825589)",POINT (372258.99864575657 3758569.191871844),8716 S. Ramsgate Ave.,90045.0,11.0,2021,6.0,30,0.2,2021,TOC,90045,,3.0,,2.0,1.0,,,TOC Tier 3,deduplicated_matched,8716 S. Ramsgate Ave.,33.9598853,-118.3825589,"(33.9598853, -118.3825589)",104.0,105.0,Westchester
4125012011,3/9/2018,2018,11,8917 S RAMSGATE AVE,WESTCHESTER ,90045.0,2.0,,33.9598853,-118.3825589,"(33.9598853, -118.3825589)",POINT (372258.99864575657 3758569.191871844),8900 S. Ramsgate Ave.,90045.0,11.0,2020,6.0,33,0.1818181818181818,2020,TOC,90045,,4.0,,1.0,1.0,,,TOC Tier 3,deduplicated_matched,8900 S. Ramsgate Ave.,33.9598853,-118.3825589,"(33.9598853, -118.3825589)",104.0,105.0,Westchester
4125012011,3/9/2018,2018,11,8917 S RAMSGATE AVE,WESTCHESTER ,90045.0,2.0,,33.9598853,-118.3825589,"(33.9598853, -118.3825589)",POINT (372258.99864575657 3758569.191871844),9007 S. Ramsgate Ave.,90045.0,11.0,2019,6.0,30,0.2,2019,TOC,90045,,3.0,,2.0,1.0,,,TOC Tier 3,deduplicated_matched,9007 S. Ramsgate Ave.,33.9598853,-118.3825589,"(33.9598853, -118.3825589)",104.0,105.0,Westchester
4125012011,3/9/2018,2018,11,8917 S RAMSGATE AVE,WESTCHESTER ,90045.0,2.0,,33.9598853,-118.3825589,"(33.9598853, -118.3825589)",POINT (372258.99864575657 3758569.191871844),8621 South Ramsgate Avenue,90045.0,11.0,2013,1.0,13,0.0769230769230769,2013,DB,90045,2014-10-18 00:00:00,,,1.0,,,,0.23,deduplicated_matched,8621 South Ramsgate Avenue,33.9598853,-118.3825589,"(33.9598853, -118.3825589)",104.0,105.0,Westchester
4125012011,3/9/2018,2018,11,8917 S RAMSGATE AVE,WESTCHESTER ,90045.0,2.0,,33.9598853,-118.3825589,"(33.9598853, -118.3825589)",POINT (372258.99864575657 3758569.191871844),9033 S RAMSGATE AVE,,,2024,115.0,116,0.9913793103448276,2024,ED1,,,0.0,,0.0,92.0,23.0,0.0,,ed1,9033 S RAMSGATE AVE,33.9598853,-118.3825589,"(33.9598853, -118.3825589)",104.0,105.0,Westchester
4125012011,3/9/2018,2018,11,8917 S RAMSGATE AVE,WESTCHESTER ,90045.0,2.0,,33.9598853,-118.3825589,"(33.9598853, -118.3825589)",POINT (372258.99864575657 3758569.191871844),8911 S RAMSGATE AVE,,,2024,76.0,77,0.987012987012987,2024,ED1,,,0.0,,0.0,60.0,16.0,0.0,,ed1,8911 S RAMSGATE AVE,33.9598853,-118.3825589,"(33.9598853, -118.3825589)",104.0,105.0,Westchester
4125014004,6/17/2019,2019,11,8827 S READING AVE,LOS ANGELES ,90045.0,3.0,,33.9568333,-118.381777,"(33.9568333, -118.381777)",POINT (372326.6872678008 3758229.7833679058),8833 S. Reading Ave.,90045.0,11.0,2020,5.0,33,0.1515151515151515,2020,TOC,90045,,2.0,,3.0,,,,TOC Tier 3,deduplicated_matched,8833 S. Reading Ave.,33.9568595,-118.3818282,"(33.9568595, -118.3818282)",104.0,105.0,Westchester
4125014005,6/17/2019,2019,11,8835 S READING AVE,LOS ANGELES ,90045.0,4.0,,33.95665270000001,-118.3818735,"(33.95665270000001, -118.3818735)",POINT (372317.5003690167 3758209.876878042),8833 S. Reading Ave.,90045.0,11.0,2020,5.0,33,0.1515151515151515,2020,TOC,90045,,2.0,,3.0,,,,TOC Tier 3,deduplicated_matched,8833 S. Reading Ave.,33.9568595,-118.3818282,"(33.9568595, -118.3818282)",104.0,105.0,Westchester
4125014022,11/28/2018,2018,11,8900 S RAMSGATE AVE,LOS ANGELES ,90045.0,4.0,,33.9598853,-118.3825589,"(33.9598853, -118.3825589)",POINT (372258.99864575657 3758569.191871844),8716 S. Ramsgate Ave.,90045.0,11.0,2021,6.0,30,0.2,2021,TOC,90045,,3.0,,2.0,1.0,,,TOC Tier 3,deduplicated_matched,8716 S. Ramsgate Ave.,33.9598853,-118.3825589,"(33.9598853, -118.3825589)",104.0,105.0,Westchester
4125014022,11/28/2018,2018,11,8900 S RAMSGATE AVE,LOS ANGELES ,90045.0,4.0,,33.9598853,-118.3825589,"(33.9598853, -118.3825589)",POINT (372258.99864575657 3758569.191871844),8900 S. Ramsgate Ave.,90045.0,11.0,2020,6.0,33,0.1818181818181818,2020,TOC,90045,,4.0,,1.0,1.0,,,TOC Tier 3,deduplicated_matched,8900 S. Ramsgate Ave.,33.9598853,-118.3825589,"(33.9598853, -118.3825589)",104.0,105.0,Westchester
4125014022,11/28/2018,2018,11,8900 S RAMSGATE AVE,LOS ANGELES ,90045.0,4.0,,33.9598853,-118.3825589,"(33.9598853, -118.3825589)",POINT (372258.99864575657 3758569.191871844),9007 S. Ramsgate Ave.,90045.0,11.0,2019,6.0,30,0.2,2019,TOC,90045,,3.0,,2.0,1.0,,,TOC Tier 3,deduplicated_matched,9007 S. Ramsgate Ave.,33.9598853,-118.3825589,"(33.9598853, -118.3825589)",104.0,105.0,Westchester
4125014022,11/28/2018,2018,11,8900 S RAMSGATE AVE,LOS ANGELES ,90045.0,4.0,,33.9598853,-118.3825589,"(33.9598853, -118.3825589)",POINT (372258.99864575657 3758569.191871844),8621 South Ramsgate Avenue,90045.0,11.0,2013,1.0,13,0.0769230769230769,2013,DB,90045,2014-10-18 00:00:00,,,1.0,,,,0.23,deduplicated_matched,8621 South Ramsgate Avenue,33.9598853,-118.3825589,"(33.9598853, -118.3825589)",104.0,105.0,Westchester
4125014022,11/28/2018,2018,11,8900 S RAMSGATE AVE,LOS ANGELES ,90045.0,4.0,,33.9598853,-118.3825589,"(33.9598853, -118.3825589)",POINT (372258.99864575657 3758569.191871844),9033 S RAMSGATE AVE,,,2024,115.0,116,0.9913793103448276,2024,ED1,,,0.0,,0.0,92.0,23.0,0.0,,ed1,9033 S RAMSGATE AVE,33.9598853,-118.3825589,"(33.9598853, -118.3825589)",104.0,105.0,Westchester
4125014022,11/28/2018,2018,11,8900 S RAMSGATE AVE,LOS ANGELES ,90045.0,4.0,,33.9598853,-118.3825589,"(33.9598853, -118.3825589)",POINT (372258.99864575657 3758569.191871844),8911 S RAMSGATE AVE,,,2024,76.0,77,0.987012987012987,2024,ED1,,,0.0,,0.0,60.0,16.0,0.0,,ed1,8911 S RAMSGATE AVE,33.9598853,-118.3825589,"(33.9598853, -118.3825589)",104.0,105.0,Westchester
4125014030,1/24/2022,2022,11,8900 S RAMSGATE AVE,LOS ANGELES ,90045.0,8.0,,33.9598853,-118.3825589,"(33.9598853, -118.3825589)",POINT (372258.99864575657 3758569.191871844),8716 S. Ramsgate Ave.,90045.0,11.0,2021,6.0,30,0.2,2021,TOC,90045,,3.0,,2.0,1.0,,,TOC Tier 3,deduplicated_matched,8716 S. Ramsgate Ave.,33.9598853,-118.3825589,"(33.9598853, -118.3825589)",104.0,105.0,Westchester
4125014030,1/24/2022,2022,11,8900 S RAMSGATE AVE,LOS ANGELES ,90045.0,8.0,,33.9598853,-118.3825589,"(33.9598853, -118.3825589)",POINT (372258.99864575657 3758569.191871844),8900 S. Ramsgate Ave.,90045.0,11.0,2020,6.0,33,0.1818181818181818,2020,TOC,90045,,4.0,,1.0,1.0,,,TOC Tier 3,deduplicated_matched,8900 S. Ramsgate Ave.,33.9598853,-118.3825589,"(33.9598853, -118.3825589)",104.0,105.0,Westchester
4125014030,1/24/2022,2022,11,8900 S RAMSGATE AVE,LOS ANGELES ,90045.0,8.0,,33.9598853,-118.3825589,"(33.9598853, -118.3825589)",POINT (372258.99864575657 3758569.191871844),9007 S. Ramsgate Ave.,90045.0,11.0,2019,6.0,30,0.2,2019,TOC,90045,,3.0,,2.0,1.0,,,TOC Tier 3,deduplicated_matched,9007 S. Ramsgate Ave.,33.9598853,-118.3825589,"(33.9598853, -118.3825589)",104.0,105.0,Westchester
4125014030,1/24/2022,2022,11,8900 S RAMSGATE AVE,LOS ANGELES ,90045.0,8.0,,33.9598853,-118.3825589,"(33.9598853, -118.3825589)",POINT (372258.99864575657 3758569.191871844),8621 South Ramsgate Avenue,90045.0,11.0,2013,1.0,13,0.0769230769230769,2013,DB,90045,2014-10-18 00:00:00,,,1.0,,,,0.23,deduplicated_matched,8621 South Ramsgate Avenue,33.9598853,-118.3825589,"(33.9598853, -118.3825589)",104.0,105.0,Westchester
4125014030,1/24/2022,2022,11,8900 S RAMSGATE AVE,LOS ANGELES ,90045.0,8.0,,33.9598853,-118.3825589,"(33.9598853, -118.3825589)",POINT (372258.99864575657 3758569.191871844),9033 S RAMSGATE AVE,,,2024,115.0,116,0.9913793103448276,2024,ED1,,,0.0,,0.0,92.0,23.0,0.0,,ed1,9033 S RAMSGATE AVE,33.9598853,-118.3825589,"(33.9598853, -118.3825589)",104.0,105.0,Westchester
4125014030,1/24/2022,2022,11,8900 S RAMSGATE AVE,LOS ANGELES ,90045.0,8.0,,33.9598853,-118.3825589,"(33.9598853, -118.3825589)",POINT (372258.99864575657 3758569.191871844),8911 S RAMSGATE AVE,,,2024,76.0,77,0.987012987012987,2024,ED1,,,0.0,,0.0,60.0,16.0,0.0,,ed1,8911 S RAMSGATE AVE,33.9598853,-118.3825589,"(33.9598853, -118.3825589)",104.0,105.0,Westchester
4125015002,2/2/2024,2024,11,8739 S READING AVE,WESTCHESTER ,90045.0,3.0,,33.9586812,-118.3818907,"(33.9586812, -118.3818907)",POINT (372318.9420120845 3758434.837600597),8748 S Reading Ave,90045.0,11.0,2015,1.0,10,0.1,2015,DB,90045,2018-11-01 00:00:00,,,,1.0,,,,deduplicated_matched,8748 S Reading Ave,33.9586075,-118.3813752,"(33.9586075, -118.3813752)",104.0,105.0,Westchester
4125016009,5/27/2015,2015,11,8748 S READING AVE,Los Angeles ,90045.0,2.0,10.0,33.9586075,-118.3813752,"(33.9586075, -118.3813752)",POINT (372366.4655207192 3758426.0232962505),8748 S Reading Ave,90045.0,11.0,2015,1.0,10,0.1,2015,DB,90045,2018-11-01 00:00:00,,,,1.0,,,,deduplicated_matched,8748 S Reading Ave,33.9586075,-118.3813752,"(33.9586075, -118.3813752)",104.0,105.0,Westchester
4125017002,11/3/2017,2017,11,8928 S READING AVE,LOS ANGELES ,90045.0,4.0,,33.9557048,-118.3812784,"(33.9557048, -118.3812784)",POINT (372371.0748436065 3758104.0239838655),8922 S. Reading Ave.,90045.0,11.0,2021,6.0,30,0.2,2021,TOC,90045,,3.0,,2.0,1.0,,,TOC Tier 3,deduplicated_matched,8922 S. Reading Ave.,33.9558569,-118.3812789,"(33.9558569, -118.3812789)",104.0,105.0,Westchester
4125017003,11/3/2017,2017,11,8922 S READING AVE,LOS ANGELES ,90045.0,4.0,,33.9558569,-118.3812789,"(33.9558569, -118.3812789)",POINT (372371.2557983164 3758120.890889275),8922 S. Reading Ave.,90045.0,11.0,2021,6.0,30,0.2,2021,TOC,90045,,3.0,,2.0,1.0,,,TOC Tier 3,deduplicated_matched,8922 S. Reading Ave.,33.9558569,-118.3812789,"(33.9558569, -118.3812789)",104.0,105.0,Westchester
4125017010,2/12/2018,2018,11,8834 S READING AVE,WESTCHESTER ,90045.0,2.0,,33.9567414,-118.3813956,"(33.9567414, -118.3813956)",POINT (372361.79315559706 3758219.117848234),8833 S. Reading Ave.,90045.0,11.0,2020,5.0,33,0.1515151515151515,2020,TOC,90045,,2.0,,3.0,,,,TOC Tier 3,deduplicated_matched,8833 S. Reading Ave.,33.9568595,-118.3818282,"(33.9568595, -118.3818282)",104.0,105.0,Westchester
4208005020,5/4/2015,2015,5,10300 W VENICE BLVD,LOS ANGELES ,90232.0,6.0,34.0,34.0452252,-118.350816,"(34.0452252, -118.350816)",POINT (375316.8726286177 3767993.4179165987),12444 W. Venice Blvd.,90066.0,11.0,2020,7.0,77,0.0909090909090909,2020,DB,90066,2023-03-10 00:00:00,,,7.0,,,,,deduplicated_matched,12444 W. Venice Blvd.,34.0452252,-118.350816,"(34.0452252, -118.350816)",60.0,61.0,Mid-City
4208005020,5/4/2015,2015,5,10300 W VENICE BLVD,LOS ANGELES ,90232.0,6.0,34.0,34.0452252,-118.350816,"(34.0452252, -118.350816)",POINT (375316.8726286177 3767993.4179165987),11820 W. Venice Blvd.,90066.0,11.0,2020,1.0,13,0.0769230769230769,2020,UDU,90066,,,,1.0,,,,UDU,deduplicated_matched,11820 W. Venice Blvd.,34.0452252,-118.350816,"(34.0452252, -118.350816)",60.0,61.0,Mid-City
4208005020,5/4/2015,2015,5,10300 W VENICE BLVD,LOS ANGELES ,90232.0,6.0,34.0,34.0452252,-118.350816,"(34.0452252, -118.350816)",POINT (375316.8726286177 3767993.4179165987),12575 W. Venice Blvd.,90066.0,11.0,2019,5.0,52,0.0961538461538461,2019,DB,90066,2024-02-08 00:00:00,,,5.0,,,,,deduplicated_matched,12575 W. Venice Blvd.,34.0452252,-118.350816,"(34.0452252, -118.350816)",60.0,61.0,Mid-City
4208005020,5/4/2015,2015,5,10300 W VENICE BLVD,LOS ANGELES ,90232.0,6.0,34.0,34.0452252,-118.350816,"(34.0452252, -118.350816)",POINT (375316.8726286177 3767993.4179165987),10300 W Venice Blvd,90232.0,5.0,2015,3.0,34,0.088235294117647,2015,DB,90232,2019-02-26 00:00:00,,,3.0,,,,,deduplicated_matched,10300 W Venice Blvd,34.0452252,-118.350816,"(34.0452252, -118.350816)",60.0,61.0,Mid-City
4208005020,5/4/2015,2015,5,10300 W VENICE BLVD,LOS ANGELES ,90232.0,6.0,34.0,34.0452252,-118.350816,"(34.0452252, -118.350816)",POINT (375316.8726286177 3767993.4179165987),2229 W VENICE BLVD,,,2023,57.0,58,0.9827586206896552,2023,ED1,,,0.0,,0.0,45.0,12.0,0.0,,ed1,2229 W VENICE BLVD,34.0452252,-118.350816,"(34.0452252, -118.350816)",60.0,61.0,Mid-City
4208005020,5/4/2015,2015,5,10300 W VENICE BLVD,LOS ANGELES ,90232.0,6.0,34.0,34.0452252,-118.350816,"(34.0452252, -118.350816)",POINT (375316.8726286177 3767993.4179165987),1601 W VENICE BLVD,,,2024,9.0,9,1.0,2024,ED1,,,0.0,,9.0,0.0,0.0,0.0,,ed1,1601 W VENICE BLVD,34.0452252,-118.350816,"(34.0452252, -118.350816)",60.0,61.0,Mid-City
4208009003,6/6/2022,2022,5,10606 W VENICE BLVD,LOS ANGELES ,90232.0,1.0,,34.0452252,-118.350816,"(34.0452252, -118.350816)",POINT (375316.8726286177 3767993.4179165987),12444 W. Venice Blvd.,90066.0,11.0,2020,7.0,77,0.0909090909090909,2020,DB,90066,2023-03-10 00:00:00,,,7.0,,,,,deduplicated_matched,12444 W. Venice Blvd.,34.0452252,-118.350816,"(34.0452252, -118.350816)",60.0,61.0,Mid-City
4208009003,6/6/2022,2022,5,10606 W VENICE BLVD,LOS ANGELES ,90232.0,1.0,,34.0452252,-118.350816,"(34.0452252, -118.350816)",POINT (375316.8726286177 3767993.4179165987),11820 W. Venice Blvd.,90066.0,11.0,2020,1.0,13,0.0769230769230769,2020,UDU,90066,,,,1.0,,,,UDU,deduplicated_matched,11820 W. Venice Blvd.,34.0452252,-118.350816,"(34.0452252, -118.350816)",60.0,61.0,Mid-City
4208009003,6/6/2022,2022,5,10606 W VENICE BLVD,LOS ANGELES ,90232.0,1.0,,34.0452252,-118.350816,"(34.0452252, -118.350816)",POINT (375316.8726286177 3767993.4179165987),12575 W. Venice Blvd.,90066.0,11.0,2019,5.0,52,0.0961538461538461,2019,DB,90066,2024-02-08 00:00:00,,,5.0,,,,,deduplicated_matched,12575 W. Venice Blvd.,34.0452252,-118.350816,"(34.0452252, -118.350816)",60.0,61.0,Mid-City
4208009003,6/6/2022,2022,5,10606 W VENICE BLVD,LOS ANGELES ,90232.0,1.0,,34.0452252,-118.350816,"(34.0452252, -118.350816)",POINT (375316.8726286177 3767993.4179165987),10300 W Venice Blvd,90232.0,5.0,2015,3.0,34,0.088235294117647,2015,DB,90232,2019-02-26 00:00:00,,,3.0,,,,,deduplicated_matched,10300 W Venice Blvd,34.0452252,-118.350816,"(34.0452252, -118.350816)",60.0,61.0,Mid-City
4208009003,6/6/2022,2022,5,10606 W VENICE BLVD,LOS ANGELES ,90232.0,1.0,,34.0452252,-118.350816,"(34.0452252, -118.350816)",POINT (375316.8726286177 3767993.4179165987),2229 W VENICE BLVD,,,2023,57.0,58,0.9827586206896552,2023,ED1,,,0.0,,0.0,45.0,12.0,0.0,,ed1,2229 W VENICE BLVD,34.0452252,-118.350816,"(34.0452252, -118.350816)",60.0,61.0,Mid-City
4208009003,6/6/2022,2022,5,10606 W VENICE BLVD,LOS ANGELES ,90232.0,1.0,,34.0452252,-118.350816,"(34.0452252, -118.350816)",POINT (375316.8726286177 3767993.4179165987),1601 W VENICE BLVD,,,2024,9.0,9,1.0,2024,ED1,,,0.0,,9.0,0.0,0.0,0.0,,ed1,1601 W VENICE BLVD,34.0452252,-118.350816,"(34.0452252, -118.350816)",60.0,61.0,Mid-City
4208009004,6/5/2019,2019,5,10610 W VENICE BLVD,LOS ANGELES ,90232.0,4.0,,34.0452252,-118.350816,"(34.0452252, -118.350816)",POINT (375316.8726286177 3767993.4179165987),12444 W. Venice Blvd.,90066.0,11.0,2020,7.0,77,0.0909090909090909,2020,DB,90066,2023-03-10 00:00:00,,,7.0,,,,,deduplicated_matched,12444 W. Venice Blvd.,34.0452252,-118.350816,"(34.0452252, -118.350816)",60.0,61.0,Mid-City
4208009004,6/5/2019,2019,5,10610 W VENICE BLVD,LOS ANGELES ,90232.0,4.0,,34.0452252,-118.350816,"(34.0452252, -118.350816)",POINT (375316.8726286177 3767993.4179165987),11820 W. Venice Blvd.,90066.0,11.0,2020,1.0,13,0.0769230769230769,2020,UDU,90066,,,,1.0,,,,UDU,deduplicated_matched,11820 W. Venice Blvd.,34.0452252,-118.350816,"(34.0452252, -118.350816)",60.0,61.0,Mid-City
4208009004,6/5/2019,2019,5,10610 W VENICE BLVD,LOS ANGELES ,90232.0,4.0,,34.0452252,-118.350816,"(34.0452252, -118.350816)",POINT (375316.8726286177 3767993.4179165987),12575 W. Venice Blvd.,90066.0,11.0,2019,5.0,52,0.0961538461538461,2019,DB,90066,2024-02-08 00:00:00,,,5.0,,,,,deduplicated_matched,12575 W. Venice Blvd.,34.0452252,-118.350816,"(34.0452252, -118.350816)",60.0,61.0,Mid-City
4208009004,6/5/2019,2019,5,10610 W VENICE BLVD,LOS ANGELES ,90232.0,4.0,,34.0452252,-118.350816,"(34.0452252, -118.350816)",POINT (375316.8726286177 3767993.4179165987),10300 W Venice Blvd,90232.0,5.0,2015,3.0,34,0.088235294117647,2015,DB,90232,2019-02-26 00:00:00,,,3.0,,,,,deduplicated_matched,10300 W Venice Blvd,34.0452252,-118.350816,"(34.0452252, -118.350816)",60.0,61.0,Mid-City
4208009004,6/5/2019,2019,5,10610 W VENICE BLVD,LOS ANGELES ,90232.0,4.0,,34.0452252,-118.350816,"(34.0452252, -118.350816)",POINT (375316.8726286177 3767993.4179165987),2229 W VENICE BLVD,,,2023,57.0,58,0.9827586206896552,2023,ED1,,,0.0,,0.0,45.0,12.0,0.0,,ed1,2229 W VENICE BLVD,34.0452252,-118.350816,"(34.0452252, -118.350816)",60.0,61.0,Mid-City
4208009004,6/5/2019,2019,5,10610 W VENICE BLVD,LOS ANGELES ,90232.0,4.0,,34.0452252,-118.350816,"(34.0452252, -118.350816)",POINT (375316.8726286177 3767993.4179165987),1601 W VENICE BLVD,,,2024,9.0,9,1.0,2024,ED1,,,0.0,,9.0,0.0,0.0,0.0,,ed1,1601 W VENICE BLVD,34.0452252,-118.350816,"(34.0452252, -118.350816)",60.0,61.0,Mid-City
4217007003,4/28/2017,2017,11,4367 S BERRYMAN AVE,LOS ANGELES ,90066.0,16.0,,34.0004075,-118.4143205,"(34.0004075, -118.4143205)",POINT (369386.1812623191 3763102.7386426004),4367 S. Berryman Ave.,90066.0,11.0,2019,3.0,32,0.09375,2019,DB,90066,,,,3.0,,,,,deduplicated_matched,4367 S. Berryman Ave.,34.0004075,-118.4143205,"(34.0004075, -118.4143205)",22.0,23.0,Del Rey
4221007026,7/13/2018,2018,11,4712 S CENTINELA AVE,LOS ANGELES ,90066.0,2.0,,33.9903205,-118.4195969,"(33.9903205, -118.4195969)",POINT (368883.364367141 3761990.9238748713),4706 S. Centinela Ave.,90066.0,11.0,2021,2.0,18,0.1111111111111111,2021,DB,90066,,,,2.0,,,,,deduplicated_matched,4706 S. Centinela Ave.,33.9904403,-118.4196934,"(33.9904403, -118.4196934)",22.0,23.0,Del Rey
4221007027,7/13/2018,2018,11,4708 S CENTINELA AVE,LOS ANGELES ,90066.0,2.0,,33.9903662,-118.4196536,"(33.9903662, -118.4196536)",POINT (368878.19725598727 3761996.064141253),4706 S. Centinela Ave.,90066.0,11.0,2021,2.0,18,0.1111111111111111,2021,DB,90066,,,,2.0,,,,,deduplicated_matched,4706 S. Centinela Ave.,33.9904403,-118.4196934,"(33.9904403, -118.4196934)",22.0,23.0,Del Rey
4227008001,12/28/2016,2016,11,401 E HOWLAND CL,LOS ANGELES ,90291.0,2.0,,34.0549076,-118.242643,"(34.0549076, -118.242643)",POINT (385315.12050330953 3768940.5467975615),1200 S. Magnolia Ave.,90006.0,1.0,2022,2.0,21,0.0952380952380952,2022,TOC,90006,,2.0,,,,,,TOC Tier 2,deduplicated_matched,1200 S. Magnolia Ave.,34.0549076,-118.242643,"(34.0549076, -118.242643)",23.0,24.0,Downtown
4227008001,12/28/2016,2016,11,401 E HOWLAND CL,LOS ANGELES ,90291.0,2.0,,34.0549076,-118.242643,"(34.0549076, -118.242643)",POINT (385315.12050330953 3768940.5467975615),1240 S. Magnolia Ave.,90006.0,1.0,2022,4.0,36,0.1111111111111111,2022,TOC,90006,,4.0,,,,,,TOC Tier 2,deduplicated_matched,1240 S. Magnolia Ave.,34.0549076,-118.242643,"(34.0549076, -118.242643)",23.0,24.0,Downtown
4227008001,12/28/2016,2016,11,401 E HOWLAND CL,LOS ANGELES ,90291.0,2.0,,34.0549076,-118.242643,"(34.0549076, -118.242643)",POINT (385315.12050330953 3768940.5467975615),1505 S. Magnolia Ave.,90006.0,1.0,2020,1.0,5,0.2,2020,UDU,90006,,,,1.0,,,,UDU,deduplicated_matched,1505 S. Magnolia Ave.,34.0549076,-118.242643,"(34.0549076, -118.242643)",23.0,24.0,Downtown
4227008001,12/28/2016,2016,11,401 E HOWLAND CL,LOS ANGELES ,90291.0,2.0,,34.0549076,-118.242643,"(34.0549076, -118.242643)",POINT (385315.12050330953 3768940.5467975615),1338 N Gordon St,90028.0,13.0,2016,4.0,44,0.0909090909090909,2016,DB,90028,2019-08-15 00:00:00,,,4.0,,,,,deduplicated_matched,1338 N Gordon St,34.0549076,-118.242643,"(34.0549076, -118.242643)",23.0,24.0,Downtown
4227008001,12/28/2016,2016,11,401 E HOWLAND CL,LOS ANGELES ,90291.0,2.0,,34.0549076,-118.242643,"(34.0549076, -118.242643)",POINT (385315.12050330953 3768940.5467975615),"1813-1819 Prosser, Los Angeles 90027",90027.0,5.0,2010,2.0,21,0.0952380952380952,2010,DB,90027,2011-09-06 00:00:00,,,2.0,,,,,deduplicated_matched,"1813-1819 Prosser, Los Angeles",34.0549076,-118.242643,"(34.0549076, -118.242643)",23.0,24.0,Downtown
4227008001,12/28/2016,2016,11,401 E HOWLAND CL,LOS ANGELES ,90291.0,2.0,,34.0549076,-118.242643,"(34.0549076, -118.242643)",POINT (385315.12050330953 3768940.5467975615),2654 S MAGNOLIA AVE,,,2024,14.0,15,0.9333333333333332,2024,ED1,,,0.0,,1.0,10.0,3.0,0.0,,ed1,2654 S MAGNOLIA AVE,34.0549076,-118.242643,"(34.0549076, -118.242643)",23.0,24.0,Downtown
4227014006,12/27/2017,2017,11,442 E SHERMAN CL,LOS ANGELES ,90291.0,2.0,,34.0549076,-118.242643,"(34.0549076, -118.242643)",POINT (385315.12050330953 3768940.5467975615),1200 S. Magnolia Ave.,90006.0,1.0,2022,2.0,21,0.0952380952380952,2022,TOC,90006,,2.0,,,,,,TOC Tier 2,deduplicated_matched,1200 S. Magnolia Ave.,34.0549076,-118.242643,"(34.0549076, -118.242643)",23.0,24.0,Downtown
4227014006,12/27/2017,2017,11,442 E SHERMAN CL,LOS ANGELES ,90291.0,2.0,,34.0549076,-118.242643,"(34.0549076, -118.242643)",POINT (385315.12050330953 3768940.5467975615),1240 S. Magnolia Ave.,90006.0,1.0,2022,4.0,36,0.1111111111111111,2022,TOC,90006,,4.0,,,,,,TOC Tier 2,deduplicated_matched,1240 S. Magnolia Ave.,34.0549076,-118.242643,"(34.0549076, -118.242643)",23.0,24.0,Downtown
4227014006,12/27/2017,2017,11,442 E SHERMAN CL,LOS ANGELES ,90291.0,2.0,,34.0549076,-118.242643,"(34.0549076, -118.242643)",POINT (385315.12050330953 3768940.5467975615),1505 S. Magnolia Ave.,90006.0,1.0,2020,1.0,5,0.2,2020,UDU,90006,,,,1.0,,,,UDU,deduplicated_matched,1505 S. Magnolia Ave.,34.0549076,-118.242643,"(34.0549076, -118.242643)",23.0,24.0,Downtown
4227014006,12/27/2017,2017,11,442 E SHERMAN CL,LOS ANGELES ,90291.0,2.0,,34.0549076,-118.242643,"(34.0549076, -118.242643)",POINT (385315.12050330953 3768940.5467975615),1338 N Gordon St,90028.0,13.0,2016,4.0,44,0.0909090909090909,2016,DB,90028,2019-08-15 00:00:00,,,4.0,,,,,deduplicated_matched,1338 N Gordon St,34.0549076,-118.242643,"(34.0549076, -118.242643)",23.0,24.0,Downtown
4227014006,12/27/2017,2017,11,442 E SHERMAN CL,LOS ANGELES ,90291.0,2.0,,34.0549076,-118.242643,"(34.0549076, -118.242643)",POINT (385315.12050330953 3768940.5467975615),"1813-1819 Prosser, Los Angeles 90027",90027.0,5.0,2010,2.0,21,0.0952380952380952,2010,DB,90027,2011-09-06 00:00:00,,,2.0,,,,,deduplicated_matched,"1813-1819 Prosser, Los Angeles",34.0549076,-118.242643,"(34.0549076, -118.242643)",23.0,24.0,Downtown
4227014006,12/27/2017,2017,11,442 E SHERMAN CL,LOS ANGELES ,90291.0,2.0,,34.0549076,-118.242643,"(34.0549076, -118.242643)",POINT (385315.12050330953 3768940.5467975615),2654 S MAGNOLIA AVE,,,2024,14.0,15,0.9333333333333332,2024,ED1,,,0.0,,1.0,10.0,3.0,0.0,,ed1,2654 S MAGNOLIA AVE,34.0549076,-118.242643,"(34.0549076, -118.242643)",23.0,24.0,Downtown
4230003063,9/1/2022,2022,11,13481 W BEACH AVE,LOS ANGELES ,90292.0,4.0,,33.9702223,-118.3613688,"(33.9702223, -118.3613688)",POINT (374232.2096403303 3759689.258571357),13448 W. Beach Ave.,90292.0,11.0,2017,23.0,228,0.1008771929824561,2017,DB,90292,2020-10-30 00:00:00,,,23.0,,,,,deduplicated_matched,13448 W. Beach Ave.,33.9702223,-118.3613688,"(33.9702223, -118.3613688)",,,
4230003063,9/1/2022,2022,11,13481 W BEACH AVE,LOS ANGELES ,90292.0,4.0,,33.9702223,-118.3613688,"(33.9702223, -118.3613688)",POINT (374232.2096403303 3759689.258571357),13368 West Beach Avenue,90292.0,11.0,2014,20.0,21,0.9523809523809524,2014,DB,90292,2016-03-02 00:00:00,,,15.0,5.0,,,,deduplicated_matched,13368 West Beach Avenue,33.9702223,-118.3613688,"(33.9702223, -118.3613688)",,,
4232001010,10/6/2023,2023,11,12036 W WASHINGTON PL,LOS ANGELES ,90066.0,3.0,,33.9972743,-118.4231253,"(33.9972743, -118.4231253)",POINT (368568.1601797129 3762766.5574752153),12021 W. Washington Pl.,90066.0,11.0,2019,1.0,3,0.3333333333333333,2019,Other/Discretionary,90066,7/13/2021 (Term.),,,,1.0,,,UDU,deduplicated_matched,12021 W. Washington Pl.,33.9973396,-118.4227754,"(33.9973396, -118.4227754)",,,
4232001011,3/23/2023,2023,11,12032 W WASHINGTON PL,LOS ANGELES ,90066.0,3.0,,33.9973052,-118.4230548,"(33.9973052, -118.4230548)",POINT (368574.7192650147 3762769.8935531164),12021 W. Washington Pl.,90066.0,11.0,2019,1.0,3,0.3333333333333333,2019,Other/Discretionary,90066,7/13/2021 (Term.),,,,1.0,,,UDU,deduplicated_matched,12021 W. Washington Pl.,33.9973396,-118.4227754,"(33.9973396, -118.4227754)",,,
4232023032,11/23/2020,2020,11,4432 S CENTINELA AVE,LOS ANGELES ,90066.0,4.0,4.0,33.9938163,-118.4241243,"(33.9938163, -118.4241243)",POINT (368470.560734565 3762384.3790029204),4427 S. Centinela Ave.,90066.0,11.0,2018,1.0,3,0.3333333333333333,2018,Other/Discretionary,90066,2021-02-23 00:00:00,,,,,1.0,,UDU,deduplicated_matched,4427 S. Centinela Ave.,33.9934983,-118.4245022,"(33.9934983, -118.4245022)",22.0,23.0,Del Rey
4233007007,1/5/2015,2015,11,4227 S MCLAUGHLIN AVE,LOS ANGELES ,90066.0,2.0,14.0,34.0008462,-118.4188711,"(34.0008462, -118.4188711)",POINT (368966.57052762696 3763157.198423141),4227 S McLaughlin Ave,90066.0,11.0,2015,1.0,14,0.0714285714285714,2015,DB,90066,2018-03-19 00:00:00,,,1.0,,,,,deduplicated_matched,4227 S McLaughlin Ave,34.0008462,-118.4188711,"(34.0008462, -118.4188711)",59.0,60.0,Mar Vista
4233007007,1/5/2015,2015,11,4227 S MCLAUGHLIN AVE,LOS ANGELES ,90066.0,2.0,14.0,34.0008462,-118.4188711,"(34.0008462, -118.4188711)",POINT (368966.57052762696 3763157.198423141),4231 S McLaughlin Ave,90066.0,11.0,2015,2.0,13,0.1538461538461538,2015,DB,90066,2020-02-04 00:00:00,,,1.0,1.0,,,,deduplicated_matched,4231 S McLaughlin Ave,34.00076749999999,-118.4187291,"(34.00076749999999, -118.4187291)",59.0,60.0,Mar Vista
4233019020,6/10/2011,2011,11,11900 W COURTLEIGH DR,Los Angeles ,90066.0,4.0,28.0,33.99717529999999,-118.4187522,"(33.99717529999999, -118.4187522)",POINT (368971.9142728782 3762749.977143404),"11900 W. Courtleigh Dr., Los Angeles, CA",90066.0,11.0,2012,3.0,28,0.1071428571428571,2012,DB,90066,2014-02-28 00:00:00,,,3.0,,,,,deduplicated_matched,"11900 W. Courtleigh Dr., Los Angeles, CA",33.99717529999999,-118.4187522,"(33.99717529999999, -118.4187522)",22.0,23.0,Del Rey
4233020016,7/31/2019,2019,11,4460 S INGLEWOOD BLVD,LOS ANGELES ,90066.0,3.0,24.0,33.9954211,-118.4183834,"(33.9954211, -118.4183834)",POINT (369003.284107675 3762554.9808643544),11955 W. Culver Blvd.,90066.0,11.0,2019,3.0,24,0.125,2019,DB,90066,2022-04-19 00:00:00,,,3.0,,,,,deduplicated_matched,11955 W. Culver Blvd.,33.9952499,-118.4179927,"(33.9952499, -118.4179927)",22.0,23.0,Del Rey
4233022010,8/22/2013,2013,11,11811 W CULVER BLVD,Los Angeles ,90066.0,4.0,27.0,33.9973389,-118.416556,"(33.9973389, -118.416556)",POINT (369175.00959830784 3762765.3119521816),11811 West Culver Blvd,90066.0,11.0,2014,3.0,27,0.1111111111111111,2014,DB,90066,2016-10-26 00:00:00,,,3.0,,,,,deduplicated_matched,11811 West Culver Blvd,33.9973389,-118.416556,"(33.9973389, -118.416556)",22.0,23.0,Del Rey
4233023087,8/14/2018,2018,11,11800 W COURTLEIGH DR,LOS ANGELES ,90066.0,9.0,,33.9983065,-118.4176293,"(33.9983065, -118.4176293)",POINT (369077.3628918364 3762873.981113406),11738 West Courtleigh Drive,90066.0,11.0,2014,18.0,18,1.0,2014,DB,90066,2015-09-01 00:00:00,,,,18.0,,,,deduplicated_matched,11738 West Courtleigh Drive,33.9987088,-118.4174274,"(33.9987088, -118.4174274)",22.0,23.0,Del Rey
4234003014,12/15/2015,2015,11,11309 W VENICE BLVD,LOS ANGELES ,90066.0,2.0,,34.0452252,-118.350816,"(34.0452252, -118.350816)",POINT (375316.8726286177 3767993.4179165987),12444 W. Venice Blvd.,90066.0,11.0,2020,7.0,77,0.0909090909090909,2020,DB,90066,2023-03-10 00:00:00,,,7.0,,,,,deduplicated_matched,12444 W. Venice Blvd.,34.0452252,-118.350816,"(34.0452252, -118.350816)",60.0,61.0,Mid-City
4234003014,12/15/2015,2015,11,11309 W VENICE BLVD,LOS ANGELES ,90066.0,2.0,,34.0452252,-118.350816,"(34.0452252, -118.350816)",POINT (375316.8726286177 3767993.4179165987),11820 W. Venice Blvd.,90066.0,11.0,2020,1.0,13,0.0769230769230769,2020,UDU,90066,,,,1.0,,,,UDU,deduplicated_matched,11820 W. Venice Blvd.,34.0452252,-118.350816,"(34.0452252, -118.350816)",60.0,61.0,Mid-City
4234003014,12/15/2015,2015,11,11309 W VENICE BLVD,LOS ANGELES ,90066.0,2.0,,34.0452252,-118.350816,"(34.0452252, -118.350816)",POINT (375316.8726286177 3767993.4179165987),12575 W. Venice Blvd.,90066.0,11.0,2019,5.0,52,0.0961538461538461,2019,DB,90066,2024-02-08 00:00:00,,,5.0,,,,,deduplicated_matched,12575 W. Venice Blvd.,34.0452252,-118.350816,"(34.0452252, -118.350816)",60.0,61.0,Mid-City
4234003014,12/15/2015,2015,11,11309 W VENICE BLVD,LOS ANGELES ,90066.0,2.0,,34.0452252,-118.350816,"(34.0452252, -118.350816)",POINT (375316.8726286177 3767993.4179165987),10300 W Venice Blvd,90232.0,5.0,2015,3.0,34,0.088235294117647,2015,DB,90232,2019-02-26 00:00:00,,,3.0,,,,,deduplicated_matched,10300 W Venice Blvd,34.0452252,-118.350816,"(34.0452252, -118.350816)",60.0,61.0,Mid-City
4234003014,12/15/2015,2015,11,11309 W VENICE BLVD,LOS ANGELES ,90066.0,2.0,,34.0452252,-118.350816,"(34.0452252, -118.350816)",POINT (375316.8726286177 3767993.4179165987),2229 W VENICE BLVD,,,2023,57.0,58,0.9827586206896552,2023,ED1,,,0.0,,0.0,45.0,12.0,0.0,,ed1,2229 W VENICE BLVD,34.0452252,-118.350816,"(34.0452252, -118.350816)",60.0,61.0,Mid-City
4234003014,12/15/2015,2015,11,11309 W VENICE BLVD,LOS ANGELES ,90066.0,2.0,,34.0452252,-118.350816,"(34.0452252, -118.350816)",POINT (375316.8726286177 3767993.4179165987),1601 W VENICE BLVD,,,2024,9.0,9,1.0,2024,ED1,,,0.0,,9.0,0.0,0.0,0.0,,ed1,1601 W VENICE BLVD,34.0452252,-118.350816,"(34.0452252, -118.350816)",60.0,61.0,Mid-City
4234003058,4/17/2019,2019,11,11357 W VENICE BLVD,LOS ANGELES ,90066.0,8.0,,34.0452252,-118.350816,"(34.0452252, -118.350816)",POINT (375316.8726286177 3767993.4179165987),12444 W. Venice Blvd.,90066.0,11.0,2020,7.0,77,0.0909090909090909,2020,DB,90066,2023-03-10 00:00:00,,,7.0,,,,,deduplicated_matched,12444 W. Venice Blvd.,34.0452252,-118.350816,"(34.0452252, -118.350816)",60.0,61.0,Mid-City
4234003058,4/17/2019,2019,11,11357 W VENICE BLVD,LOS ANGELES ,90066.0,8.0,,34.0452252,-118.350816,"(34.0452252, -118.350816)",POINT (375316.8726286177 3767993.4179165987),11820 W. Venice Blvd.,90066.0,11.0,2020,1.0,13,0.0769230769230769,2020,UDU,90066,,,,1.0,,,,UDU,deduplicated_matched,11820 W. Venice Blvd.,34.0452252,-118.350816,"(34.0452252, -118.350816)",60.0,61.0,Mid-City
4234003058,4/17/2019,2019,11,11357 W VENICE BLVD,LOS ANGELES ,90066.0,8.0,,34.0452252,-118.350816,"(34.0452252, -118.350816)",POINT (375316.8726286177 3767993.4179165987),12575 W. Venice Blvd.,90066.0,11.0,2019,5.0,52,0.0961538461538461,2019,DB,90066,2024-02-08 00:00:00,,,5.0,,,,,deduplicated_matched,12575 W. Venice Blvd.,34.0452252,-118.350816,"(34.0452252, -118.350816)",60.0,61.0,Mid-City
4234003058,4/17/2019,2019,11,11357 W VENICE BLVD,LOS ANGELES ,90066.0,8.0,,34.0452252,-118.350816,"(34.0452252, -118.350816)",POINT (375316.8726286177 3767993.4179165987),10300 W Venice Blvd,90232.0,5.0,2015,3.0,34,0.088235294117647,2015,DB,90232,2019-02-26 00:00:00,,,3.0,,,,,deduplicated_matched,10300 W Venice Blvd,34.0452252,-118.350816,"(34.0452252, -118.350816)",60.0,61.0,Mid-City
4234003058,4/17/2019,2019,11,11357 W VENICE BLVD,LOS ANGELES ,90066.0,8.0,,34.0452252,-118.350816,"(34.0452252, -118.350816)",POINT (375316.8726286177 3767993.4179165987),2229 W VENICE BLVD,,,2023,57.0,58,0.9827586206896552,2023,ED1,,,0.0,,0.0,45.0,12.0,0.0,,ed1,2229 W VENICE BLVD,34.0452252,-118.350816,"(34.0452252, -118.350816)",60.0,61.0,Mid-City
4234003058,4/17/2019,2019,11,11357 W VENICE BLVD,LOS ANGELES ,90066.0,8.0,,34.0452252,-118.350816,"(34.0452252, -118.350816)",POINT (375316.8726286177 3767993.4179165987),1601 W VENICE BLVD,,,2024,9.0,9,1.0,2024,ED1,,,0.0,,9.0,0.0,0.0,0.0,,ed1,1601 W VENICE BLVD,34.0452252,-118.350816,"(34.0452252, -118.350816)",60.0,61.0,Mid-City
4234003060,2/8/2016,2016,11,11351 W VENICE BLVD,LOS ANGELES ,90066.0,3.0,,34.0452252,-118.350816,"(34.0452252, -118.350816)",POINT (375316.8726286177 3767993.4179165987),12444 W. Venice Blvd.,90066.0,11.0,2020,7.0,77,0.0909090909090909,2020,DB,90066,2023-03-10 00:00:00,,,7.0,,,,,deduplicated_matched,12444 W. Venice Blvd.,34.0452252,-118.350816,"(34.0452252, -118.350816)",60.0,61.0,Mid-City
4234003060,2/8/2016,2016,11,11351 W VENICE BLVD,LOS ANGELES ,90066.0,3.0,,34.0452252,-118.350816,"(34.0452252, -118.350816)",POINT (375316.8726286177 3767993.4179165987),11820 W. Venice Blvd.,90066.0,11.0,2020,1.0,13,0.0769230769230769,2020,UDU,90066,,,,1.0,,,,UDU,deduplicated_matched,11820 W. Venice Blvd.,34.0452252,-118.350816,"(34.0452252, -118.350816)",60.0,61.0,Mid-City
4234003060,2/8/2016,2016,11,11351 W VENICE BLVD,LOS ANGELES ,90066.0,3.0,,34.0452252,-118.350816,"(34.0452252, -118.350816)",POINT (375316.8726286177 3767993.4179165987),12575 W. Venice Blvd.,90066.0,11.0,2019,5.0,52,0.0961538461538461,2019,DB,90066,2024-02-08 00:00:00,,,5.0,,,,,deduplicated_matched,12575 W. Venice Blvd.,34.0452252,-118.350816,"(34.0452252, -118.350816)",60.0,61.0,Mid-City
4234003060,2/8/2016,2016,11,11351 W VENICE BLVD,LOS ANGELES ,90066.0,3.0,,34.0452252,-118.350816,"(34.0452252, -118.350816)",POINT (375316.8726286177 3767993.4179165987),10300 W Venice Blvd,90232.0,5.0,2015,3.0,34,0.088235294117647,2015,DB,90232,2019-02-26 00:00:00,,,3.0,,,,,deduplicated_matched,10300 W Venice Blvd,34.0452252,-118.350816,"(34.0452252, -118.350816)",60.0,61.0,Mid-City
4234003060,2/8/2016,2016,11,11351 W VENICE BLVD,LOS ANGELES ,90066.0,3.0,,34.0452252,-118.350816,"(34.0452252, -118.350816)",POINT (375316.8726286177 3767993.4179165987),2229 W VENICE BLVD,,,2023,57.0,58,0.9827586206896552,2023,ED1,,,0.0,,0.0,45.0,12.0,0.0,,ed1,2229 W VENICE BLVD,34.0452252,-118.350816,"(34.0452252, -118.350816)",60.0,61.0,Mid-City
4234003060,2/8/2016,2016,11,11351 W VENICE BLVD,LOS ANGELES ,90066.0,3.0,,34.0452252,-118.350816,"(34.0452252, -118.350816)",POINT (375316.8726286177 3767993.4179165987),1601 W VENICE BLVD,,,2024,9.0,9,1.0,2024,ED1,,,0.0,,9.0,0.0,0.0,0.0,,ed1,1601 W VENICE BLVD,34.0452252,-118.350816,"(34.0452252, -118.350816)",60.0,61.0,Mid-City
4234008024,12/2/2015,2015,11,11411 W VENICE BLVD,LOS ANGELES ,90066.0,4.0,,34.0452252,-118.350816,"(34.0452252, -118.350816)",POINT (375316.8726286177 3767993.4179165987),12444 W. Venice Blvd.,90066.0,11.0,2020,7.0,77,0.0909090909090909,2020,DB,90066,2023-03-10 00:00:00,,,7.0,,,,,deduplicated_matched,12444 W. Venice Blvd.,34.0452252,-118.350816,"(34.0452252, -118.350816)",60.0,61.0,Mid-City
4234008024,12/2/2015,2015,11,11411 W VENICE BLVD,LOS ANGELES ,90066.0,4.0,,34.0452252,-118.350816,"(34.0452252, -118.350816)",POINT (375316.8726286177 3767993.4179165987),11820 W. Venice Blvd.,90066.0,11.0,2020,1.0,13,0.0769230769230769,2020,UDU,90066,,,,1.0,,,,UDU,deduplicated_matched,11820 W. Venice Blvd.,34.0452252,-118.350816,"(34.0452252, -118.350816)",60.0,61.0,Mid-City
4234008024,12/2/2015,2015,11,11411 W VENICE BLVD,LOS ANGELES ,90066.0,4.0,,34.0452252,-118.350816,"(34.0452252, -118.350816)",POINT (375316.8726286177 3767993.4179165987),12575 W. Venice Blvd.,90066.0,11.0,2019,5.0,52,0.0961538461538461,2019,DB,90066,2024-02-08 00:00:00,,,5.0,,,,,deduplicated_matched,12575 W. Venice Blvd.,34.0452252,-118.350816,"(34.0452252, -118.350816)",60.0,61.0,Mid-City
4234008024,12/2/2015,2015,11,11411 W VENICE BLVD,LOS ANGELES ,90066.0,4.0,,34.0452252,-118.350816,"(34.0452252, -118.350816)",POINT (375316.8726286177 3767993.4179165987),10300 W Venice Blvd,90232.0,5.0,2015,3.0,34,0.088235294117647,2015,DB,90232,2019-02-26 00:00:00,,,3.0,,,,,deduplicated_matched,10300 W Venice Blvd,34.0452252,-118.350816,"(34.0452252, -118.350816)",60.0,61.0,Mid-City
4234008024,12/2/2015,2015,11,11411 W VENICE BLVD,LOS ANGELES ,90066.0,4.0,,34.0452252,-118.350816,"(34.0452252, -118.350816)",POINT (375316.8726286177 3767993.4179165987),2229 W VENICE BLVD,,,2023,57.0,58,0.9827586206896552,2023,ED1,,,0.0,,0.0,45.0,12.0,0.0,,ed1,2229 W VENICE BLVD,34.0452252,-118.350816,"(34.0452252, -118.350816)",60.0,61.0,Mid-City
4234008024,12/2/2015,2015,11,11411 W VENICE BLVD,LOS ANGELES ,90066.0,4.0,,34.0452252,-118.350816,"(34.0452252, -118.350816)",POINT (375316.8726286177 3767993.4179165987),1601 W VENICE BLVD,,,2024,9.0,9,1.0,2024,ED1,,,0.0,,9.0,0.0,0.0,0.0,,ed1,1601 W VENICE BLVD,34.0452252,-118.350816,"(34.0452252, -118.350816)",60.0,61.0,Mid-City
4234008041,12/2/2015,2015,11,11403 W VENICE BLVD,LOS ANGELES ,90066.0,4.0,,34.0452252,-118.350816,"(34.0452252, -118.350816)",POINT (375316.8726286177 3767993.4179165987),12444 W. Venice Blvd.,90066.0,11.0,2020,7.0,77,0.0909090909090909,2020,DB,90066,2023-03-10 00:00:00,,,7.0,,,,,deduplicated_matched,12444 W. Venice Blvd.,34.0452252,-118.350816,"(34.0452252, -118.350816)",60.0,61.0,Mid-City
4234008041,12/2/2015,2015,11,11403 W VENICE BLVD,LOS ANGELES ,90066.0,4.0,,34.0452252,-118.350816,"(34.0452252, -118.350816)",POINT (375316.8726286177 3767993.4179165987),11820 W. Venice Blvd.,90066.0,11.0,2020,1.0,13,0.0769230769230769,2020,UDU,90066,,,,1.0,,,,UDU,deduplicated_matched,11820 W. Venice Blvd.,34.0452252,-118.350816,"(34.0452252, -118.350816)",60.0,61.0,Mid-City
4234008041,12/2/2015,2015,11,11403 W VENICE BLVD,LOS ANGELES ,90066.0,4.0,,34.0452252,-118.350816,"(34.0452252, -118.350816)",POINT (375316.8726286177 3767993.4179165987),12575 W. Venice Blvd.,90066.0,11.0,2019,5.0,52,0.0961538461538461,2019,DB,90066,2024-02-08 00:00:00,,,5.0,,,,,deduplicated_matched,12575 W. Venice Blvd.,34.0452252,-118.350816,"(34.0452252, -118.350816)",60.0,61.0,Mid-City
4234008041,12/2/2015,2015,11,11403 W VENICE BLVD,LOS ANGELES ,90066.0,4.0,,34.0452252,-118.350816,"(34.0452252, -118.350816)",POINT (375316.8726286177 3767993.4179165987),10300 W Venice Blvd,90232.0,5.0,2015,3.0,34,0.088235294117647,2015,DB,90232,2019-02-26 00:00:00,,,3.0,,,,,deduplicated_matched,10300 W Venice Blvd,34.0452252,-118.350816,"(34.0452252, -118.350816)",60.0,61.0,Mid-City
4234008041,12/2/2015,2015,11,11403 W VENICE BLVD,LOS ANGELES ,90066.0,4.0,,34.0452252,-118.350816,"(34.0452252, -118.350816)",POINT (375316.8726286177 3767993.4179165987),2229 W VENICE BLVD,,,2023,57.0,58,0.9827586206896552,2023,ED1,,,0.0,,0.0,45.0,12.0,0.0,,ed1,2229 W VENICE BLVD,34.0452252,-118.350816,"(34.0452252, -118.350816)",60.0,61.0,Mid-City
4234008041,12/2/2015,2015,11,11403 W VENICE BLVD,LOS ANGELES ,90066.0,4.0,,34.0452252,-118.350816,"(34.0452252, -118.350816)",POINT (375316.8726286177 3767993.4179165987),1601 W VENICE BLVD,,,2024,9.0,9,1.0,2024,ED1,,,0.0,,9.0,0.0,0.0,0.0,,ed1,1601 W VENICE BLVD,34.0452252,-118.350816,"(34.0452252, -118.350816)",60.0,61.0,Mid-City
4234014016,8/29/2018,2018,11,11700 W CHARNOCK ROAD,LOS ANGELES ,90066.0,4.0,,34.0120327,-118.4284027,"(34.0120327, -118.4284027)",POINT (368103.5539497964 3764409.9164064154),10714 W. Charnock Rd.,90034.0,5.0,2022,3.0,13,0.2307692307692307,2022,TOC,90034,,2.0,,,1.0,,,TOC Tier 3,deduplicated_matched,10714 W. Charnock Rd.,34.0120327,-118.4284027,"(34.0120327, -118.4284027)",59.0,60.0,Mar Vista
4234015008,8/6/2018,2018,11,3709 S MCLAUGHLIN AVE,LOS ANGELES ,90066.0,4.0,,34.0102656,-118.426243,"(34.0102656, -118.426243)",POINT (368300.2637658102 3764211.1809066064),3705 S. McLaughlin Ave.,90066.0,11.0,2020,2.0,21,0.0952380952380952,2020,DB,90066,2024-05-29 00:00:00,,,2.0,,,,,deduplicated_matched,3705 S. McLaughlin Ave.,34.010302,-118.4264261,"(34.010302, -118.4264261)",59.0,60.0,Mar Vista
4234017017,10/4/2016,2016,11,3607 S BARRY AVE,LOS ANGELES ,90066.0,2.0,,34.011613,-118.428853,"(34.011613, -118.428853)",POINT (368061.32134689204 3764363.9554524394),"1411 S. Barry Ave., Los Angeles CA",90025.0,11.0,2012,2.0,25,0.08,2012,DB,90025,2014-09-29 00:00:00,,,2.0,,,,,deduplicated_matched,"1411 S. Barry Ave., Los Angeles CA",34.0116104,-118.4291138,"(34.0116104, -118.4291138)",59.0,60.0,Mar Vista
4235002002,6/18/2018,2018,11,12610 W VENICE BLVD,LOS ANGELES ,90066.0,3.0,,34.0452252,-118.350816,"(34.0452252, -118.350816)",POINT (375316.8726286177 3767993.4179165987),12444 W. Venice Blvd.,90066.0,11.0,2020,7.0,77,0.0909090909090909,2020,DB,90066,2023-03-10 00:00:00,,,7.0,,,,,deduplicated_matched,12444 W. Venice Blvd.,34.0452252,-118.350816,"(34.0452252, -118.350816)",60.0,61.0,Mid-City
4235002002,6/18/2018,2018,11,12610 W VENICE BLVD,LOS ANGELES ,90066.0,3.0,,34.0452252,-118.350816,"(34.0452252, -118.350816)",POINT (375316.8726286177 3767993.4179165987),11820 W. Venice Blvd.,90066.0,11.0,2020,1.0,13,0.0769230769230769,2020,UDU,90066,,,,1.0,,,,UDU,deduplicated_matched,11820 W. Venice Blvd.,34.0452252,-118.350816,"(34.0452252, -118.350816)",60.0,61.0,Mid-City
4235002002,6/18/2018,2018,11,12610 W VENICE BLVD,LOS ANGELES ,90066.0,3.0,,34.0452252,-118.350816,"(34.0452252, -118.350816)",POINT (375316.8726286177 3767993.4179165987),12575 W. Venice Blvd.,90066.0,11.0,2019,5.0,52,0.0961538461538461,2019,DB,90066,2024-02-08 00:00:00,,,5.0,,,,,deduplicated_matched,12575 W. Venice Blvd.,34.0452252,-118.350816,"(34.0452252, -118.350816)",60.0,61.0,Mid-City
4235002002,6/18/2018,2018,11,12610 W VENICE BLVD,LOS ANGELES ,90066.0,3.0,,34.0452252,-118.350816,"(34.0452252, -118.350816)",POINT (375316.8726286177 3767993.4179165987),10300 W Venice Blvd,90232.0,5.0,2015,3.0,34,0.088235294117647,2015,DB,90232,2019-02-26 00:00:00,,,3.0,,,,,deduplicated_matched,10300 W Venice Blvd,34.0452252,-118.350816,"(34.0452252, -118.350816)",60.0,61.0,Mid-City
4235002002,6/18/2018,2018,11,12610 W VENICE BLVD,LOS ANGELES ,90066.0,3.0,,34.0452252,-118.350816,"(34.0452252, -118.350816)",POINT (375316.8726286177 3767993.4179165987),2229 W VENICE BLVD,,,2023,57.0,58,0.9827586206896552,2023,ED1,,,0.0,,0.0,45.0,12.0,0.0,,ed1,2229 W VENICE BLVD,34.0452252,-118.350816,"(34.0452252, -118.350816)",60.0,61.0,Mid-City
4235002002,6/18/2018,2018,11,12610 W VENICE BLVD,LOS ANGELES ,90066.0,3.0,,34.0452252,-118.350816,"(34.0452252, -118.350816)",POINT (375316.8726286177 3767993.4179165987),1601 W VENICE BLVD,,,2024,9.0,9,1.0,2024,ED1,,,0.0,,9.0,0.0,0.0,0.0,,ed1,1601 W VENICE BLVD,34.0452252,-118.350816,"(34.0452252, -118.350816)",60.0,61.0,Mid-City
4235002003,1/22/2020,2020,11,12616 W VENICE BLVD,LOS ANGELES ,90066.0,3.0,,34.0452252,-118.350816,"(34.0452252, -118.350816)",POINT (375316.8726286177 3767993.4179165987),12444 W. Venice Blvd.,90066.0,11.0,2020,7.0,77,0.0909090909090909,2020,DB,90066,2023-03-10 00:00:00,,,7.0,,,,,deduplicated_matched,12444 W. Venice Blvd.,34.0452252,-118.350816,"(34.0452252, -118.350816)",60.0,61.0,Mid-City
4235002003,1/22/2020,2020,11,12616 W VENICE BLVD,LOS ANGELES ,90066.0,3.0,,34.0452252,-118.350816,"(34.0452252, -118.350816)",POINT (375316.8726286177 3767993.4179165987),11820 W. Venice Blvd.,90066.0,11.0,2020,1.0,13,0.0769230769230769,2020,UDU,90066,,,,1.0,,,,UDU,deduplicated_matched,11820 W. Venice Blvd.,34.0452252,-118.350816,"(34.0452252, -118.350816)",60.0,61.0,Mid-City
4235002003,1/22/2020,2020,11,12616 W VENICE BLVD,LOS ANGELES ,90066.0,3.0,,34.0452252,-118.350816,"(34.0452252, -118.350816)",POINT (375316.8726286177 3767993.4179165987),12575 W. Venice Blvd.,90066.0,11.0,2019,5.0,52,0.0961538461538461,2019,DB,90066,2024-02-08 00:00:00,,,5.0,,,,,deduplicated_matched,12575 W. Venice Blvd.,34.0452252,-118.350816,"(34.0452252, -118.350816)",60.0,61.0,Mid-City
4235002003,1/22/2020,2020,11,12616 W VENICE BLVD,LOS ANGELES ,90066.0,3.0,,34.0452252,-118.350816,"(34.0452252, -118.350816)",POINT (375316.8726286177 3767993.4179165987),10300 W Venice Blvd,90232.0,5.0,2015,3.0,34,0.088235294117647,2015,DB,90232,2019-02-26 00:00:00,,,3.0,,,,,deduplicated_matched,10300 W Venice Blvd,34.0452252,-118.350816,"(34.0452252, -118.350816)",60.0,61.0,Mid-City
4235002003,1/22/2020,2020,11,12616 W VENICE BLVD,LOS ANGELES ,90066.0,3.0,,34.0452252,-118.350816,"(34.0452252, -118.350816)",POINT (375316.8726286177 3767993.4179165987),2229 W VENICE BLVD,,,2023,57.0,58,0.9827586206896552,2023,ED1,,,0.0,,0.0,45.0,12.0,0.0,,ed1,2229 W VENICE BLVD,34.0452252,-118.350816,"(34.0452252, -118.350816)",60.0,61.0,Mid-City
4235002003,1/22/2020,2020,11,12616 W VENICE BLVD,LOS ANGELES ,90066.0,3.0,,34.0452252,-118.350816,"(34.0452252, -118.350816)",POINT (375316.8726286177 3767993.4179165987),1601 W VENICE BLVD,,,2024,9.0,9,1.0,2024,ED1,,,0.0,,9.0,0.0,0.0,0.0,,ed1,1601 W VENICE BLVD,34.0452252,-118.350816,"(34.0452252, -118.350816)",60.0,61.0,Mid-City
4235004009,7/15/2015,2015,11,12632 W MATTESON AVE,LOS ANGELES ,90066.0,3.0,29.0,33.999502,-118.436279,"(33.999502, -118.436279)",POINT (367356.72624169703 3763030.5441700094),12636 W Matteson Ave,90066.0,11.0,2015,3.0,29,0.1034482758620689,2015,DB,90066,2017-08-31 00:00:00,,,3.0,,,,,deduplicated_matched,12636 W Matteson Ave,33.9994901,-118.4362531,"(33.9994901, -118.4362531)",59.0,60.0,Mar Vista
4235012003,11/20/2019,2019,11,12518 W VENICE BLVD,LOS ANGELES ,90066.0,11.0,,34.0452252,-118.350816,"(34.0452252, -118.350816)",POINT (375316.8726286177 3767993.4179165987),12444 W. Venice Blvd.,90066.0,11.0,2020,7.0,77,0.0909090909090909,2020,DB,90066,2023-03-10 00:00:00,,,7.0,,,,,deduplicated_matched,12444 W. Venice Blvd.,34.0452252,-118.350816,"(34.0452252, -118.350816)",60.0,61.0,Mid-City
4235012003,11/20/2019,2019,11,12518 W VENICE BLVD,LOS ANGELES ,90066.0,11.0,,34.0452252,-118.350816,"(34.0452252, -118.350816)",POINT (375316.8726286177 3767993.4179165987),11820 W. Venice Blvd.,90066.0,11.0,2020,1.0,13,0.0769230769230769,2020,UDU,90066,,,,1.0,,,,UDU,deduplicated_matched,11820 W. Venice Blvd.,34.0452252,-118.350816,"(34.0452252, -118.350816)",60.0,61.0,Mid-City
4235012003,11/20/2019,2019,11,12518 W VENICE BLVD,LOS ANGELES ,90066.0,11.0,,34.0452252,-118.350816,"(34.0452252, -118.350816)",POINT (375316.8726286177 3767993.4179165987),12575 W. Venice Blvd.,90066.0,11.0,2019,5.0,52,0.0961538461538461,2019,DB,90066,2024-02-08 00:00:00,,,5.0,,,,,deduplicated_matched,12575 W. Venice Blvd.,34.0452252,-118.350816,"(34.0452252, -118.350816)",60.0,61.0,Mid-City
4235012003,11/20/2019,2019,11,12518 W VENICE BLVD,LOS ANGELES ,90066.0,11.0,,34.0452252,-118.350816,"(34.0452252, -118.350816)",POINT (375316.8726286177 3767993.4179165987),10300 W Venice Blvd,90232.0,5.0,2015,3.0,34,0.088235294117647,2015,DB,90232,2019-02-26 00:00:00,,,3.0,,,,,deduplicated_matched,10300 W Venice Blvd,34.0452252,-118.350816,"(34.0452252, -118.350816)",60.0,61.0,Mid-City
4235012003,11/20/2019,2019,11,12518 W VENICE BLVD,LOS ANGELES ,90066.0,11.0,,34.0452252,-118.350816,"(34.0452252, -118.350816)",POINT (375316.8726286177 3767993.4179165987),2229 W VENICE BLVD,,,2023,57.0,58,0.9827586206896552,2023,ED1,,,0.0,,0.0,45.0,12.0,0.0,,ed1,2229 W VENICE BLVD,34.0452252,-118.350816,"(34.0452252, -118.350816)",60.0,61.0,Mid-City
4235012003,11/20/2019,2019,11,12518 W VENICE BLVD,LOS ANGELES ,90066.0,11.0,,34.0452252,-118.350816,"(34.0452252, -118.350816)",POINT (375316.8726286177 3767993.4179165987),1601 W VENICE BLVD,,,2024,9.0,9,1.0,2024,ED1,,,0.0,,9.0,0.0,0.0,0.0,,ed1,1601 W VENICE BLVD,34.0452252,-118.350816,"(34.0452252, -118.350816)",60.0,61.0,Mid-City
4236018021,10/3/2022,2022,11,12759 W CASWELL AVE,LOS ANGELES ,90066.0,2.0,,33.99804,-118.43781,"(33.99804, -118.43781)",POINT (367213.04865949537 3762870.4048491684),12770 West Caswell Avenue,90036.0,11.0,2014,1.0,11,0.0909090909090909,2014,DB,90036,2017-11-28 00:00:00,,,1.0,,,,,deduplicated_matched,12770 West Caswell Avenue,33.9976836,-118.4379554,"(33.9976836, -118.4379554)",59.0,60.0,Mar Vista
4238019004,4/24/2018,2018,11,514 E GRAND BLVD,LOS ANGELES ,90291.0,2.0,,34.0549076,-118.242643,"(34.0549076, -118.242643)",POINT (385315.12050330953 3768940.5467975615),1200 S. Magnolia Ave.,90006.0,1.0,2022,2.0,21,0.0952380952380952,2022,TOC,90006,,2.0,,,,,,TOC Tier 2,deduplicated_matched,1200 S. Magnolia Ave.,34.0549076,-118.242643,"(34.0549076, -118.242643)",23.0,24.0,Downtown
4238019004,4/24/2018,2018,11,514 E GRAND BLVD,LOS ANGELES ,90291.0,2.0,,34.0549076,-118.242643,"(34.0549076, -118.242643)",POINT (385315.12050330953 3768940.5467975615),1240 S. Magnolia Ave.,90006.0,1.0,2022,4.0,36,0.1111111111111111,2022,TOC,90006,,4.0,,,,,,TOC Tier 2,deduplicated_matched,1240 S. Magnolia Ave.,34.0549076,-118.242643,"(34.0549076, -118.242643)",23.0,24.0,Downtown
4238019004,4/24/2018,2018,11,514 E GRAND BLVD,LOS ANGELES ,90291.0,2.0,,34.0549076,-118.242643,"(34.0549076, -118.242643)",POINT (385315.12050330953 3768940.5467975615),1505 S. Magnolia Ave.,90006.0,1.0,2020,1.0,5,0.2,2020,UDU,90006,,,,1.0,,,,UDU,deduplicated_matched,1505 S. Magnolia Ave.,34.0549076,-118.242643,"(34.0549076, -118.242643)",23.0,24.0,Downtown
4238019004,4/24/2018,2018,11,514 E GRAND BLVD,LOS ANGELES ,90291.0,2.0,,34.0549076,-118.242643,"(34.0549076, -118.242643)",POINT (385315.12050330953 3768940.5467975615),1338 N Gordon St,90028.0,13.0,2016,4.0,44,0.0909090909090909,2016,DB,90028,2019-08-15 00:00:00,,,4.0,,,,,deduplicated_matched,1338 N Gordon St,34.0549076,-118.242643,"(34.0549076, -118.242643)",23.0,24.0,Downtown
4238019004,4/24/2018,2018,11,514 E GRAND BLVD,LOS ANGELES ,90291.0,2.0,,34.0549076,-118.242643,"(34.0549076, -118.242643)",POINT (385315.12050330953 3768940.5467975615),"1813-1819 Prosser, Los Angeles 90027",90027.0,5.0,2010,2.0,21,0.0952380952380952,2010,DB,90027,2011-09-06 00:00:00,,,2.0,,,,,deduplicated_matched,"1813-1819 Prosser, Los Angeles",34.0549076,-118.242643,"(34.0549076, -118.242643)",23.0,24.0,Downtown
4238019004,4/24/2018,2018,11,514 E GRAND BLVD,LOS ANGELES ,90291.0,2.0,,34.0549076,-118.242643,"(34.0549076, -118.242643)",POINT (385315.12050330953 3768940.5467975615),2654 S MAGNOLIA AVE,,,2024,14.0,15,0.9333333333333332,2024,ED1,,,0.0,,1.0,10.0,3.0,0.0,,ed1,2654 S MAGNOLIA AVE,34.0549076,-118.242643,"(34.0549076, -118.242643)",23.0,24.0,Downtown
4238019010,4/3/2023,2023,11,544 E GRAND BLVD,LOS ANGELES ,90291.0,2.0,,34.0549076,-118.242643,"(34.0549076, -118.242643)",POINT (385315.12050330953 3768940.5467975615),1200 S. Magnolia Ave.,90006.0,1.0,2022,2.0,21,0.0952380952380952,2022,TOC,90006,,2.0,,,,,,TOC Tier 2,deduplicated_matched,1200 S. Magnolia Ave.,34.0549076,-118.242643,"(34.0549076, -118.242643)",23.0,24.0,Downtown
4238019010,4/3/2023,2023,11,544 E GRAND BLVD,LOS ANGELES ,90291.0,2.0,,34.0549076,-118.242643,"(34.0549076, -118.242643)",POINT (385315.12050330953 3768940.5467975615),1240 S. Magnolia Ave.,90006.0,1.0,2022,4.0,36,0.1111111111111111,2022,TOC,90006,,4.0,,,,,,TOC Tier 2,deduplicated_matched,1240 S. Magnolia Ave.,34.0549076,-118.242643,"(34.0549076, -118.242643)",23.0,24.0,Downtown
4238019010,4/3/2023,2023,11,544 E GRAND BLVD,LOS ANGELES ,90291.0,2.0,,34.0549076,-118.242643,"(34.0549076, -118.242643)",POINT (385315.12050330953 3768940.5467975615),1505 S. Magnolia Ave.,90006.0,1.0,2020,1.0,5,0.2,2020,UDU,90006,,,,1.0,,,,UDU,deduplicated_matched,1505 S. Magnolia Ave.,34.0549076,-118.242643,"(34.0549076, -118.242643)",23.0,24.0,Downtown
4238019010,4/3/2023,2023,11,544 E GRAND BLVD,LOS ANGELES ,90291.0,2.0,,34.0549076,-118.242643,"(34.0549076, -118.242643)",POINT (385315.12050330953 3768940.5467975615),1338 N Gordon St,90028.0,13.0,2016,4.0,44,0.0909090909090909,2016,DB,90028,2019-08-15 00:00:00,,,4.0,,,,,deduplicated_matched,1338 N Gordon St,34.0549076,-118.242643,"(34.0549076, -118.242643)",23.0,24.0,Downtown
4238019010,4/3/2023,2023,11,544 E GRAND BLVD,LOS ANGELES ,90291.0,2.0,,34.0549076,-118.242643,"(34.0549076, -118.242643)",POINT (385315.12050330953 3768940.5467975615),"1813-1819 Prosser, Los Angeles 90027",90027.0,5.0,2010,2.0,21,0.0952380952380952,2010,DB,90027,2011-09-06 00:00:00,,,2.0,,,,,deduplicated_matched,"1813-1819 Prosser, Los Angeles",34.0549076,-118.242643,"(34.0549076, -118.242643)",23.0,24.0,Downtown
4238019010,4/3/2023,2023,11,544 E GRAND BLVD,LOS ANGELES ,90291.0,2.0,,34.0549076,-118.242643,"(34.0549076, -118.242643)",POINT (385315.12050330953 3768940.5467975615),2654 S MAGNOLIA AVE,,,2024,14.0,15,0.9333333333333332,2024,ED1,,,0.0,,1.0,10.0,3.0,0.0,,ed1,2654 S MAGNOLIA AVE,34.0549076,-118.242643,"(34.0549076, -118.242643)",23.0,24.0,Downtown
4238021008,1/7/2019,2019,11,310 E GRAND BLVD,LOS ANGELES ,90291.0,2.0,,34.0549076,-118.242643,"(34.0549076, -118.242643)",POINT (385315.12050330953 3768940.5467975615),1200 S. Magnolia Ave.,90006.0,1.0,2022,2.0,21,0.0952380952380952,2022,TOC,90006,,2.0,,,,,,TOC Tier 2,deduplicated_matched,1200 S. Magnolia Ave.,34.0549076,-118.242643,"(34.0549076, -118.242643)",23.0,24.0,Downtown
4238021008,1/7/2019,2019,11,310 E GRAND BLVD,LOS ANGELES ,90291.0,2.0,,34.0549076,-118.242643,"(34.0549076, -118.242643)",POINT (385315.12050330953 3768940.5467975615),1240 S. Magnolia Ave.,90006.0,1.0,2022,4.0,36,0.1111111111111111,2022,TOC,90006,,4.0,,,,,,TOC Tier 2,deduplicated_matched,1240 S. Magnolia Ave.,34.0549076,-118.242643,"(34.0549076, -118.242643)",23.0,24.0,Downtown
4238021008,1/7/2019,2019,11,310 E GRAND BLVD,LOS ANGELES ,90291.0,2.0,,34.0549076,-118.242643,"(34.0549076, -118.242643)",POINT (385315.12050330953 3768940.5467975615),1505 S. Magnolia Ave.,90006.0,1.0,2020,1.0,5,0.2,2020,UDU,90006,,,,1.0,,,,UDU,deduplicated_matched,1505 S. Magnolia Ave.,34.0549076,-118.242643,"(34.0549076, -118.242643)",23.0,24.0,Downtown
4238021008,1/7/2019,2019,11,310 E GRAND BLVD,LOS ANGELES ,90291.0,2.0,,34.0549076,-118.242643,"(34.0549076, -118.242643)",POINT (385315.12050330953 3768940.5467975615),1338 N Gordon St,90028.0,13.0,2016,4.0,44,0.0909090909090909,2016,DB,90028,2019-08-15 00:00:00,,,4.0,,,,,deduplicated_matched,1338 N Gordon St,34.0549076,-118.242643,"(34.0549076, -118.242643)",23.0,24.0,Downtown
4238021008,1/7/2019,2019,11,310 E GRAND BLVD,LOS ANGELES ,90291.0,2.0,,34.0549076,-118.242643,"(34.0549076, -118.242643)",POINT (385315.12050330953 3768940.5467975615),"1813-1819 Prosser, Los Angeles 90027",90027.0,5.0,2010,2.0,21,0.0952380952380952,2010,DB,90027,2011-09-06 00:00:00,,,2.0,,,,,deduplicated_matched,"1813-1819 Prosser, Los Angeles",34.0549076,-118.242643,"(34.0549076, -118.242643)",23.0,24.0,Downtown
4238021008,1/7/2019,2019,11,310 E GRAND BLVD,LOS ANGELES ,90291.0,2.0,,34.0549076,-118.242643,"(34.0549076, -118.242643)",POINT (385315.12050330953 3768940.5467975615),2654 S MAGNOLIA AVE,,,2024,14.0,15,0.9333333333333332,2024,ED1,,,0.0,,1.0,10.0,3.0,0.0,,ed1,2654 S MAGNOLIA AVE,34.0549076,-118.242643,"(34.0549076, -118.242643)",23.0,24.0,Downtown
4239028006,5/31/2017,2017,11,514 E SANTA CLARA AVE,LOS ANGELES ,90291.0,2.0,,34.0549076,-118.242643,"(34.0549076, -118.242643)",POINT (385315.12050330953 3768940.5467975615),1200 S. Magnolia Ave.,90006.0,1.0,2022,2.0,21,0.0952380952380952,2022,TOC,90006,,2.0,,,,,,TOC Tier 2,deduplicated_matched,1200 S. Magnolia Ave.,34.0549076,-118.242643,"(34.0549076, -118.242643)",23.0,24.0,Downtown
4239028006,5/31/2017,2017,11,514 E SANTA CLARA AVE,LOS ANGELES ,90291.0,2.0,,34.0549076,-118.242643,"(34.0549076, -118.242643)",POINT (385315.12050330953 3768940.5467975615),1240 S. Magnolia Ave.,90006.0,1.0,2022,4.0,36,0.1111111111111111,2022,TOC,90006,,4.0,,,,,,TOC Tier 2,deduplicated_matched,1240 S. Magnolia Ave.,34.0549076,-118.242643,"(34.0549076, -118.242643)",23.0,24.0,Downtown
4239028006,5/31/2017,2017,11,514 E SANTA CLARA AVE,LOS ANGELES ,90291.0,2.0,,34.0549076,-118.242643,"(34.0549076, -118.242643)",POINT (385315.12050330953 3768940.5467975615),1505 S. Magnolia Ave.,90006.0,1.0,2020,1.0,5,0.2,2020,UDU,90006,,,,1.0,,,,UDU,deduplicated_matched,1505 S. Magnolia Ave.,34.0549076,-118.242643,"(34.0549076, -118.242643)",23.0,24.0,Downtown
4239028006,5/31/2017,2017,11,514 E SANTA CLARA AVE,LOS ANGELES ,90291.0,2.0,,34.0549076,-118.242643,"(34.0549076, -118.242643)",POINT (385315.12050330953 3768940.5467975615),1338 N Gordon St,90028.0,13.0,2016,4.0,44,0.0909090909090909,2016,DB,90028,2019-08-15 00:00:00,,,4.0,,,,,deduplicated_matched,1338 N Gordon St,34.0549076,-118.242643,"(34.0549076, -118.242643)",23.0,24.0,Downtown
4239028006,5/31/2017,2017,11,514 E SANTA CLARA AVE,LOS ANGELES ,90291.0,2.0,,34.0549076,-118.242643,"(34.0549076, -118.242643)",POINT (385315.12050330953 3768940.5467975615),"1813-1819 Prosser, Los Angeles 90027",90027.0,5.0,2010,2.0,21,0.0952380952380952,2010,DB,90027,2011-09-06 00:00:00,,,2.0,,,,,deduplicated_matched,"1813-1819 Prosser, Los Angeles",34.0549076,-118.242643,"(34.0549076, -118.242643)",23.0,24.0,Downtown
4239028006,5/31/2017,2017,11,514 E SANTA CLARA AVE,LOS ANGELES ,90291.0,2.0,,34.0549076,-118.242643,"(34.0549076, -118.242643)",POINT (385315.12050330953 3768940.5467975615),2654 S MAGNOLIA AVE,,,2024,14.0,15,0.9333333333333332,2024,ED1,,,0.0,,1.0,10.0,3.0,0.0,,ed1,2654 S MAGNOLIA AVE,34.0549076,-118.242643,"(34.0549076, -118.242643)",23.0,24.0,Downtown
4239029010,9/8/2021,2021,11,628 E SANTA CLARA AVE,LOS ANGELES ,90291.0,2.0,,34.0549076,-118.242643,"(34.0549076, -118.242643)",POINT (385315.12050330953 3768940.5467975615),1200 S. Magnolia Ave.,90006.0,1.0,2022,2.0,21,0.0952380952380952,2022,TOC,90006,,2.0,,,,,,TOC Tier 2,deduplicated_matched,1200 S. Magnolia Ave.,34.0549076,-118.242643,"(34.0549076, -118.242643)",23.0,24.0,Downtown
4239029010,9/8/2021,2021,11,628 E SANTA CLARA AVE,LOS ANGELES ,90291.0,2.0,,34.0549076,-118.242643,"(34.0549076, -118.242643)",POINT (385315.12050330953 3768940.5467975615),1240 S. Magnolia Ave.,90006.0,1.0,2022,4.0,36,0.1111111111111111,2022,TOC,90006,,4.0,,,,,,TOC Tier 2,deduplicated_matched,1240 S. Magnolia Ave.,34.0549076,-118.242643,"(34.0549076, -118.242643)",23.0,24.0,Downtown
4239029010,9/8/2021,2021,11,628 E SANTA CLARA AVE,LOS ANGELES ,90291.0,2.0,,34.0549076,-118.242643,"(34.0549076, -118.242643)",POINT (385315.12050330953 3768940.5467975615),1505 S. Magnolia Ave.,90006.0,1.0,2020,1.0,5,0.2,2020,UDU,90006,,,,1.0,,,,UDU,deduplicated_matched,1505 S. Magnolia Ave.,34.0549076,-118.242643,"(34.0549076, -118.242643)",23.0,24.0,Downtown
4239029010,9/8/2021,2021,11,628 E SANTA CLARA AVE,LOS ANGELES ,90291.0,2.0,,34.0549076,-118.242643,"(34.0549076, -118.242643)",POINT (385315.12050330953 3768940.5467975615),1338 N Gordon St,90028.0,13.0,2016,4.0,44,0.0909090909090909,2016,DB,90028,2019-08-15 00:00:00,,,4.0,,,,,deduplicated_matched,1338 N Gordon St,34.0549076,-118.242643,"(34.0549076, -118.242643)",23.0,24.0,Downtown
4239029010,9/8/2021,2021,11,628 E SANTA CLARA AVE,LOS ANGELES ,90291.0,2.0,,34.0549076,-118.242643,"(34.0549076, -118.242643)",POINT (385315.12050330953 3768940.5467975615),"1813-1819 Prosser, Los Angeles 90027",90027.0,5.0,2010,2.0,21,0.0952380952380952,2010,DB,90027,2011-09-06 00:00:00,,,2.0,,,,,deduplicated_matched,"1813-1819 Prosser, Los Angeles",34.0549076,-118.242643,"(34.0549076, -118.242643)",23.0,24.0,Downtown
4239029010,9/8/2021,2021,11,628 E SANTA CLARA AVE,LOS ANGELES ,90291.0,2.0,,34.0549076,-118.242643,"(34.0549076, -118.242643)",POINT (385315.12050330953 3768940.5467975615),2654 S MAGNOLIA AVE,,,2024,14.0,15,0.9333333333333332,2024,ED1,,,0.0,,1.0,10.0,3.0,0.0,,ed1,2654 S MAGNOLIA AVE,34.0549076,-118.242643,"(34.0549076, -118.242643)",23.0,24.0,Downtown
4242001028,10/1/2018,2018,11,1015 E VENICE BLVD,LOS ANGELES ,90291.0,3.0,,33.9945889,-118.4525794,"(33.9945889, -118.4525794)",POINT (365843.505258425 3762506.9511689427),2329 S. Superior Ave.,90291.0,11.0,2020,6.0,56,0.1071428571428571,2020,TOC,90291,,6.0,,,,,,TOC Tier 3,deduplicated_matched,2329 S. Superior Ave.,33.9946067,-118.4526088,"(33.9946067, -118.4526088)",97.0,98.0,Venice
4245023022,11/12/2013,2013,11,13263 W VENICE BLVD,Los Angeles ,90066.0,2.0,,34.0452252,-118.350816,"(34.0452252, -118.350816)",POINT (375316.8726286177 3767993.4179165987),12444 W. Venice Blvd.,90066.0,11.0,2020,7.0,77,0.0909090909090909,2020,DB,90066,2023-03-10 00:00:00,,,7.0,,,,,deduplicated_matched,12444 W. Venice Blvd.,34.0452252,-118.350816,"(34.0452252, -118.350816)",60.0,61.0,Mid-City
4245023022,11/12/2013,2013,11,13263 W VENICE BLVD,Los Angeles ,90066.0,2.0,,34.0452252,-118.350816,"(34.0452252, -118.350816)",POINT (375316.8726286177 3767993.4179165987),11820 W. Venice Blvd.,90066.0,11.0,2020,1.0,13,0.0769230769230769,2020,UDU,90066,,,,1.0,,,,UDU,deduplicated_matched,11820 W. Venice Blvd.,34.0452252,-118.350816,"(34.0452252, -118.350816)",60.0,61.0,Mid-City
4245023022,11/12/2013,2013,11,13263 W VENICE BLVD,Los Angeles ,90066.0,2.0,,34.0452252,-118.350816,"(34.0452252, -118.350816)",POINT (375316.8726286177 3767993.4179165987),12575 W. Venice Blvd.,90066.0,11.0,2019,5.0,52,0.0961538461538461,2019,DB,90066,2024-02-08 00:00:00,,,5.0,,,,,deduplicated_matched,12575 W. Venice Blvd.,34.0452252,-118.350816,"(34.0452252, -118.350816)",60.0,61.0,Mid-City
4245023022,11/12/2013,2013,11,13263 W VENICE BLVD,Los Angeles ,90066.0,2.0,,34.0452252,-118.350816,"(34.0452252, -118.350816)",POINT (375316.8726286177 3767993.4179165987),10300 W Venice Blvd,90232.0,5.0,2015,3.0,34,0.088235294117647,2015,DB,90232,2019-02-26 00:00:00,,,3.0,,,,,deduplicated_matched,10300 W Venice Blvd,34.0452252,-118.350816,"(34.0452252, -118.350816)",60.0,61.0,Mid-City
4245023022,11/12/2013,2013,11,13263 W VENICE BLVD,Los Angeles ,90066.0,2.0,,34.0452252,-118.350816,"(34.0452252, -118.350816)",POINT (375316.8726286177 3767993.4179165987),2229 W VENICE BLVD,,,2023,57.0,58,0.9827586206896552,2023,ED1,,,0.0,,0.0,45.0,12.0,0.0,,ed1,2229 W VENICE BLVD,34.0452252,-118.350816,"(34.0452252, -118.350816)",60.0,61.0,Mid-City
4245023022,11/12/2013,2013,11,13263 W VENICE BLVD,Los Angeles ,90066.0,2.0,,34.0452252,-118.350816,"(34.0452252, -118.350816)",POINT (375316.8726286177 3767993.4179165987),1601 W VENICE BLVD,,,2024,9.0,9,1.0,2024,ED1,,,0.0,,9.0,0.0,0.0,0.0,,ed1,1601 W VENICE BLVD,34.0452252,-118.350816,"(34.0452252, -118.350816)",60.0,61.0,Mid-City
4246028015,1/4/2018,2018,11,12625 W VENICE BLVD,LOS ANGELES ,90066.0,5.0,,34.0452252,-118.350816,"(34.0452252, -118.350816)",POINT (375316.8726286177 3767993.4179165987),12444 W. Venice Blvd.,90066.0,11.0,2020,7.0,77,0.0909090909090909,2020,DB,90066,2023-03-10 00:00:00,,,7.0,,,,,deduplicated_matched,12444 W. Venice Blvd.,34.0452252,-118.350816,"(34.0452252, -118.350816)",60.0,61.0,Mid-City
4246028015,1/4/2018,2018,11,12625 W VENICE BLVD,LOS ANGELES ,90066.0,5.0,,34.0452252,-118.350816,"(34.0452252, -118.350816)",POINT (375316.8726286177 3767993.4179165987),11820 W. Venice Blvd.,90066.0,11.0,2020,1.0,13,0.0769230769230769,2020,UDU,90066,,,,1.0,,,,UDU,deduplicated_matched,11820 W. Venice Blvd.,34.0452252,-118.350816,"(34.0452252, -118.350816)",60.0,61.0,Mid-City
4246028015,1/4/2018,2018,11,12625 W VENICE BLVD,LOS ANGELES ,90066.0,5.0,,34.0452252,-118.350816,"(34.0452252, -118.350816)",POINT (375316.8726286177 3767993.4179165987),12575 W. Venice Blvd.,90066.0,11.0,2019,5.0,52,0.0961538461538461,2019,DB,90066,2024-02-08 00:00:00,,,5.0,,,,,deduplicated_matched,12575 W. Venice Blvd.,34.0452252,-118.350816,"(34.0452252, -118.350816)",60.0,61.0,Mid-City
4246028015,1/4/2018,2018,11,12625 W VENICE BLVD,LOS ANGELES ,90066.0,5.0,,34.0452252,-118.350816,"(34.0452252, -118.350816)",POINT (375316.8726286177 3767993.4179165987),10300 W Venice Blvd,90232.0,5.0,2015,3.0,34,0.088235294117647,2015,DB,90232,2019-02-26 00:00:00,,,3.0,,,,,deduplicated_matched,10300 W Venice Blvd,34.0452252,-118.350816,"(34.0452252, -118.350816)",60.0,61.0,Mid-City
4246028015,1/4/2018,2018,11,12625 W VENICE BLVD,LOS ANGELES ,90066.0,5.0,,34.0452252,-118.350816,"(34.0452252, -118.350816)",POINT (375316.8726286177 3767993.4179165987),2229 W VENICE BLVD,,,2023,57.0,58,0.9827586206896552,2023,ED1,,,0.0,,0.0,45.0,12.0,0.0,,ed1,2229 W VENICE BLVD,34.0452252,-118.350816,"(34.0452252, -118.350816)",60.0,61.0,Mid-City
4246028015,1/4/2018,2018,11,12625 W VENICE BLVD,LOS ANGELES ,90066.0,5.0,,34.0452252,-118.350816,"(34.0452252, -118.350816)",POINT (375316.8726286177 3767993.4179165987),1601 W VENICE BLVD,,,2024,9.0,9,1.0,2024,ED1,,,0.0,,9.0,0.0,0.0,0.0,,ed1,1601 W VENICE BLVD,34.0452252,-118.350816,"(34.0452252, -118.350816)",60.0,61.0,Mid-City
4251002003,4/1/2015,2015,5,2805 S SEPULVEDA BLVD,LOS ANGELES ,90064.0,3.0,25.0,34.0296973,-118.4301408,"(34.0296973, -118.4301408)",POINT (367970.4097984161 3766371.009048397),11210 W Sardis Ave,90064.0,5.0,2015,3.0,25,0.12,2015,DB,90064,2018-06-08 00:00:00,,,2.0,1.0,,,,deduplicated_matched,11210 W Sardis Ave,34.0296582,-118.430116,"(34.0296582, -118.430116)",77.0,78.0,Rancho Park
4252007021,9/18/2014,2014,5,3735 S BENTLEY AVE,Los Angeles ,90034.0,3.0,,34.0148117,-118.4169991,"(34.0148117, -118.4169991)",POINT (369160.88982521545 3764703.4529254753),3737 S Bentley Ave,90034.0,5.0,2015,2.0,25,0.08,2015,DB,90034,2019-06-24 00:00:00,,,2.0,,,,,deduplicated_matched,3737 S Bentley Ave,34.0149174,-118.416942,"(34.0149174, -118.416942)",70.0,71.0,Palms
4252007039,9/18/2014,2014,5,3729 S BENTLEY AVE,Los Angeles ,90034.0,3.0,,34.0149301,-118.4170916,"(34.0149301, -118.4170916)",POINT (369152.5298427634 3764716.7006303486),3737 S Bentley Ave,90034.0,5.0,2015,2.0,25,0.08,2015,DB,90034,2019-06-24 00:00:00,,,2.0,,,,,deduplicated_matched,3737 S Bentley Ave,34.0149174,-118.416942,"(34.0149174, -118.416942)",70.0,71.0,Palms
4252008023,1/18/2024,2024,5,3732 S BENTLEY AVE,LOS ANGELES ,90034.0,2.0,,34.015098,-118.416478,"(34.015098, -118.416478)",POINT (369209.4486366012 3764734.535294999),3737 S Bentley Ave,90034.0,5.0,2015,2.0,25,0.08,2015,DB,90034,2019-06-24 00:00:00,,,2.0,,,,,deduplicated_matched,3737 S Bentley Ave,34.0149174,-118.416942,"(34.0149174, -118.416942)",70.0,71.0,Palms
4252020024,2/6/2023,2023,5,3754 S VETERAN AVE,LOS ANGELES ,90034.0,3.0,,34.0163877,-118.4129193,"(34.0163877, -118.4129193)",POINT (369540.03985981084 3764873.0114726503),3752 S Veteran Ave,90034.0,5.0,2016,2.0,16,0.125,2016,DB,90034,,,,2.0,,,,,deduplicated_matched,3752 S Veteran Ave,34.0163938,-118.4128822,"(34.0163938, -118.4128822)",70.0,71.0,Palms
4252025007,10/1/2014,2014,5,3743 S MIDVALE AVE,Los Angeles ,90034.0,3.0,14.0,34.0172961,-118.4118712,"(34.0172961, -118.4118712)",POINT (369638.21106869867 3764972.4099266543),3743 S Midvale Ave,90066.0,5.0,2016,1.0,14,0.0714285714285714,2016,DB,90066,2019-07-08 00:00:00,,,1.0,,,,,deduplicated_matched,3743 S Midvale Ave,34.0172961,-118.4118712,"(34.0172961, -118.4118712)",70.0,71.0,Palms
4252025032,9/5/2014,2014,5,3714 S KELTON AVE,Los Angeles ,90034.0,2.0,,34.017828,-118.4128976,"(34.017828, -118.4128976)",POINT (369544.2474933667 3765032.700190107),3714 Kelton Ave,90034.0,5.0,2015,1.0,16,0.0625,2015,DB,90034,2017-06-09 00:00:00,,,1.0,,,,,deduplicated_matched,3714 Kelton Ave,34.017828,-118.4128976,"(34.017828, -118.4128976)",70.0,71.0,Palms
4252025033,9/5/2014,2014,5,3712 S KELTON AVE,Los Angeles ,90034.0,2.0,,34.01778,-118.41289,"(34.01778, -118.41289)",POINT (369544.8758237053 3765027.367735972),3714 Kelton Ave,90034.0,5.0,2015,1.0,16,0.0625,2015,DB,90034,2017-06-09 00:00:00,,,1.0,,,,,deduplicated_matched,3714 Kelton Ave,34.017828,-118.4128976,"(34.017828, -118.4128976)",70.0,71.0,Palms
4252034039,12/22/2020,2020,5,3567 S OVERLAND AVE,LOS ANGELES ,90034.0,4.0,,34.0229234,-118.4105369,"(34.0229234, -118.4105369)",POINT (369770.0166495776 3765594.729067389),10700 W. Tabor St.,90034.0,5.0,2021,11.0,119,0.0924369747899159,2021,TOC,90034,2024-05-22 00:00:00,11.0,,,,,,TOC Tier 2,deduplicated_matched,10700 W. Tabor St.,34.0230269,-118.4105963,"(34.0230269, -118.4105963)",70.0,71.0,Palms
4252034042,6/2/2017,2017,5,10702 W TABOR ST,LOS ANGELES ,90034.0,4.0,,34.0230632,-118.4105625,"(34.0230632, -118.4105625)",POINT (369767.8665008817 3765610.2642096668),10700 W. Tabor St.,90034.0,5.0,2021,11.0,119,0.0924369747899159,2021,TOC,90034,2024-05-22 00:00:00,11.0,,,,,,TOC Tier 2,deduplicated_matched,10700 W. Tabor St.,34.0230269,-118.4105963,"(34.0230269, -118.4105963)",70.0,71.0,Palms
4252035041,6/18/2018,2018,5,10701 W TABOR ST,LOS ANGELES ,90034.0,8.0,,34.0233116,-118.4109416,"(34.0233116, -118.4109416)",POINT (369733.2425194528 3765638.2918975987),10700 W. Tabor St.,90034.0,5.0,2021,11.0,119,0.0924369747899159,2021,TOC,90034,2024-05-22 00:00:00,11.0,,,,,,TOC Tier 2,deduplicated_matched,10700 W. Tabor St.,34.0230269,-118.4105963,"(34.0230269, -118.4105963)",70.0,71.0,Palms
4254026009,6/5/2023,2023,5,10723 W PALMS BLVD,LOS ANGELES ,90034.0,2.0,,34.0063716,-118.4458212,"(34.0063716, -118.4458212)",POINT (366486.16682435747 3763804.7212506277),12331 W. Palms Blvd.,90066.0,11.0,2020,3.0,32,0.09375,2020,DB,90066,,,,3.0,,,,,deduplicated_matched,12331 W. Palms Blvd.,34.0063716,-118.4458212,"(34.0063716, -118.4458212)",59.0,60.0,Mar Vista
4254026009,6/5/2023,2023,5,10723 W PALMS BLVD,LOS ANGELES ,90034.0,2.0,,34.0063716,-118.4458212,"(34.0063716, -118.4458212)",POINT (366486.16682435747 3763804.7212506277),10757 W. Palms Blvd.,90034.0,5.0,2017,1.0,14,0.0714285714285714,2017,DB,90034,2021-07-08 00:00:00,,,1.0,,,,,deduplicated_matched,10757 W. Palms Blvd.,34.0063716,-118.4458212,"(34.0063716, -118.4458212)",59.0,60.0,Mar Vista
4254026009,6/5/2023,2023,5,10723 W PALMS BLVD,LOS ANGELES ,90034.0,2.0,,34.0063716,-118.4458212,"(34.0063716, -118.4458212)",POINT (366486.16682435747 3763804.7212506277),"10810 W. Palms Blvd., Los Angeles, CA",90034.0,5.0,2012,2.0,25,0.08,2012,DB,90034,2014-01-22 00:00:00,,,2.0,,,,,deduplicated_matched,"10810 W. Palms Blvd., Los Angeles, CA",34.0063701,-118.4458242,"(34.0063701, -118.4458242)",59.0,60.0,Mar Vista
4256012001,11/19/2014,2014,5,11209 W RICHLAND AVE,LOS ANGELES ,90064.0,4.0,13.0,34.0328409,-118.4330535,"(34.0328409, -118.4330535)",POINT (367706.37085195055 3766723.369058631),11209 W Richland Ave,90064.0,5.0,2015,1.0,13,0.0769230769230769,2015,DB,90064,2017-11-28 00:00:00,,,1.0,,,,,deduplicated_matched,11209 W Richland Ave,34.0328409,-118.4330535,"(34.0328409, -118.4330535)",80.0,81.0,Sawtelle
4256012001,11/19/2014,2014,5,11209 W RICHLAND AVE,LOS ANGELES ,90064.0,4.0,13.0,34.0328409,-118.4330535,"(34.0328409, -118.4330535)",POINT (367706.37085195055 3766723.369058631),2585 South Sepulveda Blvd,90064.0,5.0,2014,1.0,7,0.1428571428571428,2014,DB,90064,2016-07-06 00:00:00,,,,1.0,,,,deduplicated_matched,2585 South Sepulveda Blvd,34.0330409,-118.432923,"(34.0330409, -118.432923)",80.0,81.0,Sawtelle
4256012009,6/18/2014,2014,5,2585 S SEPULVEDA BLVD,Los Angeles ,90064.0,2.0,,34.0330409,-118.432923,"(34.0330409, -118.432923)",POINT (367718.729516653 3766745.3787132637),11209 W Richland Ave,90064.0,5.0,2015,1.0,13,0.0769230769230769,2015,DB,90064,2017-11-28 00:00:00,,,1.0,,,,,deduplicated_matched,11209 W Richland Ave,34.0328409,-118.4330535,"(34.0328409, -118.4330535)",80.0,81.0,Sawtelle
4256012009,6/18/2014,2014,5,2585 S SEPULVEDA BLVD,Los Angeles ,90064.0,2.0,,34.0330409,-118.432923,"(34.0330409, -118.432923)",POINT (367718.729516653 3766745.3787132637),2585 South Sepulveda Blvd,90064.0,5.0,2014,1.0,7,0.1428571428571428,2014,DB,90064,2016-07-06 00:00:00,,,,1.0,,,,deduplicated_matched,2585 South Sepulveda Blvd,34.0330409,-118.432923,"(34.0330409, -118.432923)",80.0,81.0,Sawtelle
4256013024,8/20/2018,2018,5,11204 W RICHLAND AVE,LOS ANGELES ,90064.0,3.0,,34.032688,-118.4326352,"(34.032688, -118.4326352)",POINT (367744.75230256526 3766705.8730974407),11209 W Richland Ave,90064.0,5.0,2015,1.0,13,0.0769230769230769,2015,DB,90064,2017-11-28 00:00:00,,,1.0,,,,,deduplicated_matched,11209 W Richland Ave,34.0328409,-118.4330535,"(34.0328409, -118.4330535)",80.0,81.0,Sawtelle
4256013024,8/20/2018,2018,5,11204 W RICHLAND AVE,LOS ANGELES ,90064.0,3.0,,34.032688,-118.4326352,"(34.032688, -118.4326352)",POINT (367744.75230256526 3766705.8730974407),2585 South Sepulveda Blvd,90064.0,5.0,2014,1.0,7,0.1428571428571428,2014,DB,90064,2016-07-06 00:00:00,,,,1.0,,,,deduplicated_matched,2585 South Sepulveda Blvd,34.0330409,-118.432923,"(34.0330409, -118.432923)",80.0,81.0,Sawtelle
4256015013,4/30/2018,2018,5,2606 S SEPULVEDA BLVD,LOS ANGELES ,90064.0,4.0,,34.03288020000001,-118.4320767,"(34.03288020000001, -118.4320767)",POINT (367796.6130771036 3766726.4648958566),2600 S. Sepulveda Blvd.,90054.0,5.0,2020,5.0,43,0.1162790697674418,2020,TOC,90054,,5.0,,,,,,TOC Tier 3,deduplicated_matched,2600 S. Sepulveda Blvd.,34.0330645,-118.4319978,"(34.0330645, -118.4319978)",77.0,78.0,Rancho Park
4256015014,4/30/2018,2018,5,2600 S SEPULVEDA BLVD,LOS ANGELES ,90064.0,2.0,,34.0330645,-118.4319978,"(34.0330645, -118.4319978)",POINT (367804.1833042692 3766746.800312272),2600 S. Sepulveda Blvd.,90054.0,5.0,2020,5.0,43,0.1162790697674418,2020,TOC,90054,,5.0,,,,,,TOC Tier 3,deduplicated_matched,2600 S. Sepulveda Blvd.,34.0330645,-118.4319978,"(34.0330645, -118.4319978)",77.0,78.0,Rancho Park
4259031007,11/13/2020,2020,11,2222 S AMHERST AVE,LOS ANGELES ,90064.0,2.0,,34.0469105,-118.4738933,"(34.0469105, -118.4738933)",POINT (363958.3705226663 3768337.1260809787),2245 S AMHERST AVE,,,2024,37.0,38,0.9736842105263158,2024,ED1,,,0.0,,0.0,30.0,7.0,0.0,,ed1,2245 S AMHERST AVE,34.0469105,-118.4738933,"(34.0469105, -118.4738933)",10.0,11.0,Brentwood
4259039008,12/16/2016,2016,11,11902 W PICO BLVD,LOS ANGELES ,90064.0,4.0,100.0,34.0299424,-118.448367,"(34.0299424, -118.448367)",POINT (366288.03027870064 3766421.849237236),11916 W. Pico Blvd.,90064.0,11.0,2017,9.0,100,0.09,2017,DB,90064,2020-07-06 00:00:00,,,9.0,,,,,deduplicated_matched,11916 W. Pico Blvd.,34.0298043,-118.4486693,"(34.0298043, -118.4486693)",80.0,81.0,Sawtelle
4260032036,10/7/2021,2021,11,2444 S BARRY AVE,LOS ANGELES ,90064.0,3.0,,34.0149609,-118.4320585,"(34.0149609, -118.4320585)",POINT (367770.4975629435 3764739.3432664014),2444 S. Barry Ave.,90064.0,11.0,2022,60.0,61,0.9836065573770492,2022,DB,90064,2024-03-15 00:00:00,34.0,,,26.0,,,ministerial review of a DB compliance review,deduplicated_matched,2444 S. Barry Ave.,34.0149609,-118.4320585,"(34.0149609, -118.4320585)",59.0,60.0,Mar Vista
4260032059,1/6/2022,2022,11,2444 S BARRY AVE,LOS ANGELES ,90064.0,8.0,,34.0149609,-118.4320585,"(34.0149609, -118.4320585)",POINT (367770.4975629435 3764739.3432664014),2444 S. Barry Ave.,90064.0,11.0,2022,60.0,61,0.9836065573770492,2022,DB,90064,2024-03-15 00:00:00,34.0,,,26.0,,,ministerial review of a DB compliance review,deduplicated_matched,2444 S. Barry Ave.,34.0149609,-118.4320585,"(34.0149609, -118.4320585)",59.0,60.0,Mar Vista
4260034033,4/24/2018,2018,11,2412 S FEDERAL AVE,LOS ANGELES ,90064.0,4.0,,34.0321796,-118.4430106,"(34.0321796, -118.4430106)",POINT (366786.06535645516 3766662.95181205),11568 W. Pico Blvd.,90064.0,11.0,2021,3.0,30,0.1,2021,DB,90064,,,,3.0,,,,,deduplicated_matched,11568 W. Pico Blvd.,34.0325232,-118.4432356,"(34.0325232, -118.4432356)",80.0,81.0,Sawtelle
4260034033,4/24/2018,2018,11,2412 S FEDERAL AVE,LOS ANGELES ,90064.0,4.0,,34.0321796,-118.4430106,"(34.0321796, -118.4430106)",POINT (366786.06535645516 3766662.95181205),2412 S. Federal Ave.,90064.0,11.0,2019,4.0,40,0.1,2019,TOC,90064,,4.0,,,,,,TOC Tier 3,deduplicated_matched,2412 S. Federal Ave.,34.0321796,-118.4430106,"(34.0321796, -118.4430106)",80.0,81.0,Sawtelle
4261001003,4/16/2014,2014,11,1509 S COLBY AVE,Los Angeles ,90025.0,10.0,,34.045785,-118.4537966,"(34.045785, -118.4537966)",POINT (365811.6907427707 3768185.7755266903),1515 S Colby Ave,90025.0,11.0,2016,5.0,56,0.0892857142857142,2016,DB,90025,2018-11-16 00:00:00,,,5.0,,,,,deduplicated_matched,1515 S Colby Ave,34.0456592,-118.4537374,"(34.0456592, -118.4537374)",80.0,81.0,Sawtelle
4261001004,4/16/2014,2014,11,1515 S COLBY AVE,Los Angeles ,90025.0,8.0,,34.0456592,-118.4537374,"(34.0456592, -118.4537374)",POINT (365816.95725640375 3768171.747634752),1515 S Colby Ave,90025.0,11.0,2016,5.0,56,0.0892857142857142,2016,DB,90025,2018-11-16 00:00:00,,,5.0,,,,,deduplicated_matched,1515 S Colby Ave,34.0456592,-118.4537374,"(34.0456592, -118.4537374)",80.0,81.0,Sawtelle
4261001005,4/16/2014,2014,11,1519 S COLBY AVE,Los Angeles ,90025.0,8.0,,34.0455879,-118.4536244,"(34.0455879, -118.4536244)",POINT (365827.27590968274 3768163.69281894),1515 S Colby Ave,90025.0,11.0,2016,5.0,56,0.0892857142857142,2016,DB,90025,2018-11-16 00:00:00,,,5.0,,,,,deduplicated_matched,1515 S Colby Ave,34.0456592,-118.4537374,"(34.0456592, -118.4537374)",80.0,81.0,Sawtelle
4261001006,4/16/2014,2014,11,1523 S COLBY AVE,Los Angeles ,90025.0,8.0,,34.04547,-118.45353,"(34.04547, -118.45353)",POINT (365835.8042096548 3768150.494826387),1515 S Colby Ave,90025.0,11.0,2016,5.0,56,0.0892857142857142,2016,DB,90025,2018-11-16 00:00:00,,,5.0,,,,,deduplicated_matched,1515 S Colby Ave,34.0456592,-118.4537374,"(34.0456592, -118.4537374)",80.0,81.0,Sawtelle
4261006008,4/5/2012,2012,11,1523 S BELOIT AVE,Los Angeles ,90025.0,7.0,63.0,34.0387433,-118.4403584,"(34.0387433, -118.4403584)",POINT (367041.1705792156 3767387.363724291),1539 South Beloit Avenue,90025.0,11.0,2013,6.0,63,0.0952380952380952,2013,DB,90025,2015-04-13 00:00:00,,,6.0,,,,0.35,deduplicated_matched,1539 South Beloit Avenue,34.0387433,-118.4403584,"(34.0387433, -118.4403584)",80.0,81.0,Sawtelle
4261006008,4/5/2012,2012,11,1523 S BELOIT AVE,Los Angeles ,90025.0,7.0,63.0,34.0387433,-118.4403584,"(34.0387433, -118.4403584)",POINT (367041.1705792156 3767387.363724291),"1759 S BELOIT AVE 1-61 Los Angeles, CA 90025",90025.0,11.0,2009,,61,0.0,2008,DB,90024,2009-10-20 00:00:00,,,11.0,5.0,,,,deduplicated_matched,"1759 S BELOIT AVE Los Angeles, CA",34.0387433,-118.4403584,"(34.0387433, -118.4403584)",80.0,81.0,Sawtelle
4261006009,4/5/2012,2012,11,1531 S BELOIT AVE,Los Angeles ,90025.0,9.0,0.0,34.0387433,-118.4403584,"(34.0387433, -118.4403584)",POINT (367041.1705792156 3767387.363724291),1539 South Beloit Avenue,90025.0,11.0,2013,6.0,63,0.0952380952380952,2013,DB,90025,2015-04-13 00:00:00,,,6.0,,,,0.35,deduplicated_matched,1539 South Beloit Avenue,34.0387433,-118.4403584,"(34.0387433, -118.4403584)",80.0,81.0,Sawtelle
4261006009,4/5/2012,2012,11,1531 S BELOIT AVE,Los Angeles ,90025.0,9.0,0.0,34.0387433,-118.4403584,"(34.0387433, -118.4403584)",POINT (367041.1705792156 3767387.363724291),"1759 S BELOIT AVE 1-61 Los Angeles, CA 90025",90025.0,11.0,2009,,61,0.0,2008,DB,90024,2009-10-20 00:00:00,,,11.0,5.0,,,,deduplicated_matched,"1759 S BELOIT AVE Los Angeles, CA",34.0387433,-118.4403584,"(34.0387433, -118.4403584)",80.0,81.0,Sawtelle
4261008013,1/22/2020,2020,11,1656 S SAWTELLE BLVD,LOS ANGELES ,90025.0,3.0,,34.0458462,-118.4474586,"(34.0458462, -118.4474586)",POINT (366396.84364064696 3768184.2674239837),1656 S. Sawtelle Blvd.,90025.0,11.0,2021,4.0,33,0.1212121212121212,2021,TOC,90025,,4.0,,,,,,TOC Tier 3,deduplicated_matched,1656 S. Sawtelle Blvd.,34.0458462,-118.4474586,"(34.0458462, -118.4474586)",80.0,81.0,Sawtelle
4261008013,1/22/2020,2020,11,1656 S SAWTELLE BLVD,LOS ANGELES ,90025.0,3.0,,34.0458462,-118.4474586,"(34.0458462, -118.4474586)",POINT (366396.84364064696 3768184.2674239837),1650 Sawtelle Blvd.,90025.0,11.0,2017,4.0,48,0.0833333333333333,2017,DB,90025,2022-08-24 00:00:00,,,4.0,,,,,deduplicated_matched,1650 Sawtelle Blvd.,34.0460264,-118.4477265,"(34.0460264, -118.4477265)",80.0,81.0,Sawtelle
4261008014,11/9/2016,2016,11,1652 1/4 S SAWTELLE BLVD,LOS ANGELES ,90025.0,8.0,,34.0459388,-118.4476671,"(34.0459388, -118.4476671)",POINT (366377.7424447047 3768194.808330754),1656 S. Sawtelle Blvd.,90025.0,11.0,2021,4.0,33,0.1212121212121212,2021,TOC,90025,,4.0,,,,,,TOC Tier 3,deduplicated_matched,1656 S. Sawtelle Blvd.,34.0458462,-118.4474586,"(34.0458462, -118.4474586)",80.0,81.0,Sawtelle
4261008014,11/9/2016,2016,11,1652 1/4 S SAWTELLE BLVD,LOS ANGELES ,90025.0,8.0,,34.0459388,-118.4476671,"(34.0459388, -118.4476671)",POINT (366377.7424447047 3768194.808330754),1650 Sawtelle Blvd.,90025.0,11.0,2017,4.0,48,0.0833333333333333,2017,DB,90025,2022-08-24 00:00:00,,,4.0,,,,,deduplicated_matched,1650 Sawtelle Blvd.,34.0460264,-118.4477265,"(34.0460264, -118.4477265)",80.0,81.0,Sawtelle
4261014012,5/1/2019,2019,11,1721 S COLBY AVE,LOS ANGELES ,90025.0,7.0,,34.0424458,-118.4510097,"(34.0424458, -118.4510097)",POINT (366063.69684971595 3767811.8325620596),1721 S. Colby Ave.,90025.0,11.0,2020,6.0,34,0.1764705882352941,2020,DB,90025,,,,4.0,2.0,,,,deduplicated_matched,1721 S. Colby Ave.,34.0424458,-118.4510097,"(34.0424458, -118.4510097)",80.0,81.0,Sawtelle
4261014012,5/1/2019,2019,11,1721 S COLBY AVE,LOS ANGELES ,90025.0,7.0,,34.0424458,-118.4510097,"(34.0424458, -118.4510097)",POINT (366063.69684971595 3767811.8325620596),1723 S COLBY AVE,,,2024,142.0,142,1.0,2024,ED1,,,0.0,,4.0,109.0,29.0,0.0,,ed1,1723 S COLBY AVE,34.0423801,-118.4508651,"(34.0423801, -118.4508651)",80.0,81.0,Sawtelle
4261014013,3/20/2019,2019,11,1723 S COLBY AVE,LOS ANGELES ,90025.0,2.0,,34.0423801,-118.4508651,"(34.0423801, -118.4508651)",POINT (366076.94201084273 3767804.357673804),1721 S. Colby Ave.,90025.0,11.0,2020,6.0,34,0.1764705882352941,2020,DB,90025,,,,4.0,2.0,,,,deduplicated_matched,1721 S. Colby Ave.,34.0424458,-118.4510097,"(34.0424458, -118.4510097)",80.0,81.0,Sawtelle
4261014013,3/20/2019,2019,11,1723 S COLBY AVE,LOS ANGELES ,90025.0,2.0,,34.0423801,-118.4508651,"(34.0423801, -118.4508651)",POINT (366076.94201084273 3767804.357673804),1723 S COLBY AVE,,,2024,142.0,142,1.0,2024,ED1,,,0.0,,4.0,109.0,29.0,0.0,,ed1,1723 S COLBY AVE,34.0423801,-118.4508651,"(34.0423801, -118.4508651)",80.0,81.0,Sawtelle
4261021024,9/25/2014,2014,11,1831 S SAWTELLE BLVD,Los Angeles ,90025.0,10.0,30.0,34.0429995,-118.445757,"(34.0429995, -118.445757)",POINT (366549.4567291691 3767866.3701249813),1837 S Sawtelle Blvd,90025.0,11.0,2015,2.0,19,0.1052631578947368,2015,DB,90025,2017-07-21 00:00:00,,,2.0,,,,,deduplicated_matched,1837 S Sawtelle Blvd,34.042844,-118.4457038,"(34.042844, -118.4457038)",80.0,81.0,Sawtelle
4261024022,4/16/2014,2014,11,1854 S COLBY AVE,Los Angeles ,90025.0,8.0,0.0,34.0404749,-118.4487175,"(34.0404749, -118.4487175)",POINT (366272.20250903716 3767590.2771723215),1836 South Colby Avenue,90025.0,11.0,2014,4.0,49,0.0816326530612244,2014,DB,90025,2017-07-07 00:00:00,,,4.0,,,,,deduplicated_matched,1836 South Colby Avenue,34.0407387,-118.4487624,"(34.0407387, -118.4487624)",80.0,81.0,Sawtelle
4261024025,9/17/2014,2014,11,1836 S COLBY AVE,Los Angeles ,90025.0,6.0,49.0,34.0407387,-118.4487624,"(34.0407387, -118.4487624)",POINT (366268.471713497 3767619.5891870684),1836 South Colby Avenue,90025.0,11.0,2014,4.0,49,0.0816326530612244,2014,DB,90025,2017-07-07 00:00:00,,,4.0,,,,,deduplicated_matched,1836 South Colby Avenue,34.0407387,-118.4487624,"(34.0407387, -118.4487624)",80.0,81.0,Sawtelle
4261024026,3/24/2014,2014,11,1850 S COLBY AVE,Los Angeles ,90025.0,18.0,0.0,34.0405419,-118.4486983,"(34.0405419, -118.4486983)",POINT (366274.0801410661 3767597.681849918),1836 South Colby Avenue,90025.0,11.0,2014,4.0,49,0.0816326530612244,2014,DB,90025,2017-07-07 00:00:00,,,4.0,,,,,deduplicated_matched,1836 South Colby Avenue,34.0407387,-118.4487624,"(34.0407387, -118.4487624)",80.0,81.0,Sawtelle
4261031002,10/25/2007,2007,11,1921 S BELOIT AVE,Los Angeles ,90025.0,11.0,,34.0387433,-118.4403584,"(34.0387433, -118.4403584)",POINT (367041.1705792156 3767387.363724291),1539 South Beloit Avenue,90025.0,11.0,2013,6.0,63,0.0952380952380952,2013,DB,90025,2015-04-13 00:00:00,,,6.0,,,,0.35,deduplicated_matched,1539 South Beloit Avenue,34.0387433,-118.4403584,"(34.0387433, -118.4403584)",80.0,81.0,Sawtelle
4261031002,10/25/2007,2007,11,1921 S BELOIT AVE,Los Angeles ,90025.0,11.0,,34.0387433,-118.4403584,"(34.0387433, -118.4403584)",POINT (367041.1705792156 3767387.363724291),"1759 S BELOIT AVE 1-61 Los Angeles, CA 90025",90025.0,11.0,2009,,61,0.0,2008,DB,90024,2009-10-20 00:00:00,,,11.0,5.0,,,,deduplicated_matched,"1759 S BELOIT AVE Los Angeles, CA",34.0387433,-118.4403584,"(34.0387433, -118.4403584)",80.0,81.0,Sawtelle
4261031003,10/25/2007,2007,11,1929 S BELOIT AVE,Los Angeles ,90025.0,22.0,,34.0387433,-118.4403584,"(34.0387433, -118.4403584)",POINT (367041.1705792156 3767387.363724291),1539 South Beloit Avenue,90025.0,11.0,2013,6.0,63,0.0952380952380952,2013,DB,90025,2015-04-13 00:00:00,,,6.0,,,,0.35,deduplicated_matched,1539 South Beloit Avenue,34.0387433,-118.4403584,"(34.0387433, -118.4403584)",80.0,81.0,Sawtelle
4261031003,10/25/2007,2007,11,1929 S BELOIT AVE,Los Angeles ,90025.0,22.0,,34.0387433,-118.4403584,"(34.0387433, -118.4403584)",POINT (367041.1705792156 3767387.363724291),"1759 S BELOIT AVE 1-61 Los Angeles, CA 90025",90025.0,11.0,2009,,61,0.0,2008,DB,90024,2009-10-20 00:00:00,,,11.0,5.0,,,,deduplicated_matched,"1759 S BELOIT AVE Los Angeles, CA",34.0387433,-118.4403584,"(34.0387433, -118.4403584)",80.0,81.0,Sawtelle
4261031020,10/25/2007,2007,11,11260 W MISSOURI AVE,Los Angeles ,90025.0,19.0,,34.04272,-118.44434,"(34.04272, -118.44434)",POINT (366679.8258023183 3767833.5285426937),1854 S Sawtelle Blvd,90025.0,11.0,2015,3.0,25,0.12,2015,DB,90025,2018-02-27 00:00:00,,,3.0,,,,,deduplicated_matched,1854 S Sawtelle Blvd,34.0427657,-118.4448319,"(34.0427657, -118.4448319)",80.0,81.0,Sawtelle
4261032007,3/14/2024,2024,11,2013 S BELOIT AVE,LOS ANGELES ,90025.0,2.0,,34.0387433,-118.4403584,"(34.0387433, -118.4403584)",POINT (367041.1705792156 3767387.363724291),1539 South Beloit Avenue,90025.0,11.0,2013,6.0,63,0.0952380952380952,2013,DB,90025,2015-04-13 00:00:00,,,6.0,,,,0.35,deduplicated_matched,1539 South Beloit Avenue,34.0387433,-118.4403584,"(34.0387433, -118.4403584)",80.0,81.0,Sawtelle
4261032007,3/14/2024,2024,11,2013 S BELOIT AVE,LOS ANGELES ,90025.0,2.0,,34.0387433,-118.4403584,"(34.0387433, -118.4403584)",POINT (367041.1705792156 3767387.363724291),"1759 S BELOIT AVE 1-61 Los Angeles, CA 90025",90025.0,11.0,2009,,61,0.0,2008,DB,90024,2009-10-20 00:00:00,,,11.0,5.0,,,,deduplicated_matched,"1759 S BELOIT AVE Los Angeles, CA",34.0387433,-118.4403584,"(34.0387433, -118.4403584)",80.0,81.0,Sawtelle
4262003005,3/18/2022,2022,11,11706 W OHIO AVE,LOS ANGELES ,90025.0,4.0,,34.0411532,-118.4620128,"(34.0411532, -118.4620128)",POINT (365045.918644567 3767682.950904563),10939 W. Ohio Ave.,90024.0,5.0,2021,3.0,18,0.1666666666666666,2021,TOC,90024,,1.0,,2.0,,,,TOC Tier 3,deduplicated_matched,10939 W. Ohio Ave.,34.041009,-118.4623508,"(34.041009, -118.4623508)",80.0,81.0,Sawtelle
4262013008,2/20/2013,2013,11,11764 W IDAHO AVE,Los Angeles ,90025.0,2.0,8.0,34.04172000000001,-118.4563187,"(34.04172000000001, -118.4563187)",POINT (365572.46138299204 3767738.3092130306),"11776 W. Idaho Ave., Los Angeles, CA",90025.0,11.0,2012,1.0,9,0.1111111111111111,2012,DB,90025,2014-05-22 00:00:00,,,1.0,,,,,deduplicated_matched,"11776 W. Idaho Ave., Los Angeles, CA",34.0414606,-118.4566413,"(34.0414606, -118.4566413)",80.0,81.0,Sawtelle
4262019024,3/18/2015,2015,11,1729 S FEDERAL AVE,LOS ANGELES ,90025.0,15.0,25.0,34.0416259,-118.4517561,"(34.0416259, -118.4517561)",POINT (365993.50449954683 3767721.889366503),1731 S Federal Ave,90025.0,11.0,2015,2.0,25,0.08,2015,DB,90025,2018-09-19 00:00:00,,,2.0,,,,,deduplicated_matched,1731 S Federal Ave,34.0416191,-118.4515698,"(34.0416191, -118.4515698)",80.0,81.0,Sawtelle
4262021012,8/1/2022,2022,11,1851 S BARRY AVE,LOS ANGELES ,90025.0,2.0,,34.0149609,-118.4320585,"(34.0149609, -118.4320585)",POINT (367770.4975629435 3764739.3432664014),2444 S. Barry Ave.,90064.0,11.0,2022,60.0,61,0.9836065573770492,2022,DB,90064,2024-03-15 00:00:00,34.0,,,26.0,,,ministerial review of a DB compliance review,deduplicated_matched,2444 S. Barry Ave.,34.0149609,-118.4320585,"(34.0149609, -118.4320585)",59.0,60.0,Mar Vista
4262021013,8/1/2022,2022,11,1855 S BARRY AVE,LOS ANGELES ,90025.0,3.0,,34.0149609,-118.4320585,"(34.0149609, -118.4320585)",POINT (367770.4975629435 3764739.3432664014),2444 S. Barry Ave.,90064.0,11.0,2022,60.0,61,0.9836065573770492,2022,DB,90064,2024-03-15 00:00:00,34.0,,,26.0,,,ministerial review of a DB compliance review,deduplicated_matched,2444 S. Barry Ave.,34.0149609,-118.4320585,"(34.0149609, -118.4320585)",59.0,60.0,Mar Vista
4262027027,10/31/2011,2011,11,1920 S BARRY AVE,Los Angeles ,90025.0,3.0,,34.0149609,-118.4320585,"(34.0149609, -118.4320585)",POINT (367770.4975629435 3764739.3432664014),2444 S. Barry Ave.,90064.0,11.0,2022,60.0,61,0.9836065573770492,2022,DB,90064,2024-03-15 00:00:00,34.0,,,26.0,,,ministerial review of a DB compliance review,deduplicated_matched,2444 S. Barry Ave.,34.0149609,-118.4320585,"(34.0149609, -118.4320585)",59.0,60.0,Mar Vista
4262030006,3/3/2016,2016,11,2011 S BARRY AVE,LOS ANGELES ,90025.0,3.0,,34.0149609,-118.4320585,"(34.0149609, -118.4320585)",POINT (367770.4975629435 3764739.3432664014),2444 S. Barry Ave.,90064.0,11.0,2022,60.0,61,0.9836065573770492,2022,DB,90064,2024-03-15 00:00:00,34.0,,,26.0,,,ministerial review of a DB compliance review,deduplicated_matched,2444 S. Barry Ave.,34.0149609,-118.4320585,"(34.0149609, -118.4320585)",59.0,60.0,Mar Vista
4263007079,10/7/2014,2014,11,1223 S WESTGATE AVE,Los Angeles ,90025.0,9.0,,34.0465521,-118.4631867,"(34.0465521, -118.4631867)",POINT (364946.111722423 3768283.196857184),1235 S Westgate Ave,90025.0,11.0,2015,5.0,57,0.087719298245614,2015,DB,90025,2018-10-22 00:00:00,,,5.0,,,,,deduplicated_matched,1235 S Westgate Ave,34.0462846,-118.4629029,"(34.0462846, -118.4629029)",80.0,81.0,Sawtelle
4263007082,10/7/2014,2014,11,1227 S WESTGATE AVE,Los Angeles ,90025.0,8.0,,34.0464582,-118.4630494,"(34.0464582, -118.4630494)",POINT (364958.63681734307 3768272.6028173473),1235 S Westgate Ave,90025.0,11.0,2015,5.0,57,0.087719298245614,2015,DB,90025,2018-10-22 00:00:00,,,5.0,,,,,deduplicated_matched,1235 S Westgate Ave,34.0462846,-118.4629029,"(34.0462846, -118.4629029)",80.0,81.0,Sawtelle
4263007085,10/7/2014,2014,11,1235 S WESTGATE AVE,Los Angeles ,90025.0,10.0,,34.0462846,-118.4629029,"(34.0462846, -118.4629029)",POINT (364971.884816614 3768253.158524506),1235 S Westgate Ave,90025.0,11.0,2015,5.0,57,0.087719298245614,2015,DB,90025,2018-10-22 00:00:00,,,5.0,,,,,deduplicated_matched,1235 S Westgate Ave,34.0462846,-118.4629029,"(34.0462846, -118.4629029)",80.0,81.0,Sawtelle
4263015016,1/30/2017,2017,11,11549 W ROCHESTER AVE,LOS ANGELES ,90025.0,5.0,36.0,34.0477794,-118.4560706,"(34.0477794, -118.4560706)",POINT (365604.926469293 3768409.9240741846),1330 S. Federal Ave.,90025.0,11.0,2017,3.0,36,0.0833333333333333,2017,DB,90025,2021-09-22 00:00:00,,,3.0,,,,,deduplicated_matched,1330 S. Federal Ave.,34.04765500000001,-118.4562408,"(34.04765500000001, -118.4562408)",80.0,81.0,Sawtelle
4263015019,1/5/2017,2017,11,1330 S FEDERAL AVE,LOS ANGELES ,90025.0,16.0,0.0,34.04765500000001,-118.4562408,"(34.04765500000001, -118.4562408)",POINT (365589.0194183991 3768396.3526666015),1330 S. Federal Ave.,90025.0,11.0,2017,3.0,36,0.0833333333333333,2017,DB,90025,2021-09-22 00:00:00,,,3.0,,,,,deduplicated_matched,1330 S. Federal Ave.,34.04765500000001,-118.4562408,"(34.04765500000001, -118.4562408)",80.0,81.0,Sawtelle
4263023020,8/5/2016,2016,11,1301 S WESTGATE AVE,LOS ANGELES ,90025.0,8.0,27.0,34.0451797,-118.4618008,"(34.0451797, -118.4618008)",POINT (365071.86809891893 3768129.179467953),1301 S. Westgate Ave.,90025.0,11.0,2017,2.0,27,0.074074074074074,2017,DB,90025,2019-01-28 00:00:00,,,2.0,,,,,deduplicated_matched,1301 S. Westgate Ave.,34.0451797,-118.4618008,"(34.0451797, -118.4618008)",80.0,81.0,Sawtelle
4263031016,5/17/2017,2017,11,1437 S ARMACOST AVE,LOS ANGELES ,90025.0,4.0,0.0,34.0428207,-118.4614261,"(34.0428207, -118.4614261)",POINT (365102.7204960375 3767867.090243617),1431 S Armacost Ave,90025.0,11.0,2015,1.0,13,0.0769230769230769,2015,DB,90025,2019-06-13 00:00:00,,,1.0,,,,,deduplicated_matched,1431 S Armacost Ave,34.043033,-118.461601,"(34.043033, -118.461601)",80.0,81.0,Sawtelle
4263031018,4/19/2017,2017,11,1441 S ARMACOST AVE,LOS ANGELES ,90025.0,9.0,19.0,34.0426888,-118.4613413,"(34.0426888, -118.4613413)",POINT (365110.33973124187 3767852.3517424967),1431 S Armacost Ave,90025.0,11.0,2015,1.0,13,0.0769230769230769,2015,DB,90025,2019-06-13 00:00:00,,,1.0,,,,,deduplicated_matched,1431 S Armacost Ave,34.043033,-118.461601,"(34.043033, -118.461601)",80.0,81.0,Sawtelle
4263033021,4/21/2014,2014,11,1528 S ARMACOST AVE,Los Angeles ,90025.0,2.0,,34.0412721,-118.4592676,"(34.0412721, -118.4592676)",POINT (365299.52860892966 3767692.5187065015),1526 South Armacost Avenue,90025.0,11.0,2014,2.0,26,0.0769230769230769,2014,DB,90025,2017-09-29 00:00:00,,,2.0,,,,,deduplicated_matched,1526 South Armacost Avenue,34.0413349,-118.4593156,"(34.0413349, -118.4593156)",80.0,81.0,Sawtelle
4263033022,4/21/2014,2014,11,1522 S ARMACOST AVE,Los Angeles ,90025.0,8.0,,34.04137,-118.4593583,"(34.04137, -118.4593583)",POINT (365291.31051755894 3767703.494467666),1526 South Armacost Avenue,90025.0,11.0,2014,2.0,26,0.0769230769230769,2014,DB,90025,2017-09-29 00:00:00,,,2.0,,,,,deduplicated_matched,1526 South Armacost Avenue,34.0413349,-118.4593156,"(34.0413349, -118.4593156)",80.0,81.0,Sawtelle
4263039017,1/22/2020,2020,11,1522 S WELLESLEY AVE,LOS ANGELES ,90025.0,2.0,2.0,34.0384436,-118.4636833,"(34.0384436, -118.4636833)",POINT (364887.40941786487 3767384.681492801),1521 1/2 S. Wellesley Ave.,90025.0,11.0,2019,1.0,4,0.25,2019,Other/Discretionary,90025,2024-06-04 00:00:00,,,,1.0,,,UDU,deduplicated_matched,1521/2 S. Wellesley Ave.,34.0381521,-118.4640705,"(34.0381521, -118.4640705)",80.0,81.0,Sawtelle
4264026029,5/29/2014,2014,11,12102 W GOSHEN AVE,Los Angeles ,90049.0,15.0,0.0,34.0446481,-118.4684115,"(34.0446481, -118.4684115)",POINT (364460.78661566356 3768078.9669266944),1157 S Bundy Dr,90049.0,11.0,2015,3.0,33,0.0909090909090909,2015,DB,90049,2017-06-13 00:00:00,,,3.0,,,,,deduplicated_matched,1157 S Bundy Dr,34.044517,-118.4683511,"(34.044517, -118.4683511)",10.0,11.0,Brentwood
4264026030,5/29/2014,2014,11,1157 S BUNDY DR,Los Angeles ,90049.0,12.0,33.0,34.044517,-118.4683511,"(34.044517, -118.4683511)",POINT (364466.15356664197 3768064.348903188),1157 S Bundy Dr,90049.0,11.0,2015,3.0,33,0.0909090909090909,2015,DB,90049,2017-06-13 00:00:00,,,3.0,,,,,deduplicated_matched,1157 S Bundy Dr,34.044517,-118.4683511,"(34.044517, -118.4683511)",10.0,11.0,Brentwood
4265005019,11/6/2017,2017,11,11670 W DARLINGTON AVE,LOS ANGELES ,90049.0,4.0,,34.0530081,-118.4634902,"(34.0530081, -118.4634902)",POINT (364928.33716993185 3768999.5196487126),11668 W. Darlington Ave.,90049.0,11.0,2020,3.0,17,0.1764705882352941,2020,TOC,90049,2024-09-20 00:00:00,2.0,,1.0,,,,TOC Tier 3,deduplicated_matched,11668 W. Darlington Ave.,34.0528777,-118.4633738,"(34.0528777, -118.4633738)",10.0,11.0,Brentwood
4265007044,9/4/2014,2014,11,11973 W MONTANA AVE,Los Angeles ,90049.0,12.0,,34.0513944,-118.4724618,"(34.0513944, -118.4724618)",POINT (364097.66648855235 3768832.4551384742),11965 W Montana Ave,90049.0,11.0,2015,4.0,49,0.0816326530612244,2015,DB,90049,2019-03-27 00:00:00,,,4.0,,,,,deduplicated_matched,11965 W Montana Ave,34.051313,-118.4722081,"(34.051313, -118.4722081)",10.0,11.0,Brentwood
4265007045,9/4/2014,2014,11,11965 W MONTANA AVE,Los Angeles ,90049.0,20.0,,34.051313,-118.4722081,"(34.051313, -118.4722081)",POINT (364120.9540215643 3768823.0914498465),11965 W Montana Ave,90049.0,11.0,2015,4.0,49,0.0816326530612244,2015,DB,90049,2019-03-27 00:00:00,,,4.0,,,,,deduplicated_matched,11965 W Montana Ave,34.051313,-118.4722081,"(34.051313, -118.4722081)",10.0,11.0,Brentwood
4265008042,5/14/2019,2019,11,11727 W KIOWA AVE,LOS ANGELES ,90049.0,8.0,,34.0506519,-118.4635424,"(34.0506519, -118.4635424)",POINT (364919.7810459003 3768738.3035401325),11727 W. Kiowa Ave.,90049.0,11.0,2019,1.0,13,0.0769230769230769,2019,DB,90049,2024-12-09 00:00:00,,,1.0,,,,,deduplicated_matched,11727 W. Kiowa Ave.,34.0506519,-118.4635424,"(34.0506519, -118.4635424)",10.0,11.0,Brentwood
4265015010,10/13/2017,2017,11,11837 W MAYFIELD AVE,LOS ANGELES ,90049.0,8.0,26.0,34.0499413,-118.4662052,"(34.0499413, -118.4662052)",POINT (364672.8637508472 3768663.022636544),11837 W. Mayfield Ave.,90049.0,11.0,2017,2.0,26,0.0769230769230769,2017,DB,90049,,,,2.0,,,,,deduplicated_matched,11837 W. Mayfield Ave.,34.0499413,-118.4662052,"(34.0499413, -118.4662052)",10.0,11.0,Brentwood
4265015011,3/24/2017,2017,11,11841 W MAYFIELD AVE,LOS ANGELES ,90049.0,9.0,0.0,34.0498305,-118.4663135,"(34.0498305, -118.4663135)",POINT (364662.69100457814 3768650.879011081),11837 W. Mayfield Ave.,90049.0,11.0,2017,2.0,26,0.0769230769230769,2017,DB,90049,,,,2.0,,,,,deduplicated_matched,11837 W. Mayfield Ave.,34.0499413,-118.4662052,"(34.0499413, -118.4662052)",10.0,11.0,Brentwood
4303012059,7/14/2017,2017,5,1513 S HOLT AVE,LOS ANGELES ,90035.0,4.0,,34.050788,-118.3792095,"(34.050788, -118.3792095)",POINT (372704.22040545754 3768645.246759528),1515 S. Holt Ave.,90035.0,5.0,2017,2.0,21,0.0952380952380952,2017,DB,90035,,,,2.0,,,,,deduplicated_matched,1515 S. Holt Ave.,34.0509013,-118.3791233,"(34.0509013, -118.3791233)",72.0,73.0,Pico-Robertson
4303012060,7/14/2017,2017,5,1505 S HOLT AVE,LOS ANGELES ,90035.0,4.0,,34.0509515,-118.3790707,"(34.0509515, -118.3790707)",POINT (372717.2764434735 3768663.204734508),1515 S. Holt Ave.,90035.0,5.0,2017,2.0,21,0.0952380952380952,2017,DB,90035,,,,2.0,,,,,deduplicated_matched,1515 S. Holt Ave.,34.0509013,-118.3791233,"(34.0509013, -118.3791233)",72.0,73.0,Pico-Robertson
4303018026,8/13/2021,2021,5,1442 S BEDFORD ST,LOS ANGELES ,90035.0,2.0,,34.0528321,-118.3804041,"(34.0528321, -118.3804041)",POINT (372597.0138739373 3768873.4062963217),1446 S. Bedford St.,90035.0,5.0,2022,3.0,29,0.1034482758620689,2022,TOC,90035,,3.0,,,,,,TOC Tier 3,deduplicated_matched,1446 S. Bedford St.,34.0527175,-118.3804079,"(34.0527175, -118.3804079)",72.0,73.0,Pico-Robertson
4303018027,8/13/2021,2021,5,1446 S BEDFORD ST,LOS ANGELES ,90035.0,2.0,,34.0527175,-118.3804079,"(34.0527175, -118.3804079)",POINT (372596.49165466666 3768860.702912422),1446 S. Bedford St.,90035.0,5.0,2022,3.0,29,0.1034482758620689,2022,TOC,90035,,3.0,,,,,,TOC Tier 3,deduplicated_matched,1446 S. Bedford St.,34.0527175,-118.3804079,"(34.0527175, -118.3804079)",72.0,73.0,Pico-Robertson
4305014014,11/27/2017,2017,5,8867 W ALCOTT ST,LOS ANGELES ,90035.0,3.0,,34.0543112,-118.3861507,"(34.0543112, -118.3861507)",POINT (372068.82091923367 3769044.597487991),8867 W. Alcott St.,90035.0,5.0,2020,3.0,17,0.1764705882352941,2020,TOC,90035,,1.0,,2.0,,,,TOC Tier 3,deduplicated_matched,8867 W. Alcott St.,34.0543112,-118.3861507,"(34.0543112, -118.3861507)",72.0,73.0,Pico-Robertson
4306003009,11/13/2018,2018,5,1416 S BEVERLY DR,LOS ANGELES ,90035.0,6.0,,34.0545865,-118.3951841,"(34.0545865, -118.3951841)",POINT (371235.46134321427 3769086.4605122423),9421 W. Alcott St.,90035.0,5.0,2019,2.0,23,0.0869565217391304,2019,DB,90035,,,,2.0,,,,,deduplicated_matched,9421 W. Alcott St.,34.0544151,-118.3950341,"(34.0544151, -118.3950341)",72.0,73.0,Pico-Robertson
4306003010,5/8/2019,2019,5,1414 S BEVERLY DR,LOS ANGELES ,90035.0,6.0,,34.0547215,-118.3950644,"(34.0547215, -118.3950644)",POINT (371246.7136914641 3769101.2801704244),9421 W. Alcott St.,90035.0,5.0,2019,2.0,23,0.0869565217391304,2019,DB,90035,,,,2.0,,,,,deduplicated_matched,9421 W. Alcott St.,34.0544151,-118.3950341,"(34.0544151, -118.3950341)",72.0,73.0,Pico-Robertson
4306008024,3/11/2024,2024,5,1432 S BEVERLY DR,LOS ANGELES ,90035.0,2.0,,34.0541227,-118.3951117,"(34.0541227, -118.3951117)",POINT (371241.4423790573 3769034.9379643807),9421 W. Alcott St.,90035.0,5.0,2019,2.0,23,0.0869565217391304,2019,DB,90035,,,,2.0,,,,,deduplicated_matched,9421 W. Alcott St.,34.0544151,-118.3950341,"(34.0544151, -118.3950341)",72.0,73.0,Pico-Robertson
4306008024,3/11/2024,2024,5,1432 S BEVERLY DR,LOS ANGELES ,90035.0,2.0,,34.0541227,-118.3951117,"(34.0541227, -118.3951117)",POINT (371241.4423790573 3769034.9379643807),1432 S BEVERLY DR,,,2024,47.0,48,0.9791666666666666,2024,ED1,,,0.0,,0.0,38.0,9.0,0.0,,ed1,1432 S BEVERLY DR,34.0541227,-118.3951117,"(34.0541227, -118.3951117)",72.0,73.0,Pico-Robertson
4306009021,10/23/2019,2019,5,1462 S REEVES ST,LOS ANGELES ,90035.0,4.0,,34.0533093,-118.3961746,"(34.0533093, -118.3961746)",POINT (371142.10618833255 3768946.0773708625),1468 S. Reeves St.,90035.0,5.0,2022,3.0,29,0.1034482758620689,2022,TOC,90035,,3.0,,,,,,TOC Tier 3,deduplicated_matched,1468 S. Reeves St.,34.0531751,-118.3961718,"(34.0531751, -118.3961718)",72.0,73.0,Pico-Robertson
4306009021,10/23/2019,2019,5,1462 S REEVES ST,LOS ANGELES ,90035.0,4.0,,34.0533093,-118.3961746,"(34.0533093, -118.3961746)",POINT (371142.10618833255 3768946.0773708625),1462 S REEVES ST 1-4,,,2024,100.0,101,0.99009900990099,2024,ED1,,,0.0,,3.0,76.0,21.0,0.0,,ed1,1462 S REEVES ST,34.0533093,-118.3961746,"(34.0533093, -118.3961746)",72.0,73.0,Pico-Robertson
4306015027,4/9/2014,2014,5,1500 S BEVERLY DR,Los Angeles ,90035.0,2.0,8.0,34.0523472,-118.3951474,"(34.0523472, -118.3951474)",POINT (371235.4621788888 3768838.0953325173),1500 South Beverly Drive,90035.0,5.0,2014,1.0,8,0.125,2014,DB,90035,2018-06-18 00:00:00,,,1.0,,,,,deduplicated_matched,1500 South Beverly Drive,34.0523472,-118.3951474,"(34.0523472, -118.3951474)",8.0,9.0,Beverlywood
4311024013,2/1/2021,2021,5,9324 W NATIONAL BLVD,LOS ANGELES ,90034.0,4.0,,34.0310229,-118.3953036,"(34.0310229, -118.3953036)",POINT (371188.8017915189 3766473.615937175),3301 S. Canfield Ave.,90034.0,5.0,2021,5.0,50,0.1,2021,TOC,90034,"6/24/2024, 11/6/24 (additional ADUs)",5.0,,,,,,TOC Tier 3,deduplicated_matched,3301 S. Canfield Ave.,34.0311143,-118.3949829,"(34.0311143, -118.3949829)",70.0,71.0,Palms
4311027012,1/8/2020,2020,5,3123 S LIVONIA AVE,LOS ANGELES ,90034.0,4.0,,34.031906,-118.392063,"(34.031906, -118.392063)",POINT (371489.3204944093 3766567.47008178),3123 S. Livonia Ave.,90034.0,5.0,2020,3.0,29,0.1034482758620689,2020,TOC,90034,,3.0,,,,,,TOC Tier 3,deduplicated_matched,3123 S. Livonia Ave.,34.031906,-118.392063,"(34.031906, -118.392063)",70.0,71.0,Palms
4313003029,8/26/2016,2016,5,3672 S JASMINE AVE,LOS ANGELES ,90034.0,4.0,,34.0243915,-118.4036222,"(34.0243915, -118.4036222)",POINT (370410.7071967339 3765748.7533480716),3672 S. Jasmine Ave.,90034.0,5.0,2017,2.0,17,0.1176470588235294,2017,DB,90034,2021-05-25 00:00:00,,,2.0,,,,,deduplicated_matched,3672 S. Jasmine Ave.,34.0243915,-118.4036222,"(34.0243915, -118.4036222)",70.0,71.0,Palms
4313006003,9/21/2021,2021,5,9958 W REGENT ST,LOS ANGELES ,90034.0,4.0,,33.9643665,-118.361192,"(33.9643665, -118.361192)",POINT (374239.9233504196 3759039.696241059),9958 W. Regent St.,90034.0,5.0,2021,5.0,24,0.2083333333333333,2021,TOC,90034,,3.0,,1.0,1.0,,,TOC Tier 3,deduplicated_matched,9958 W. Regent St.,33.9643665,-118.361192,"(33.9643665, -118.361192)",,,
4313009028,2/7/2022,2022,5,3535 S HUGHES AVE,LOS ANGELES ,90034.0,2.0,,34.028195,-118.402853,"(34.028195, -118.402853)",POINT (370487.508682113 3766169.5538604776),3527 S. Hughes Ave.,90034.0,5.0,2022,5.0,43,0.1162790697674418,2022,TOC,90034,,5.0,,,,,,TOC Tier 3,deduplicated_matched,3527 S. Hughes Ave.,34.028343,-118.402966,"(34.028343, -118.402966)",70.0,71.0,Palms
4313009034,2/7/2022,2022,5,3521 S HUGHES AVE,LOS ANGELES ,90034.0,2.0,,34.0284997,-118.4030845,"(34.0284997, -118.4030845)",POINT (370466.59793529694 3766203.6353024216),3527 S. Hughes Ave.,90034.0,5.0,2022,5.0,43,0.1162790697674418,2022,TOC,90034,,5.0,,,,,,TOC Tier 3,deduplicated_matched,3527 S. Hughes Ave.,34.028343,-118.402966,"(34.028343, -118.402966)",70.0,71.0,Palms
4313015016,8/7/2023,2023,5,9709 W VENICE BLVD,LOS ANGELES ,90034.0,4.0,,34.0451134,-118.3521542,"(34.0451134, -118.3521542)",POINT (375193.1815328067 3767982.651921198),9900 W. Venice Blvd,90232.0,5.0,2021,6.0,54,0.1111111111111111,2021,DB,90232,,,,6.0,,,,,deduplicated_matched,9900 W. Venice Blvd,34.0451134,-118.3521542,"(34.0451134, -118.3521542)",60.0,61.0,Mid-City
4313016025,2/2/2017,2017,5,3753 S CARDIFF AVE,LOS ANGELES ,90034.0,3.0,0.0,34.0256262,-118.3972529,"(34.0256262, -118.3972529)",POINT (371000.6649779135 3765877.6256859195),3745 S. Cardiff Ave.,90034.0,5.0,2019,8.0,74,0.1081081081081081,2019,TOC,90034,2022-04-26 00:00:00,8.0,,,,,,TOC Tier 3,deduplicated_matched,3745 S. Cardiff Ave.,34.0259572,-118.3970478,"(34.0259572, -118.3970478)",70.0,71.0,Palms
4313016027,5/14/2018,2018,5,3745 S CARDIFF AVE,LOS ANGELES ,90034.0,2.0,74.0,34.0259572,-118.3970478,"(34.0259572, -118.3970478)",POINT (371020.10285015986 3765914.072130862),3745 S. Cardiff Ave.,90034.0,5.0,2019,8.0,74,0.1081081081081081,2019,TOC,90034,2022-04-26 00:00:00,8.0,,,,,,TOC Tier 3,deduplicated_matched,3745 S. Cardiff Ave.,34.0259572,-118.3970478,"(34.0259572, -118.3970478)",70.0,71.0,Palms
4314008029,6/3/2019,2019,5,3659 S MOTOR AVE,LOS ANGELES ,90034.0,1.0,,34.0549076,-118.242643,"(34.0549076, -118.242643)",POINT (385315.12050330953 3768940.5467975615),1200 S. Magnolia Ave.,90006.0,1.0,2022,2.0,21,0.0952380952380952,2022,TOC,90006,,2.0,,,,,,TOC Tier 2,deduplicated_matched,1200 S. Magnolia Ave.,34.0549076,-118.242643,"(34.0549076, -118.242643)",23.0,24.0,Downtown
4314008029,6/3/2019,2019,5,3659 S MOTOR AVE,LOS ANGELES ,90034.0,1.0,,34.0549076,-118.242643,"(34.0549076, -118.242643)",POINT (385315.12050330953 3768940.5467975615),1240 S. Magnolia Ave.,90006.0,1.0,2022,4.0,36,0.1111111111111111,2022,TOC,90006,,4.0,,,,,,TOC Tier 2,deduplicated_matched,1240 S. Magnolia Ave.,34.0549076,-118.242643,"(34.0549076, -118.242643)",23.0,24.0,Downtown
4314008029,6/3/2019,2019,5,3659 S MOTOR AVE,LOS ANGELES ,90034.0,1.0,,34.0549076,-118.242643,"(34.0549076, -118.242643)",POINT (385315.12050330953 3768940.5467975615),1505 S. Magnolia Ave.,90006.0,1.0,2020,1.0,5,0.2,2020,UDU,90006,,,,1.0,,,,UDU,deduplicated_matched,1505 S. Magnolia Ave.,34.0549076,-118.242643,"(34.0549076, -118.242643)",23.0,24.0,Downtown
4314008029,6/3/2019,2019,5,3659 S MOTOR AVE,LOS ANGELES ,90034.0,1.0,,34.0549076,-118.242643,"(34.0549076, -118.242643)",POINT (385315.12050330953 3768940.5467975615),1338 N Gordon St,90028.0,13.0,2016,4.0,44,0.0909090909090909,2016,DB,90028,2019-08-15 00:00:00,,,4.0,,,,,deduplicated_matched,1338 N Gordon St,34.0549076,-118.242643,"(34.0549076, -118.242643)",23.0,24.0,Downtown
4314008029,6/3/2019,2019,5,3659 S MOTOR AVE,LOS ANGELES ,90034.0,1.0,,34.0549076,-118.242643,"(34.0549076, -118.242643)",POINT (385315.12050330953 3768940.5467975615),"1813-1819 Prosser, Los Angeles 90027",90027.0,5.0,2010,2.0,21,0.0952380952380952,2010,DB,90027,2011-09-06 00:00:00,,,2.0,,,,,deduplicated_matched,"1813-1819 Prosser, Los Angeles",34.0549076,-118.242643,"(34.0549076, -118.242643)",23.0,24.0,Downtown
4314008029,6/3/2019,2019,5,3659 S MOTOR AVE,LOS ANGELES ,90034.0,1.0,,34.0549076,-118.242643,"(34.0549076, -118.242643)",POINT (385315.12050330953 3768940.5467975615),2654 S MAGNOLIA AVE,,,2024,14.0,15,0.9333333333333332,2024,ED1,,,0.0,,1.0,10.0,3.0,0.0,,ed1,2654 S MAGNOLIA AVE,34.0549076,-118.242643,"(34.0549076, -118.242643)",23.0,24.0,Downtown
4314010014,5/29/2019,2019,5,3667 S KEYSTONE AVE,LOS ANGELES ,90034.0,6.0,54.0,34.1600572,-118.3242107,"(34.1600572, -118.3242107)",POINT (377937.8015020203 3780695.1463657147),3408 S. Keystone Ave.,90034.0,5.0,2019,4.0,33,0.1212121212121212,2019,TOC,90034,2022-03-10 00:00:00,4.0,,,,,,TOC Tier 3,deduplicated_matched,3408 S. Keystone Ave.,34.1600572,-118.3242107,"(34.1600572, -118.3242107)",,,
4314010014,5/29/2019,2019,5,3667 S KEYSTONE AVE,LOS ANGELES ,90034.0,6.0,54.0,34.1600572,-118.3242107,"(34.1600572, -118.3242107)",POINT (377937.8015020203 3780695.1463657147),"3680 S. Keystone Ave., Los Angeles, CA",90034.0,5.0,2012,1.0,12,0.0833333333333333,2012,DB,90034,2013-04-10 00:00:00,,,,1.0,,,,deduplicated_matched,"3680 S. Keystone Ave., Los Angeles, CA",34.1600572,-118.3242107,"(34.1600572, -118.3242107)",,,
4314010015,6/2/2017,2017,5,3671 S KEYSTONE AVE,LOS ANGELES ,90034.0,4.0,,34.1600572,-118.3242107,"(34.1600572, -118.3242107)",POINT (377937.8015020203 3780695.1463657147),3408 S. Keystone Ave.,90034.0,5.0,2019,4.0,33,0.1212121212121212,2019,TOC,90034,2022-03-10 00:00:00,4.0,,,,,,TOC Tier 3,deduplicated_matched,3408 S. Keystone Ave.,34.1600572,-118.3242107,"(34.1600572, -118.3242107)",,,
4314010015,6/2/2017,2017,5,3671 S KEYSTONE AVE,LOS ANGELES ,90034.0,4.0,,34.1600572,-118.3242107,"(34.1600572, -118.3242107)",POINT (377937.8015020203 3780695.1463657147),"3680 S. Keystone Ave., Los Angeles, CA",90034.0,5.0,2012,1.0,12,0.0833333333333333,2012,DB,90034,2013-04-10 00:00:00,,,,1.0,,,,deduplicated_matched,"3680 S. Keystone Ave., Los Angeles, CA",34.1600572,-118.3242107,"(34.1600572, -118.3242107)",,,
4314010022,5/29/2019,2019,5,10621 W REGENT ST,LOS ANGELES ,90034.0,3.0,,33.9643665,-118.361192,"(33.9643665, -118.361192)",POINT (374239.9233504196 3759039.696241059),9958 W. Regent St.,90034.0,5.0,2021,5.0,24,0.2083333333333333,2021,TOC,90034,,3.0,,1.0,1.0,,,TOC Tier 3,deduplicated_matched,9958 W. Regent St.,33.9643665,-118.361192,"(33.9643665, -118.361192)",,,
4314010090,8/18/2016,2016,5,3652 S OVERLAND AVE,LOS ANGELES ,90034.0,3.0,92.0,34.0220955,-118.4092496,"(34.0220955, -118.4092496)",POINT (369887.6139392874 3765501.285496489),3644 S Overland Ave,90034.0,5.0,2015,8.0,92,0.0869565217391304,2015,DB,90034,2019-01-28 00:00:00,,,8.0,,,,,deduplicated_matched,3644 S Overland Ave,34.02226640000001,-118.4093348,"(34.02226640000001, -118.4093348)",70.0,71.0,Palms
4314011049,5/1/2015,2015,5,3546 S OVERLAND AVE,LOS ANGELES ,90034.0,2.0,0.0,34.0240162,-118.4105255,"(34.0240162, -118.4105255)",POINT (369772.7388412375 3765715.8963662665),3550 S Overland Ave,90034.0,5.0,2016,6.0,60,0.1,2016,DB,90034,2023-11-13 00:00:00,,,6.0,,,,,deduplicated_matched,3550 S Overland Ave,34.0238089,-118.4106615,"(34.0238089, -118.4106615)",70.0,71.0,Palms
4314011050,8/7/2015,2015,5,3556 S OVERLAND AVE,LOS ANGELES ,90034.0,2.0,60.0,34.0237242,-118.4104624,"(34.0237242, -118.4104624)",POINT (369778.1189096854 3765683.435891793),3550 S Overland Ave,90034.0,5.0,2016,6.0,60,0.1,2016,DB,90034,2023-11-13 00:00:00,,,6.0,,,,,deduplicated_matched,3550 S Overland Ave,34.0238089,-118.4106615,"(34.0238089, -118.4106615)",70.0,71.0,Palms
4314011050,8/7/2015,2015,5,3556 S OVERLAND AVE,LOS ANGELES ,90034.0,2.0,60.0,34.0237242,-118.4104624,"(34.0237242, -118.4104624)",POINT (369778.1189096854 3765683.435891793),10625 Tabor St,90034.0,5.0,2015,4.0,32,0.125,2015,DB,90034,2020-07-28 00:00:00,,,4.0,,,,,deduplicated_matched,10625 Tabor St,34.023547,-118.4101815,"(34.023547, -118.4101815)",70.0,71.0,Palms
4314013010,7/3/2019,2019,5,3551 S MOTOR AVE,LOS ANGELES ,90034.0,12.0,,34.0549076,-118.242643,"(34.0549076, -118.242643)",POINT (385315.12050330953 3768940.5467975615),1200 S. Magnolia Ave.,90006.0,1.0,2022,2.0,21,0.0952380952380952,2022,TOC,90006,,2.0,,,,,,TOC Tier 2,deduplicated_matched,1200 S. Magnolia Ave.,34.0549076,-118.242643,"(34.0549076, -118.242643)",23.0,24.0,Downtown
4314013010,7/3/2019,2019,5,3551 S MOTOR AVE,LOS ANGELES ,90034.0,12.0,,34.0549076,-118.242643,"(34.0549076, -118.242643)",POINT (385315.12050330953 3768940.5467975615),1240 S. Magnolia Ave.,90006.0,1.0,2022,4.0,36,0.1111111111111111,2022,TOC,90006,,4.0,,,,,,TOC Tier 2,deduplicated_matched,1240 S. Magnolia Ave.,34.0549076,-118.242643,"(34.0549076, -118.242643)",23.0,24.0,Downtown
4314013010,7/3/2019,2019,5,3551 S MOTOR AVE,LOS ANGELES ,90034.0,12.0,,34.0549076,-118.242643,"(34.0549076, -118.242643)",POINT (385315.12050330953 3768940.5467975615),1505 S. Magnolia Ave.,90006.0,1.0,2020,1.0,5,0.2,2020,UDU,90006,,,,1.0,,,,UDU,deduplicated_matched,1505 S. Magnolia Ave.,34.0549076,-118.242643,"(34.0549076, -118.242643)",23.0,24.0,Downtown
4314013010,7/3/2019,2019,5,3551 S MOTOR AVE,LOS ANGELES ,90034.0,12.0,,34.0549076,-118.242643,"(34.0549076, -118.242643)",POINT (385315.12050330953 3768940.5467975615),1338 N Gordon St,90028.0,13.0,2016,4.0,44,0.0909090909090909,2016,DB,90028,2019-08-15 00:00:00,,,4.0,,,,,deduplicated_matched,1338 N Gordon St,34.0549076,-118.242643,"(34.0549076, -118.242643)",23.0,24.0,Downtown
4314013010,7/3/2019,2019,5,3551 S MOTOR AVE,LOS ANGELES ,90034.0,12.0,,34.0549076,-118.242643,"(34.0549076, -118.242643)",POINT (385315.12050330953 3768940.5467975615),"1813-1819 Prosser, Los Angeles 90027",90027.0,5.0,2010,2.0,21,0.0952380952380952,2010,DB,90027,2011-09-06 00:00:00,,,2.0,,,,,deduplicated_matched,"1813-1819 Prosser, Los Angeles",34.0549076,-118.242643,"(34.0549076, -118.242643)",23.0,24.0,Downtown
4314013010,7/3/2019,2019,5,3551 S MOTOR AVE,LOS ANGELES ,90034.0,12.0,,34.0549076,-118.242643,"(34.0549076, -118.242643)",POINT (385315.12050330953 3768940.5467975615),2654 S MAGNOLIA AVE,,,2024,14.0,15,0.9333333333333332,2024,ED1,,,0.0,,1.0,10.0,3.0,0.0,,ed1,2654 S MAGNOLIA AVE,34.0549076,-118.242643,"(34.0549076, -118.242643)",23.0,24.0,Downtown
4314017003,3/23/2012,2012,5,3417 S MOTOR AVE,Los Angeles ,90034.0,8.0,0.0,34.0549076,-118.242643,"(34.0549076, -118.242643)",POINT (385315.12050330953 3768940.5467975615),1200 S. Magnolia Ave.,90006.0,1.0,2022,2.0,21,0.0952380952380952,2022,TOC,90006,,2.0,,,,,,TOC Tier 2,deduplicated_matched,1200 S. Magnolia Ave.,34.0549076,-118.242643,"(34.0549076, -118.242643)",23.0,24.0,Downtown
4314017003,3/23/2012,2012,5,3417 S MOTOR AVE,Los Angeles ,90034.0,8.0,0.0,34.0549076,-118.242643,"(34.0549076, -118.242643)",POINT (385315.12050330953 3768940.5467975615),1240 S. Magnolia Ave.,90006.0,1.0,2022,4.0,36,0.1111111111111111,2022,TOC,90006,,4.0,,,,,,TOC Tier 2,deduplicated_matched,1240 S. Magnolia Ave.,34.0549076,-118.242643,"(34.0549076, -118.242643)",23.0,24.0,Downtown
4314017003,3/23/2012,2012,5,3417 S MOTOR AVE,Los Angeles ,90034.0,8.0,0.0,34.0549076,-118.242643,"(34.0549076, -118.242643)",POINT (385315.12050330953 3768940.5467975615),1505 S. Magnolia Ave.,90006.0,1.0,2020,1.0,5,0.2,2020,UDU,90006,,,,1.0,,,,UDU,deduplicated_matched,1505 S. Magnolia Ave.,34.0549076,-118.242643,"(34.0549076, -118.242643)",23.0,24.0,Downtown
4314017003,3/23/2012,2012,5,3417 S MOTOR AVE,Los Angeles ,90034.0,8.0,0.0,34.0549076,-118.242643,"(34.0549076, -118.242643)",POINT (385315.12050330953 3768940.5467975615),1338 N Gordon St,90028.0,13.0,2016,4.0,44,0.0909090909090909,2016,DB,90028,2019-08-15 00:00:00,,,4.0,,,,,deduplicated_matched,1338 N Gordon St,34.0549076,-118.242643,"(34.0549076, -118.242643)",23.0,24.0,Downtown
4314017003,3/23/2012,2012,5,3417 S MOTOR AVE,Los Angeles ,90034.0,8.0,0.0,34.0549076,-118.242643,"(34.0549076, -118.242643)",POINT (385315.12050330953 3768940.5467975615),"1813-1819 Prosser, Los Angeles 90027",90027.0,5.0,2010,2.0,21,0.0952380952380952,2010,DB,90027,2011-09-06 00:00:00,,,2.0,,,,,deduplicated_matched,"1813-1819 Prosser, Los Angeles",34.0549076,-118.242643,"(34.0549076, -118.242643)",23.0,24.0,Downtown
4314017003,3/23/2012,2012,5,3417 S MOTOR AVE,Los Angeles ,90034.0,8.0,0.0,34.0549076,-118.242643,"(34.0549076, -118.242643)",POINT (385315.12050330953 3768940.5467975615),2654 S MAGNOLIA AVE,,,2024,14.0,15,0.9333333333333332,2024,ED1,,,0.0,,1.0,10.0,3.0,0.0,,ed1,2654 S MAGNOLIA AVE,34.0549076,-118.242643,"(34.0549076, -118.242643)",23.0,24.0,Downtown
4314017004,3/23/2012,2012,5,3421 S MOTOR AVE,Los Angeles ,90034.0,5.0,0.0,34.0549076,-118.242643,"(34.0549076, -118.242643)",POINT (385315.12050330953 3768940.5467975615),1200 S. Magnolia Ave.,90006.0,1.0,2022,2.0,21,0.0952380952380952,2022,TOC,90006,,2.0,,,,,,TOC Tier 2,deduplicated_matched,1200 S. Magnolia Ave.,34.0549076,-118.242643,"(34.0549076, -118.242643)",23.0,24.0,Downtown
4314017004,3/23/2012,2012,5,3421 S MOTOR AVE,Los Angeles ,90034.0,5.0,0.0,34.0549076,-118.242643,"(34.0549076, -118.242643)",POINT (385315.12050330953 3768940.5467975615),1240 S. Magnolia Ave.,90006.0,1.0,2022,4.0,36,0.1111111111111111,2022,TOC,90006,,4.0,,,,,,TOC Tier 2,deduplicated_matched,1240 S. Magnolia Ave.,34.0549076,-118.242643,"(34.0549076, -118.242643)",23.0,24.0,Downtown
4314017004,3/23/2012,2012,5,3421 S MOTOR AVE,Los Angeles ,90034.0,5.0,0.0,34.0549076,-118.242643,"(34.0549076, -118.242643)",POINT (385315.12050330953 3768940.5467975615),1505 S. Magnolia Ave.,90006.0,1.0,2020,1.0,5,0.2,2020,UDU,90006,,,,1.0,,,,UDU,deduplicated_matched,1505 S. Magnolia Ave.,34.0549076,-118.242643,"(34.0549076, -118.242643)",23.0,24.0,Downtown
4314017004,3/23/2012,2012,5,3421 S MOTOR AVE,Los Angeles ,90034.0,5.0,0.0,34.0549076,-118.242643,"(34.0549076, -118.242643)",POINT (385315.12050330953 3768940.5467975615),1338 N Gordon St,90028.0,13.0,2016,4.0,44,0.0909090909090909,2016,DB,90028,2019-08-15 00:00:00,,,4.0,,,,,deduplicated_matched,1338 N Gordon St,34.0549076,-118.242643,"(34.0549076, -118.242643)",23.0,24.0,Downtown
4314017004,3/23/2012,2012,5,3421 S MOTOR AVE,Los Angeles ,90034.0,5.0,0.0,34.0549076,-118.242643,"(34.0549076, -118.242643)",POINT (385315.12050330953 3768940.5467975615),"1813-1819 Prosser, Los Angeles 90027",90027.0,5.0,2010,2.0,21,0.0952380952380952,2010,DB,90027,2011-09-06 00:00:00,,,2.0,,,,,deduplicated_matched,"1813-1819 Prosser, Los Angeles",34.0549076,-118.242643,"(34.0549076, -118.242643)",23.0,24.0,Downtown
4314017004,3/23/2012,2012,5,3421 S MOTOR AVE,Los Angeles ,90034.0,5.0,0.0,34.0549076,-118.242643,"(34.0549076, -118.242643)",POINT (385315.12050330953 3768940.5467975615),2654 S MAGNOLIA AVE,,,2024,14.0,15,0.9333333333333332,2024,ED1,,,0.0,,1.0,10.0,3.0,0.0,,ed1,2654 S MAGNOLIA AVE,34.0549076,-118.242643,"(34.0549076, -118.242643)",23.0,24.0,Downtown
4314017006,4/12/2012,2012,5,3439 S MOTOR AVE,Los Angeles ,90034.0,2.0,115.0,34.0549076,-118.242643,"(34.0549076, -118.242643)",POINT (385315.12050330953 3768940.5467975615),1200 S. Magnolia Ave.,90006.0,1.0,2022,2.0,21,0.0952380952380952,2022,TOC,90006,,2.0,,,,,,TOC Tier 2,deduplicated_matched,1200 S. Magnolia Ave.,34.0549076,-118.242643,"(34.0549076, -118.242643)",23.0,24.0,Downtown
4314017006,4/12/2012,2012,5,3439 S MOTOR AVE,Los Angeles ,90034.0,2.0,115.0,34.0549076,-118.242643,"(34.0549076, -118.242643)",POINT (385315.12050330953 3768940.5467975615),1240 S. Magnolia Ave.,90006.0,1.0,2022,4.0,36,0.1111111111111111,2022,TOC,90006,,4.0,,,,,,TOC Tier 2,deduplicated_matched,1240 S. Magnolia Ave.,34.0549076,-118.242643,"(34.0549076, -118.242643)",23.0,24.0,Downtown
4314017006,4/12/2012,2012,5,3439 S MOTOR AVE,Los Angeles ,90034.0,2.0,115.0,34.0549076,-118.242643,"(34.0549076, -118.242643)",POINT (385315.12050330953 3768940.5467975615),1505 S. Magnolia Ave.,90006.0,1.0,2020,1.0,5,0.2,2020,UDU,90006,,,,1.0,,,,UDU,deduplicated_matched,1505 S. Magnolia Ave.,34.0549076,-118.242643,"(34.0549076, -118.242643)",23.0,24.0,Downtown
4314017006,4/12/2012,2012,5,3439 S MOTOR AVE,Los Angeles ,90034.0,2.0,115.0,34.0549076,-118.242643,"(34.0549076, -118.242643)",POINT (385315.12050330953 3768940.5467975615),1338 N Gordon St,90028.0,13.0,2016,4.0,44,0.0909090909090909,2016,DB,90028,2019-08-15 00:00:00,,,4.0,,,,,deduplicated_matched,1338 N Gordon St,34.0549076,-118.242643,"(34.0549076, -118.242643)",23.0,24.0,Downtown
4314017006,4/12/2012,2012,5,3439 S MOTOR AVE,Los Angeles ,90034.0,2.0,115.0,34.0549076,-118.242643,"(34.0549076, -118.242643)",POINT (385315.12050330953 3768940.5467975615),"1813-1819 Prosser, Los Angeles 90027",90027.0,5.0,2010,2.0,21,0.0952380952380952,2010,DB,90027,2011-09-06 00:00:00,,,2.0,,,,,deduplicated_matched,"1813-1819 Prosser, Los Angeles",34.0549076,-118.242643,"(34.0549076, -118.242643)",23.0,24.0,Downtown
4314017006,4/12/2012,2012,5,3439 S MOTOR AVE,Los Angeles ,90034.0,2.0,115.0,34.0549076,-118.242643,"(34.0549076, -118.242643)",POINT (385315.12050330953 3768940.5467975615),2654 S MAGNOLIA AVE,,,2024,14.0,15,0.9333333333333332,2024,ED1,,,0.0,,1.0,10.0,3.0,0.0,,ed1,2654 S MAGNOLIA AVE,34.0549076,-118.242643,"(34.0549076, -118.242643)",23.0,24.0,Downtown
4315014028,9/4/2019,2019,5,2361 S FOX HILLS DR,LOS ANGELES ,90064.0,3.0,,34.0491685,-118.4138512,"(34.0491685, -118.4138512)",POINT (369504.2006619199 3768509.30556624),2365 S. Fox Hills Dr.,90064.0,5.0,2019,2.0,18,0.1111111111111111,2019,DB,90064,,,,2.0,,,,,deduplicated_matched,2365 S. Fox Hills Dr.,34.0490343,-118.4137446,"(34.0490343, -118.4137446)",15.0,16.0,Century City
4315014029,9/4/2019,2019,5,2365 S FOX HILLS DR,LOS ANGELES ,90064.0,2.0,,34.0490343,-118.4137446,"(34.0490343, -118.4137446)",POINT (369513.8347547966 3768494.2879413),2365 S. Fox Hills Dr.,90064.0,5.0,2019,2.0,18,0.1111111111111111,2019,DB,90064,,,,2.0,,,,,deduplicated_matched,2365 S. Fox Hills Dr.,34.0490343,-118.4137446,"(34.0490343, -118.4137446)",15.0,16.0,Century City
4315017036,6/20/2013,2013,5,2230 S FOX HILLS DR,Los Angeles ,90064.0,5.0,22.0,34.0516351,-118.415383,"(34.0516351, -118.415383)",POINT (369366.59172698297 3768784.785913459),2250 South Fox Hills Drive,90064.0,5.0,2014,2.0,22,0.0909090909090909,2014,DB,90064,2016-03-24 00:00:00,,,2.0,,,,,deduplicated_matched,2250 South Fox Hills Drive,34.0515925,-118.415329,"(34.0515925, -118.415329)",15.0,16.0,Century City
4315017037,6/20/2013,2013,5,2250 S FOX HILLS DR,Los Angeles ,90064.0,1.0,0.0,34.0515925,-118.415329,"(34.0515925, -118.415329)",POINT (369371.51070814766 3768779.9929709104),2250 South Fox Hills Drive,90064.0,5.0,2014,2.0,22,0.0909090909090909,2014,DB,90064,2016-03-24 00:00:00,,,2.0,,,,,deduplicated_matched,2250 South Fox Hills Drive,34.0515925,-118.415329,"(34.0515925, -118.415329)",15.0,16.0,Century City
4317004016,8/17/2016,2016,5,10534 W SANTA MONICA BLVD,LOS ANGELES ,90025.0,9.0,37.0,34.0544156,-118.4276895,"(34.0544156, -118.4276895)",POINT (368234.97288538376 3769108.904818422),10534 W. Santa Monica Blvd,90025.0,5.0,2016,3.0,37,0.081081081081081,2016,DB,90025,2019-11-12 00:00:00,,,3.0,,,,,deduplicated_matched,10534 W. Santa Monica Blvd,34.0544156,-118.4276895,"(34.0544156, -118.4276895)",107.0,108.0,West Los Angeles
4319009031,6/26/2018,2018,5,10306 W SANTA MONICA BLVD,LOS ANGELES ,90025.0,6.0,,34.0583902,-118.4219452,"(34.0583902, -118.4219452)",POINT (368771.29653093347 3769542.270884379),10310 W. Santa Monica Blvd.,90025.0,5.0,2021,11.0,91,0.1208791208791208,2021,DB,90025,,,,11.0,,,,,deduplicated_matched,10310 W. Santa Monica Blvd.,34.0584385,-118.422047,"(34.0584385, -118.422047)",15.0,16.0,Century City
4319009032,6/26/2018,2018,5,10316 W SANTA MONICA BLVD,LOS ANGELES ,90025.0,4.0,,34.058388,-118.4220876,"(34.058388, -118.4220876)",POINT (368758.1502913326 3769542.2096390277),10310 W. Santa Monica Blvd.,90025.0,5.0,2021,11.0,91,0.1208791208791208,2021,DB,90025,,,,11.0,,,,,deduplicated_matched,10310 W. Santa Monica Blvd.,34.0584385,-118.422047,"(34.0584385, -118.422047)",15.0,16.0,Century City
4319009033,6/26/2018,2018,5,10318 W SANTA MONICA BLVD,LOS ANGELES ,90025.0,6.0,,34.0582305,-118.422174,"(34.0582305, -118.422174)",POINT (368749.9331407825 3769524.855034483),10310 W. Santa Monica Blvd.,90025.0,5.0,2021,11.0,91,0.1208791208791208,2021,DB,90025,,,,11.0,,,,,deduplicated_matched,10310 W. Santa Monica Blvd.,34.0584385,-118.422047,"(34.0584385, -118.422047)",15.0,16.0,Century City
4319009034,6/26/2018,2018,5,10324 W SANTA MONICA BLVD,LOS ANGELES ,90025.0,4.0,,34.0581579,-118.4222515,"(34.0581579, -118.4222515)",POINT (368742.6683004288 3769516.9037376856),10310 W. Santa Monica Blvd.,90025.0,5.0,2021,11.0,91,0.1208791208791208,2021,DB,90025,,,,11.0,,,,,deduplicated_matched,10310 W. Santa Monica Blvd.,34.0584385,-118.422047,"(34.0584385, -118.422047)",15.0,16.0,Century City
4319009035,6/26/2018,2018,5,10330 W SANTA MONICA BLVD,LOS ANGELES ,90025.0,6.0,,34.0580838,-118.4223753,"(34.0580838, -118.4223753)",POINT (368731.12784794846 3769508.8455307554),10310 W. Santa Monica Blvd.,90025.0,5.0,2021,11.0,91,0.1208791208791208,2021,DB,90025,,,,11.0,,,,,deduplicated_matched,10310 W. Santa Monica Blvd.,34.0584385,-118.422047,"(34.0584385, -118.422047)",15.0,16.0,Century City
4321004026,1/18/2019,2019,5,1822 S OVERLAND AVE,LOS ANGELES ,90025.0,2.0,,34.050791,-118.43208,"(34.050791, -118.43208)",POINT (367824.104380103 3768712.630142908),1822 S. Overland Ave.,90025.0,5.0,2019,2.0,16,0.125,2019,TOC,90025,,2.0,,,,,,TOC Tier 3,deduplicated_matched,1822 S. Overland Ave.,34.050791,-118.43208,"(34.050791, -118.43208)",107.0,108.0,West Los Angeles
4321005055,10/27/2017,2017,5,1946 S MANNING AVE,LOS ANGELES ,90025.0,4.0,,34.0504125,-118.4288934,"(34.0504125, -118.4288934)",POINT (368117.6529675799 3768666.5448256275),1943 S MANNING AVE,,,2024,62.0,63,0.984126984126984,2024,ED1,,,0.0,,0.0,49.0,13.0,0.0,,ed1,1943 S MANNING AVE,34.05024,-118.42929,"(34.05024, -118.42929)",107.0,108.0,West Los Angeles
4322001015,12/27/2021,2021,5,2115 S WESTWOOD BLVD,LOS ANGELES ,90025.0,1.0,,34.0446725,-118.4327183,"(34.0446725, -118.4327183)",POINT (367755.6858831602 3768034.9628506904),2121 S. Westwood Blvd.,90025.0,5.0,2022,11.0,92,0.1195652173913043,2022,DB,90025,,,,11.0,,,,,deduplicated_matched,2121 S. Westwood Blvd.,34.0446665,-118.4326509,"(34.0446665, -118.4326509)",107.0,108.0,West Los Angeles
4323006027,1/5/2018,2018,5,1827 S MIDVALE AVE,LOS ANGELES ,90025.0,8.0,17.0,34.0485392,-118.4375301,"(34.0485392, -118.4375301)",POINT (367317.53128482925 3768469.978780697),1827 S. Midvale Ave.,90025.0,5.0,2018,2.0,17,0.1176470588235294,2018,DB,90025,2021-02-26 00:00:00,,,2.0,,,,,deduplicated_matched,1827 S. Midvale Ave.,34.0485392,-118.4375301,"(34.0485392, -118.4375301)",107.0,108.0,West Los Angeles
4324014072,3/27/2023,2023,5,1427 S GREENFIELD AVE,LOS ANGELES ,90025.0,7.0,,34.0525365,-118.4448169,"(34.0525365, -118.4448169)",POINT (366651.1741479222 3768922.722718152),1427 S. Greenfield Ave.,90025.0,5.0,2022,5.0,29,0.1724137931034483,2022,TOC,90025,,3.0,,1.0,1.0,,,TOC Tier 3,deduplicated_matched,1427 S. Greenfield Ave.,34.0522143,-118.4445651,"(34.0522143, -118.4445651)",108.0,109.0,Westwood
4324032019,7/24/2017,2017,5,1633 S CAMDEN AVE,LOS ANGELES ,90025.0,3.0,,34.0551571,-118.399562,"(34.0551571, -118.399562)",POINT (370832.25107638096 3769155.2548530153),1633 S. Camden Ave.,90025.0,5.0,2021,3.0,14,0.2142857142857142,2021,TOC,90025,,1.0,,1.0,1.0,,,TOC Tier 3,deduplicated_matched,1633 S. Camden Ave.,34.0549749,-118.3990995,"(34.0549749, -118.3990995)",72.0,73.0,Pico-Robertson
4324038001,2/3/2023,2023,5,10978 W WILKINS AVE,LOS ANGELES ,90024.0,6.0,,34.0537807,-118.4440334,"(34.0537807, -118.4440334)",POINT (366725.44032856636 3769059.6737188157),10978 W. Wilkins Ave.,90024.0,5.0,2022,3.0,23,0.1304347826086956,2022,TOC,90024,,3.0,,,,,,TOC Tier 3,deduplicated_matched,10978 W. Wilkins Ave.,34.0537807,-118.4440334,"(34.0537807, -118.4440334)",108.0,109.0,Westwood
4324038002,7/5/2022,2022,5,10939 W OHIO AVE,LOS ANGELES ,90024.0,8.0,,34.041009,-118.4623508,"(34.041009, -118.4623508)",POINT (365014.48779944936 3767667.406073337),10939 W. Ohio Ave.,90024.0,5.0,2021,3.0,18,0.1666666666666666,2021,TOC,90024,,1.0,,2.0,,,,TOC Tier 3,deduplicated_matched,10939 W. Ohio Ave.,34.041009,-118.4623508,"(34.041009, -118.4623508)",80.0,81.0,Sawtelle
4325013012,2/15/2024,2024,5,10741 W OHIO AVE,LOS ANGELES ,90024.0,3.0,,34.041009,-118.4623508,"(34.041009, -118.4623508)",POINT (365014.48779944936 3767667.406073337),10939 W. Ohio Ave.,90024.0,5.0,2021,3.0,18,0.1666666666666666,2021,TOC,90024,,1.0,,2.0,,,,TOC Tier 3,deduplicated_matched,10939 W. Ohio Ave.,34.041009,-118.4623508,"(34.041009, -118.4623508)",80.0,81.0,Sawtelle
4325013013,1/25/2024,2024,5,10737 W OHIO AVE,LOS ANGELES ,90024.0,2.0,,34.041009,-118.4623508,"(34.041009, -118.4623508)",POINT (365014.48779944936 3767667.406073337),10939 W. Ohio Ave.,90024.0,5.0,2021,3.0,18,0.1666666666666666,2021,TOC,90024,,1.0,,2.0,,,,TOC Tier 3,deduplicated_matched,10939 W. Ohio Ave.,34.041009,-118.4623508,"(34.041009, -118.4623508)",80.0,81.0,Sawtelle
4325013014,10/24/2023,2023,5,10733 W OHIO AVE,LOS ANGELES ,90024.0,4.0,,34.041009,-118.4623508,"(34.041009, -118.4623508)",POINT (365014.48779944936 3767667.406073337),10939 W. Ohio Ave.,90024.0,5.0,2021,3.0,18,0.1666666666666666,2021,TOC,90024,,1.0,,2.0,,,,TOC Tier 3,deduplicated_matched,10939 W. Ohio Ave.,34.041009,-118.4623508,"(34.041009, -118.4623508)",80.0,81.0,Sawtelle
4325023017,8/11/2017,2017,5,1751 S MALCOLM AVE,LOS ANGELES ,90024.0,6.0,,34.0549076,-118.242643,"(34.0549076, -118.242643)",POINT (385315.12050330953 3768940.5467975615),1200 S. Magnolia Ave.,90006.0,1.0,2022,2.0,21,0.0952380952380952,2022,TOC,90006,,2.0,,,,,,TOC Tier 2,deduplicated_matched,1200 S. Magnolia Ave.,34.0549076,-118.242643,"(34.0549076, -118.242643)",23.0,24.0,Downtown
4325023017,8/11/2017,2017,5,1751 S MALCOLM AVE,LOS ANGELES ,90024.0,6.0,,34.0549076,-118.242643,"(34.0549076, -118.242643)",POINT (385315.12050330953 3768940.5467975615),1240 S. Magnolia Ave.,90006.0,1.0,2022,4.0,36,0.1111111111111111,2022,TOC,90006,,4.0,,,,,,TOC Tier 2,deduplicated_matched,1240 S. Magnolia Ave.,34.0549076,-118.242643,"(34.0549076, -118.242643)",23.0,24.0,Downtown
4325023017,8/11/2017,2017,5,1751 S MALCOLM AVE,LOS ANGELES ,90024.0,6.0,,34.0549076,-118.242643,"(34.0549076, -118.242643)",POINT (385315.12050330953 3768940.5467975615),1505 S. Magnolia Ave.,90006.0,1.0,2020,1.0,5,0.2,2020,UDU,90006,,,,1.0,,,,UDU,deduplicated_matched,1505 S. Magnolia Ave.,34.0549076,-118.242643,"(34.0549076, -118.242643)",23.0,24.0,Downtown
4325023017,8/11/2017,2017,5,1751 S MALCOLM AVE,LOS ANGELES ,90024.0,6.0,,34.0549076,-118.242643,"(34.0549076, -118.242643)",POINT (385315.12050330953 3768940.5467975615),1338 N Gordon St,90028.0,13.0,2016,4.0,44,0.0909090909090909,2016,DB,90028,2019-08-15 00:00:00,,,4.0,,,,,deduplicated_matched,1338 N Gordon St,34.0549076,-118.242643,"(34.0549076, -118.242643)",23.0,24.0,Downtown
4325023017,8/11/2017,2017,5,1751 S MALCOLM AVE,LOS ANGELES ,90024.0,6.0,,34.0549076,-118.242643,"(34.0549076, -118.242643)",POINT (385315.12050330953 3768940.5467975615),"1813-1819 Prosser, Los Angeles 90027",90027.0,5.0,2010,2.0,21,0.0952380952380952,2010,DB,90027,2011-09-06 00:00:00,,,2.0,,,,,deduplicated_matched,"1813-1819 Prosser, Los Angeles",34.0549076,-118.242643,"(34.0549076, -118.242643)",23.0,24.0,Downtown
4325023017,8/11/2017,2017,5,1751 S MALCOLM AVE,LOS ANGELES ,90024.0,6.0,,34.0549076,-118.242643,"(34.0549076, -118.242643)",POINT (385315.12050330953 3768940.5467975615),2654 S MAGNOLIA AVE,,,2024,14.0,15,0.9333333333333332,2024,ED1,,,0.0,,1.0,10.0,3.0,0.0,,ed1,2654 S MAGNOLIA AVE,34.0549076,-118.242643,"(34.0549076, -118.242643)",23.0,24.0,Downtown
4325025012,3/28/2018,2018,5,1664 S MALCOLM AVE,LOS ANGELES ,90024.0,4.0,,34.0549076,-118.242643,"(34.0549076, -118.242643)",POINT (385315.12050330953 3768940.5467975615),1200 S. Magnolia Ave.,90006.0,1.0,2022,2.0,21,0.0952380952380952,2022,TOC,90006,,2.0,,,,,,TOC Tier 2,deduplicated_matched,1200 S. Magnolia Ave.,34.0549076,-118.242643,"(34.0549076, -118.242643)",23.0,24.0,Downtown
4325025012,3/28/2018,2018,5,1664 S MALCOLM AVE,LOS ANGELES ,90024.0,4.0,,34.0549076,-118.242643,"(34.0549076, -118.242643)",POINT (385315.12050330953 3768940.5467975615),1240 S. Magnolia Ave.,90006.0,1.0,2022,4.0,36,0.1111111111111111,2022,TOC,90006,,4.0,,,,,,TOC Tier 2,deduplicated_matched,1240 S. Magnolia Ave.,34.0549076,-118.242643,"(34.0549076, -118.242643)",23.0,24.0,Downtown
4325025012,3/28/2018,2018,5,1664 S MALCOLM AVE,LOS ANGELES ,90024.0,4.0,,34.0549076,-118.242643,"(34.0549076, -118.242643)",POINT (385315.12050330953 3768940.5467975615),1505 S. Magnolia Ave.,90006.0,1.0,2020,1.0,5,0.2,2020,UDU,90006,,,,1.0,,,,UDU,deduplicated_matched,1505 S. Magnolia Ave.,34.0549076,-118.242643,"(34.0549076, -118.242643)",23.0,24.0,Downtown
4325025012,3/28/2018,2018,5,1664 S MALCOLM AVE,LOS ANGELES ,90024.0,4.0,,34.0549076,-118.242643,"(34.0549076, -118.242643)",POINT (385315.12050330953 3768940.5467975615),1338 N Gordon St,90028.0,13.0,2016,4.0,44,0.0909090909090909,2016,DB,90028,2019-08-15 00:00:00,,,4.0,,,,,deduplicated_matched,1338 N Gordon St,34.0549076,-118.242643,"(34.0549076, -118.242643)",23.0,24.0,Downtown
4325025012,3/28/2018,2018,5,1664 S MALCOLM AVE,LOS ANGELES ,90024.0,4.0,,34.0549076,-118.242643,"(34.0549076, -118.242643)",POINT (385315.12050330953 3768940.5467975615),"1813-1819 Prosser, Los Angeles 90027",90027.0,5.0,2010,2.0,21,0.0952380952380952,2010,DB,90027,2011-09-06 00:00:00,,,2.0,,,,,deduplicated_matched,"1813-1819 Prosser, Los Angeles",34.0549076,-118.242643,"(34.0549076, -118.242643)",23.0,24.0,Downtown
4325025012,3/28/2018,2018,5,1664 S MALCOLM AVE,LOS ANGELES ,90024.0,4.0,,34.0549076,-118.242643,"(34.0549076, -118.242643)",POINT (385315.12050330953 3768940.5467975615),2654 S MAGNOLIA AVE,,,2024,14.0,15,0.9333333333333332,2024,ED1,,,0.0,,1.0,10.0,3.0,0.0,,ed1,2654 S MAGNOLIA AVE,34.0549076,-118.242643,"(34.0549076, -118.242643)",23.0,24.0,Downtown
4325025084,12/8/2017,2017,5,1644 S MALCOLM AVE,LOS ANGELES ,90024.0,10.0,,34.0549076,-118.242643,"(34.0549076, -118.242643)",POINT (385315.12050330953 3768940.5467975615),1200 S. Magnolia Ave.,90006.0,1.0,2022,2.0,21,0.0952380952380952,2022,TOC,90006,,2.0,,,,,,TOC Tier 2,deduplicated_matched,1200 S. Magnolia Ave.,34.0549076,-118.242643,"(34.0549076, -118.242643)",23.0,24.0,Downtown
4325025084,12/8/2017,2017,5,1644 S MALCOLM AVE,LOS ANGELES ,90024.0,10.0,,34.0549076,-118.242643,"(34.0549076, -118.242643)",POINT (385315.12050330953 3768940.5467975615),1240 S. Magnolia Ave.,90006.0,1.0,2022,4.0,36,0.1111111111111111,2022,TOC,90006,,4.0,,,,,,TOC Tier 2,deduplicated_matched,1240 S. Magnolia Ave.,34.0549076,-118.242643,"(34.0549076, -118.242643)",23.0,24.0,Downtown
4325025084,12/8/2017,2017,5,1644 S MALCOLM AVE,LOS ANGELES ,90024.0,10.0,,34.0549076,-118.242643,"(34.0549076, -118.242643)",POINT (385315.12050330953 3768940.5467975615),1505 S. Magnolia Ave.,90006.0,1.0,2020,1.0,5,0.2,2020,UDU,90006,,,,1.0,,,,UDU,deduplicated_matched,1505 S. Magnolia Ave.,34.0549076,-118.242643,"(34.0549076, -118.242643)",23.0,24.0,Downtown
4325025084,12/8/2017,2017,5,1644 S MALCOLM AVE,LOS ANGELES ,90024.0,10.0,,34.0549076,-118.242643,"(34.0549076, -118.242643)",POINT (385315.12050330953 3768940.5467975615),1338 N Gordon St,90028.0,13.0,2016,4.0,44,0.0909090909090909,2016,DB,90028,2019-08-15 00:00:00,,,4.0,,,,,deduplicated_matched,1338 N Gordon St,34.0549076,-118.242643,"(34.0549076, -118.242643)",23.0,24.0,Downtown
4325025084,12/8/2017,2017,5,1644 S MALCOLM AVE,LOS ANGELES ,90024.0,10.0,,34.0549076,-118.242643,"(34.0549076, -118.242643)",POINT (385315.12050330953 3768940.5467975615),"1813-1819 Prosser, Los Angeles 90027",90027.0,5.0,2010,2.0,21,0.0952380952380952,2010,DB,90027,2011-09-06 00:00:00,,,2.0,,,,,deduplicated_matched,"1813-1819 Prosser, Los Angeles",34.0549076,-118.242643,"(34.0549076, -118.242643)",23.0,24.0,Downtown
4325025084,12/8/2017,2017,5,1644 S MALCOLM AVE,LOS ANGELES ,90024.0,10.0,,34.0549076,-118.242643,"(34.0549076, -118.242643)",POINT (385315.12050330953 3768940.5467975615),2654 S MAGNOLIA AVE,,,2024,14.0,15,0.9333333333333332,2024,ED1,,,0.0,,1.0,10.0,3.0,0.0,,ed1,2654 S MAGNOLIA AVE,34.0549076,-118.242643,"(34.0549076, -118.242643)",23.0,24.0,Downtown
4326001022,3/24/2014,2014,5,10651 W ASHTON AVE,Los Angeles ,90024.0,5.0,0.0,34.0601431,-118.4347948,"(34.0601431, -118.4347948)",POINT (367588.0646197222 3769753.21508186),10647 W. Ashton Avenue,90024.0,5.0,2014,1.0,14,0.0714285714285714,2014,DB,90024,2016-06-24 00:00:00,,,1.0,,,,,deduplicated_matched,10647 W. Ashton Avenue,34.0602101,-118.4346572,"(34.0602101, -118.4346572)",108.0,109.0,Westwood
4326001023,3/24/2014,2014,5,10647 W ASHTON AVE,Los Angeles ,90024.0,4.0,14.0,34.0602101,-118.4346572,"(34.0602101, -118.4346572)",POINT (367600.8684298025 3769760.466715618),10647 W. Ashton Avenue,90024.0,5.0,2014,1.0,14,0.0714285714285714,2014,DB,90024,2016-06-24 00:00:00,,,1.0,,,,,deduplicated_matched,10647 W. Ashton Avenue,34.0602101,-118.4346572,"(34.0602101, -118.4346572)",108.0,109.0,Westwood
4326003014,1/22/2014,2014,5,10523 W ASHTON AVE,Los Angeles ,90024.0,3.0,14.0,34.0631409,-118.4313879,"(34.0631409, -118.4313879)",POINT (367907.15195937984 3770081.241858845),10523 West Ashton Avenue,90024.0,5.0,2014,1.0,14,0.0714285714285714,2014,DB,90024,2015-12-31 00:00:00,,,1.0,,,,,deduplicated_matched,10523 West Ashton Avenue,34.0631197,-118.4314316,"(34.0631197, -118.4314316)",108.0,109.0,Westwood
4326003015,1/22/2014,2014,5,10519 W ASHTON AVE,Los Angeles ,90024.0,2.0,0.0,34.06330519999999,-118.4314576,"(34.06330519999999, -118.4314576)",POINT (367900.97433751787 3770099.5514722057),10523 West Ashton Avenue,90024.0,5.0,2014,1.0,14,0.0714285714285714,2014,DB,90024,2015-12-31 00:00:00,,,1.0,,,,,deduplicated_matched,10523 West Ashton Avenue,34.0631197,-118.4314316,"(34.0631197, -118.4314316)",108.0,109.0,Westwood
4327005018,1/22/2020,2020,5,10401 W EASTBORNE AVE,LOS ANGELES ,90024.0,14.0,,34.0583401,-118.4251161,"(34.0583401, -118.4251161)",POINT (368478.559951929 3769540.7881900654),10403 W. Eastborne Ave.,90024.0,5.0,2020,3.0,34,0.088235294117647,2020,DB,90024,,,,3.0,,,,,deduplicated_matched,10403 W. Eastborne Ave.,34.0583623,-118.4251467,"(34.0583623, -118.4251467)",108.0,109.0,Westwood
4327005019,1/22/2020,2020,5,1645 S BEVERLY GLEN BLVD,LOS ANGELES ,90024.0,8.0,,34.0584683,-118.4252487,"(34.0584683, -118.4252487)",POINT (368466.51967495226 3769555.175061049),10403 W. Eastborne Ave.,90024.0,5.0,2020,3.0,34,0.088235294117647,2020,DB,90024,,,,3.0,,,,,deduplicated_matched,10403 W. Eastborne Ave.,34.0583623,-118.4251467,"(34.0583623, -118.4251467)",108.0,109.0,Westwood
4327005019,1/22/2020,2020,5,1645 S BEVERLY GLEN BLVD,LOS ANGELES ,90024.0,8.0,,34.0584683,-118.4252487,"(34.0584683, -118.4252487)",POINT (368466.51967495226 3769555.175061049),1635 S. Beverly Glen Blvd.,90024.0,5.0,2019,1.0,7,0.1428571428571428,2019,Other/Discretionary,90024,2021-09-21 00:00:00,,,,,1.0,,UDU,deduplicated_matched,1635 S. Beverly Glen Blvd.,34.058802,-118.4253042,"(34.058802, -118.4253042)",108.0,109.0,Westwood
4330013002,10/29/2014,2014,5,1360 S ROXBURY DR,Los Angeles ,90035.0,6.0,34.0,34.0545874,-118.4022074,"(34.0545874, -118.4022074)",POINT (370587.2187372624 3769095.4237209875),1350 S Roxbury Dr,90035.0,5.0,2015,3.0,34,0.088235294117647,2015,DB,90035,2018-07-26 00:00:00,,,3.0,,,,,deduplicated_matched,1350 S Roxbury Dr,34.0547442,-118.4024221,"(34.0547442, -118.4024221)",72.0,73.0,Pico-Robertson
4330013003,10/29/2014,2014,5,1350 S ROXBURY DR,Los Angeles ,90035.0,3.0,0.0,34.0547442,-118.4024221,"(34.0547442, -118.4024221)",POINT (370567.6404946534 3769113.083159765),1350 S Roxbury Dr,90035.0,5.0,2015,3.0,34,0.088235294117647,2015,DB,90035,2018-07-26 00:00:00,,,3.0,,,,,deduplicated_matched,1350 S Roxbury Dr,34.0547442,-118.4024221,"(34.0547442, -118.4024221)",72.0,73.0,Pico-Robertson
4330013004,10/29/2014,2014,5,1344 S ROXBURY DR,Los Angeles ,90035.0,4.0,0.0,34.0548585,-118.4024355,"(34.0548585, -118.4024355)",POINT (370566.57745657023 3769125.7750135),1350 S Roxbury Dr,90035.0,5.0,2015,3.0,34,0.088235294117647,2015,DB,90035,2018-07-26 00:00:00,,,3.0,,,,,deduplicated_matched,1350 S Roxbury Dr,34.0547442,-118.4024221,"(34.0547442, -118.4024221)",72.0,73.0,Pico-Robertson
4330013005,10/29/2014,2014,5,1338 S ROXBURY DR,Los Angeles ,90035.0,4.0,0.0,34.0550269,-118.4025192,"(34.0550269, -118.4025192)",POINT (370559.10807642166 3769144.5550572905),1350 S Roxbury Dr,90035.0,5.0,2015,3.0,34,0.088235294117647,2015,DB,90035,2018-07-26 00:00:00,,,3.0,,,,,deduplicated_matched,1350 S Roxbury Dr,34.0547442,-118.4024221,"(34.0547442, -118.4024221)",72.0,73.0,Pico-Robertson
4332002026,6/30/2015,2015,5,1115 S CARDIFF AVE,LOS ANGELES ,90035.0,4.0,,34.056663,-118.3920704,"(34.056663, -118.3920704)",POINT (371525.9862647008 3769312.811104335),1115 S Cardiff Ave,90035.0,5.0,2016,2.0,21,0.0952380952380952,2016,DB,90035,2020-02-24 00:00:00,,,2.0,,,,,deduplicated_matched,1115 S Cardiff Ave,34.056663,-118.3920704,"(34.056663, -118.3920704)",72.0,73.0,Pico-Robertson
4332002044,5/16/2011,2011,5,1112 S GLENVILLE DR,Los Angeles ,90035.0,2.0,24.0,34.0566752,-118.3925653,"(34.0566752, -118.3925653)",POINT (371480.32703984296 3769314.785711189),1115 S Cardiff Ave,90035.0,5.0,2016,2.0,21,0.0952380952380952,2016,DB,90035,2020-02-24 00:00:00,,,2.0,,,,,deduplicated_matched,1115 S Cardiff Ave,34.056663,-118.3920704,"(34.056663, -118.3920704)",72.0,73.0,Pico-Robertson
4332002045,5/16/2011,2011,5,1108 S GLENVILLE DR,Los Angeles ,90035.0,4.0,0.0,34.0551161,-118.3934489,"(34.0551161, -118.3934489)",POINT (371396.4185341517 3769143.00560096),1400 S. Glenville Dr.,90035.0,5.0,2022,8.0,64,0.125,2022,DB,90035,,,,8.0,,,,,deduplicated_matched,1400 S. Glenville Dr.,34.0552275,-118.3930532,"(34.0552275, -118.3930532)",72.0,73.0,Pico-Robertson
4332017013,10/11/2017,2017,5,1025 S SHENANDOAH ST,LOS ANGELES ,90035.0,7.0,,34.0585103,-118.3817565,"(34.0585103, -118.3817565)",POINT (372480.6916732098 3769504.753564397),1021 S. Shenandoah St.,90035.0,5.0,2018,2.0,21,0.0952380952380952,2018,DB,90035,2024-04-29 00:00:00,,,2.0,,,,,deduplicated_matched,1021 S. Shenandoah St.,34.0586639,-118.3816714,"(34.0586639, -118.3816714)",72.0,73.0,Pico-Robertson
4332017014,11/13/2018,2018,5,1021 S SHENANDOAH ST,LOS ANGELES ,90035.0,3.0,,34.0586639,-118.3816714,"(34.0586639, -118.3816714)",POINT (372488.77601740067 3769521.680354005),1021 S. Shenandoah St.,90035.0,5.0,2018,2.0,21,0.0952380952380952,2018,DB,90035,2024-04-29 00:00:00,,,2.0,,,,,deduplicated_matched,1021 S. Shenandoah St.,34.0586639,-118.3816714,"(34.0586639, -118.3816714)",72.0,73.0,Pico-Robertson
4332019006,4/6/2016,2016,5,1128 S SHENANDOAH ST,LOS ANGELES ,90035.0,2.0,,34.056273,-118.381182,"(34.056273, -118.381182)",POINT (372530.36492638086 3769255.9406432365),1140 S SHENANDOAH ST,,,2024,18.0,18,1.0,2024,ED1,,,0.0,,0.0,14.0,4.0,0.0,,ed1,1140 S SHENANDOAH ST,34.0558752,-118.3812506,"(34.0558752, -118.3812506)",72.0,73.0,Pico-Robertson
4332019021,3/22/2017,2017,5,8664 W WHITWORTH DR,LOS ANGELES ,90035.0,7.0,,34.0569916,-118.3807595,"(34.0569916, -118.3807595)",POINT (372570.4360226294 3769335.100571317),1101 S. Bedford St.,90035.0,5.0,2018,1.0,10,0.1,2018,DB,90035,2023-12-29 00:00:00,,,1.0,,,,,deduplicated_matched,1101 S. Bedford St.,34.0571345,-118.3804228,"(34.0571345, -118.3804228)",72.0,73.0,Pico-Robertson
4332019033,10/29/2013,2013,5,1215 S BEDFORD ST,Los Angeles ,90035.0,5.0,21.0,34.0552951,-118.3807867,"(34.0552951, -118.3807867)",POINT (372565.3861644423 3769147.007649736),1215 South Bedford St,91035.0,5.0,2014,2.0,21,0.0952380952380952,2014,DB,91035,2017-08-17 00:00:00,,,2.0,,,,,deduplicated_matched,1215 South Bedford St,34.0552951,-118.3807867,"(34.0552951, -118.3807867)",72.0,73.0,Pico-Robertson
4332019034,10/29/2013,2013,5,1209 S BEDFORD ST,Los Angeles ,90035.0,6.0,0.0,34.0554482,-118.380792,"(34.0554482, -118.380792)",POINT (372565.1261485554 3769163.991683356),1215 South Bedford St,91035.0,5.0,2014,2.0,21,0.0952380952380952,2014,DB,91035,2017-08-17 00:00:00,,,2.0,,,,,deduplicated_matched,1215 South Bedford St,34.0552951,-118.3807867,"(34.0552951, -118.3807867)",72.0,73.0,Pico-Robertson
4332021026,5/7/2015,2015,5,1064 S BEDFORD ST,LOS ANGELES ,90035.0,3.0,,34.0575011,-118.3801548,"(34.0575011, -118.3801548)",POINT (372627.00983994396 3769390.846408153),1101 S. Bedford St.,90035.0,5.0,2018,1.0,10,0.1,2018,DB,90035,2023-12-29 00:00:00,,,1.0,,,,,deduplicated_matched,1101 S. Bedford St.,34.0571345,-118.3804228,"(34.0571345, -118.3804228)",72.0,73.0,Pico-Robertson
4332021026,5/7/2015,2015,5,1064 S BEDFORD ST,LOS ANGELES ,90035.0,3.0,,34.0575011,-118.3801548,"(34.0575011, -118.3801548)",POINT (372627.00983994396 3769390.846408153),1070 S Bedford St,90035.0,5.0,2015,2.0,19,0.1052631578947368,2015,DB,90035,2020-08-12 00:00:00,,,2.0,,,,,deduplicated_matched,1070 S Bedford St,34.0572997,-118.3802306,"(34.0572997, -118.3802306)",72.0,73.0,Pico-Robertson
4332021027,5/7/2015,2015,5,1068 S BEDFORD ST,LOS ANGELES ,90035.0,2.0,19.0,34.057297,-118.3801564,"(34.057297, -118.3801564)",POINT (372626.5567899338 3769368.215518071),1101 S. Bedford St.,90035.0,5.0,2018,1.0,10,0.1,2018,DB,90035,2023-12-29 00:00:00,,,1.0,,,,,deduplicated_matched,1101 S. Bedford St.,34.0571345,-118.3804228,"(34.0571345, -118.3804228)",72.0,73.0,Pico-Robertson
4332021027,5/7/2015,2015,5,1068 S BEDFORD ST,LOS ANGELES ,90035.0,2.0,19.0,34.057297,-118.3801564,"(34.057297, -118.3801564)",POINT (372626.5567899338 3769368.215518071),1070 S Bedford St,90035.0,5.0,2015,2.0,19,0.1052631578947368,2015,DB,90035,2020-08-12 00:00:00,,,2.0,,,,,deduplicated_matched,1070 S Bedford St,34.0572997,-118.3802306,"(34.0572997, -118.3802306)",72.0,73.0,Pico-Robertson
4332022040,2/10/2016,2016,5,1220 S BEDFORD ST,LOS ANGELES ,90035.0,2.0,,34.0550535,-118.3803501,"(34.0550535, -118.3803501)",POINT (372605.321966505 3769119.672508136),1226 S. Bedford St.,90035.0,5.0,2017,2.0,20,0.1,2017,DB,90035,,,,2.0,,,,,deduplicated_matched,1226 S. Bedford St.,34.0549859,-118.3802063,"(34.0549859, -118.3802063)",72.0,73.0,Pico-Robertson
4332022040,2/10/2016,2016,5,1220 S BEDFORD ST,LOS ANGELES ,90035.0,2.0,,34.0550535,-118.3803501,"(34.0550535, -118.3803501)",POINT (372605.321966505 3769119.672508136),1215 South Bedford St,91035.0,5.0,2014,2.0,21,0.0952380952380952,2014,DB,91035,2017-08-17 00:00:00,,,2.0,,,,,deduplicated_matched,1215 South Bedford St,34.0552951,-118.3807867,"(34.0552951, -118.3807867)",72.0,73.0,Pico-Robertson
4332022041,2/10/2016,2016,5,1226 S BEDFORD ST,LOS ANGELES ,90035.0,6.0,,34.0549859,-118.3802063,"(34.0549859, -118.3802063)",POINT (372618.493317927 3769111.9971837103),1226 S. Bedford St.,90035.0,5.0,2017,2.0,20,0.1,2017,DB,90035,,,,2.0,,,,,deduplicated_matched,1226 S. Bedford St.,34.0549859,-118.3802063,"(34.0549859, -118.3802063)",72.0,73.0,Pico-Robertson
4332023025,3/22/2016,2016,5,1249 S HOLT AVE,LOS ANGELES ,90035.0,2.0,0.0,34.054344,-118.378767,"(34.054344, -118.378767)",POINT (372750.37893935764 3769039.0247574667),1237 S Holt Ave,90035.0,5.0,2016,3.0,34,0.088235294117647,2016,DB,90035,2019-09-23 00:00:00,,,3.0,,,,,deduplicated_matched,1237 S Holt Ave,34.05462980000001,-118.3787748,"(34.05462980000001, -118.3787748)",72.0,73.0,Pico-Robertson
4332023026,3/22/2016,2016,5,1241 S HOLT AVE,LOS ANGELES ,90035.0,7.0,0.0,34.0544924,-118.3787851,"(34.0544924, -118.3787851)",POINT (372748.930126981 3769055.5035088253),1237 S Holt Ave,90035.0,5.0,2016,3.0,34,0.088235294117647,2016,DB,90035,2019-09-23 00:00:00,,,3.0,,,,,deduplicated_matched,1237 S Holt Ave,34.05462980000001,-118.3787748,"(34.05462980000001, -118.3787748)",72.0,73.0,Pico-Robertson
4332023027,3/22/2016,2016,5,1237 S HOLT AVE,LOS ANGELES ,90035.0,7.0,34.0,34.05462980000001,-118.3787748,"(34.05462980000001, -118.3787748)",POINT (372750.0861638828 3769070.727128722),1237 S Holt Ave,90035.0,5.0,2016,3.0,34,0.088235294117647,2016,DB,90035,2019-09-23 00:00:00,,,3.0,,,,,deduplicated_matched,1237 S Holt Ave,34.05462980000001,-118.3787748,"(34.05462980000001, -118.3787748)",72.0,73.0,Pico-Robertson
4332025021,8/13/2015,2015,5,1064 S HOLT AVE,LOS ANGELES ,90035.0,4.0,0.0,34.0574631,-118.3781526,"(34.0574631, -118.3781526)",POINT (372811.74733600835 3769384.140991654),1059 S. Holt Ave.,90035.0,5.0,2021,2.0,15,0.1333333333333333,2021,TOC,90035,,2.0,,,,,,TOC Tier 3,deduplicated_matched,1059 S. Holt Ave.,34.057584,-118.3786068,"(34.057584, -118.3786068)",72.0,73.0,Pico-Robertson
4332025021,8/13/2015,2015,5,1064 S HOLT AVE,LOS ANGELES ,90035.0,4.0,0.0,34.0574631,-118.3781526,"(34.0574631, -118.3781526)",POINT (372811.74733600835 3769384.140991654),1070 S Holt Ave,90035.0,5.0,2016,3.0,29,0.1034482758620689,2016,DB,90035,,,,3.0,,,,,deduplicated_matched,1070 S Holt Ave,34.0574186,-118.3781103,"(34.0574186, -118.3781103)",72.0,73.0,Pico-Robertson
4332025022,8/13/2015,2015,5,1068 S HOLT AVE,LOS ANGELES ,90035.0,3.0,29.0,34.0573369,-118.3781531,"(34.0573369, -118.3781531)",POINT (372811.51264038496 3769370.1471554027),1070 S Holt Ave,90035.0,5.0,2016,3.0,29,0.1034482758620689,2016,DB,90035,,,,3.0,,,,,deduplicated_matched,1070 S Holt Ave,34.0574186,-118.3781103,"(34.0574186, -118.3781103)",72.0,73.0,Pico-Robertson
4332025026,2/10/2016,2016,5,1055 S CORNING RD,LOS ANGELES ,90035.0,3.0,,34.0577019,-118.3776095,"(34.0577019, -118.3776095)",POINT (372862.2297314831 3769409.9465732896),1051 S. Corning St.,90035.0,5.0,2017,2.0,19,0.1052631578947368,2017,DB,90035,2019-08-18 00:00:00,,,2.0,,,,,deduplicated_matched,1051 S. Corning St.,34.0578388,-118.3776081,"(34.0578388, -118.3776081)",72.0,73.0,Pico-Robertson
4332025027,2/10/2016,2016,5,1051 S CORNING ST,LOS ANGELES ,90035.0,2.0,,34.0578388,-118.3776081,"(34.0578388, -118.3776081)",POINT (372862.5634000636 3769425.1258255),1051 S. Corning St.,90035.0,5.0,2017,2.0,19,0.1052631578947368,2017,DB,90035,2019-08-18 00:00:00,,,2.0,,,,,deduplicated_matched,1051 S. Corning St.,34.0578388,-118.3776081,"(34.0578388, -118.3776081)",72.0,73.0,Pico-Robertson
4332025028,11/13/2018,2018,5,1047 S CORNING ST,LOS ANGELES ,90035.0,2.0,,34.057958,-118.377541,"(34.057958, -118.377541)",POINT (372868.9344220349 3769438.260640947),1051 S. Corning St.,90035.0,5.0,2017,2.0,19,0.1052631578947368,2017,DB,90035,2019-08-18 00:00:00,,,2.0,,,,,deduplicated_matched,1051 S. Corning St.,34.0578388,-118.3776081,"(34.0578388, -118.3776081)",72.0,73.0,Pico-Robertson
4333012024,5/22/2013,2013,5,907 S SHENANDOAH ST,Los Angeles ,90035.0,2.0,6.0,34.060646,-118.3816819,"(34.060646, -118.3816819)",POINT (372490.7760234354 3769741.49091093),913 S. Shenandoah St.,90035.0,5.0,2022,2.0,14,0.1428571428571428,2022,TOC,90035,,1.0,,1.0,,,,TOC Tier 3,deduplicated_matched,913 S. Shenandoah St.,34.06045,-118.3815,"(34.06045, -118.3815)",72.0,73.0,Pico-Robertson
4333012025,7/12/2017,2017,5,8700 W CHALMERS DR,LOS ANGELES ,90035.0,4.0,,34.060791,-118.3816771,"(34.060791, -118.3816771)",POINT (372491.43623491685 3769757.5641545625),913 S. Shenandoah St.,90035.0,5.0,2022,2.0,14,0.1428571428571428,2022,TOC,90035,,1.0,,1.0,,,,TOC Tier 3,deduplicated_matched,913 S. Shenandoah St.,34.06045,-118.3815,"(34.06045, -118.3815)",72.0,73.0,Pico-Robertson
4333022012,3/3/2015,2015,5,909 S LE DOUX ROAD,LOS ANGELES ,90035.0,5.0,0.0,33.9841797,-118.3717617,"(33.9841797, -118.3717617)",POINT (373292.72255808336 3761249.788624009),909 S Le Doux Rd,90035.0,5.0,2016,2.0,21,0.0952380952380952,2016,DB,90035,2020-12-16 00:00:00,,,2.0,,,,,deduplicated_matched,909 S Le Doux Rd,33.9841797,-118.3717617,"(33.9841797, -118.3717617)",,,
4333022012,3/3/2015,2015,5,909 S LE DOUX ROAD,LOS ANGELES ,90035.0,5.0,0.0,33.9841797,-118.3717617,"(33.9841797, -118.3717617)",POINT (373292.72255808336 3761249.788624009),415 S Le Doux Rd,90048.0,5.0,2016,2.0,19,0.1052631578947368,2016,DB,90048,2019-12-05 00:00:00,,,2.0,,,,,deduplicated_matched,415 S Le Doux Rd,33.9841797,-118.3717617,"(33.9841797, -118.3717617)",,,
4333022013,3/3/2015,2015,5,905 S LE DOUX ROAD,LOS ANGELES ,90035.0,4.0,21.0,33.9841797,-118.3717617,"(33.9841797, -118.3717617)",POINT (373292.72255808336 3761249.788624009),909 S Le Doux Rd,90035.0,5.0,2016,2.0,21,0.0952380952380952,2016,DB,90035,2020-12-16 00:00:00,,,2.0,,,,,deduplicated_matched,909 S Le Doux Rd,33.9841797,-118.3717617,"(33.9841797, -118.3717617)",,,
4333022013,3/3/2015,2015,5,905 S LE DOUX ROAD,LOS ANGELES ,90035.0,4.0,21.0,33.9841797,-118.3717617,"(33.9841797, -118.3717617)",POINT (373292.72255808336 3761249.788624009),415 S Le Doux Rd,90048.0,5.0,2016,2.0,19,0.1052631578947368,2016,DB,90048,2019-12-05 00:00:00,,,2.0,,,,,deduplicated_matched,415 S Le Doux Rd,33.9841797,-118.3717617,"(33.9841797, -118.3717617)",,,
4333023012,3/25/2022,2022,5,845 S LE DOUX RD,LOS ANGELES ,90035.0,2.0,,33.9841797,-118.3717617,"(33.9841797, -118.3717617)",POINT (373292.72255808336 3761249.788624009),909 S Le Doux Rd,90035.0,5.0,2016,2.0,21,0.0952380952380952,2016,DB,90035,2020-12-16 00:00:00,,,2.0,,,,,deduplicated_matched,909 S Le Doux Rd,33.9841797,-118.3717617,"(33.9841797, -118.3717617)",,,
4333023012,3/25/2022,2022,5,845 S LE DOUX RD,LOS ANGELES ,90035.0,2.0,,33.9841797,-118.3717617,"(33.9841797, -118.3717617)",POINT (373292.72255808336 3761249.788624009),415 S Le Doux Rd,90048.0,5.0,2016,2.0,19,0.1052631578947368,2016,DB,90048,2019-12-05 00:00:00,,,2.0,,,,,deduplicated_matched,415 S Le Doux Rd,33.9841797,-118.3717617,"(33.9841797, -118.3717617)",,,
4334016030,5/23/2016,2016,5,8555 W COLGATE AVE,LOS ANGELES ,90048.0,8.0,,34.0709958,-118.378169,"(34.0709958, -118.378169)",POINT (372830.45589761063 3770884.8190788575),8555 W. Colgate Ave.,90048.0,5.0,2017,1.0,10,0.1,2017,DB,90048,2021-06-17 00:00:00,,,1.0,,,,,deduplicated_matched,8555 W. Colgate Ave.,34.0709958,-118.378169,"(34.0709958, -118.378169)",7.0,8.0,Beverly Grove
4334016038,9/17/2015,2015,5,415 S LE DOUX RD,LOS ANGELES ,90048.0,14.0,19.0,33.9841797,-118.3717617,"(33.9841797, -118.3717617)",POINT (373292.72255808336 3761249.788624009),909 S Le Doux Rd,90035.0,5.0,2016,2.0,21,0.0952380952380952,2016,DB,90035,2020-12-16 00:00:00,,,2.0,,,,,deduplicated_matched,909 S Le Doux Rd,33.9841797,-118.3717617,"(33.9841797, -118.3717617)",,,
4334016038,9/17/2015,2015,5,415 S LE DOUX RD,LOS ANGELES ,90048.0,14.0,19.0,33.9841797,-118.3717617,"(33.9841797, -118.3717617)",POINT (373292.72255808336 3761249.788624009),415 S Le Doux Rd,90048.0,5.0,2016,2.0,19,0.1052631578947368,2016,DB,90048,2019-12-05 00:00:00,,,2.0,,,,,deduplicated_matched,415 S Le Doux Rd,33.9841797,-118.3717617,"(33.9841797, -118.3717617)",,,
4335001018,3/19/2013,2013,5,115 N CLARK DR,Los Angeles ,90048.0,4.0,0.0,34.075709,-118.385131,"(34.075709, -118.385131)",POINT (372195.07585552696 3771416.153819937),121 North Clark Drive,90048.0,5.0,2013,1.0,19,0.0526315789473684,2013,DB,90048,2015-08-26 00:00:00,,,1.0,,,,0.23,deduplicated_matched,121 North Clark Drive,34.0758641,-118.3851395,"(34.0758641, -118.3851395)",7.0,8.0,Beverly Grove
4335001019,5/4/2012,2012,5,119 N CLARK DR,Los Angeles ,90048.0,4.0,19.0,34.075846,-118.385131,"(34.075846, -118.385131)",POINT (372195.2816741356 3771431.345961537),121 North Clark Drive,90048.0,5.0,2013,1.0,19,0.0526315789473684,2013,DB,90048,2015-08-26 00:00:00,,,1.0,,,,0.23,deduplicated_matched,121 North Clark Drive,34.0758641,-118.3851395,"(34.0758641, -118.3851395)",7.0,8.0,Beverly Grove
4335008011,12/18/2018,2018,5,9033 W 3RD ST,LOS ANGELES ,90048.0,8.0,,34.0737765,-118.3894352,"(34.0737765, -118.3894352)",POINT (371794.9894212598 3771207.2449502368),143 S. Wetherly Dr.,90048.0,5.0,2019,4.0,40,0.1,2019,DB,90048,2024-08-26 00:00:00,,,4.0,,,,,deduplicated_matched,143 S. Wetherly Dr.,34.0740538,-118.3890512,"(34.0740538, -118.3890512)",7.0,8.0,Beverly Grove
4335008015,6/12/2018,2018,5,143 S WETHERLY DR,LOS ANGELES ,90048.0,2.0,,34.0740538,-118.3890512,"(34.0740538, -118.3890512)",POINT (371830.841965547 3771237.5137249646),143 S. Wetherly Dr.,90048.0,5.0,2019,4.0,40,0.1,2019,DB,90048,2024-08-26 00:00:00,,,4.0,,,,,deduplicated_matched,143 S. Wetherly Dr.,34.0740538,-118.3890512,"(34.0740538, -118.3890512)",7.0,8.0,Beverly Grove
4363007020,9/21/2016,2016,5,705 S GAYLEY AVE,LOS ANGELES ,90024.0,11.0,12.0,34.0653924,-118.4482734,"(34.0653924, -118.4482734)",POINT (366352.3182269265 3770352.855540323),705 S Gayley Ave,90024.0,5.0,2016,2.0,12,0.1666666666666666,2016,DB,90024,2019-12-19 00:00:00,,,2.0,,,,,deduplicated_matched,705 S Gayley Ave,34.0653924,-118.4482734,"(34.0653924, -118.4482734)",108.0,109.0,Westwood
4363014009,5/22/2017,2017,5,662 S KELTON AVE,LOS ANGELES ,90024.0,3.0,12.0,34.0650383,-118.4525205,"(34.0650383, -118.4525205)",POINT (365959.8036646147 3770319.147415815),662 S. Kelton Ave.,90024.0,5.0,2017,1.0,12,0.0833333333333333,2017,DB,90024,2020-10-23 00:00:00,,,1.0,,,,,deduplicated_matched,662 S. Kelton Ave.,34.0650383,-118.4525205,"(34.0650383, -118.4525205)",108.0,109.0,Westwood
4363014009,5/22/2017,2017,5,662 S KELTON AVE,LOS ANGELES ,90024.0,3.0,12.0,34.0650383,-118.4525205,"(34.0650383, -118.4525205)",POINT (365959.8036646147 3770319.147415815),670 South Kelton Avenue,90024.0,5.0,2014,4.0,48,0.0833333333333333,2014,DB,90024,2018-07-06 00:00:00,,,4.0,,,,,deduplicated_matched,670 South Kelton Avenue,34.0646048,-118.4524579,"(34.0646048, -118.4524579)",108.0,109.0,Westwood
4363014010,1/30/2014,2014,5,670 S KELTON AVE,Los Angeles ,90024.0,28.0,48.0,34.0646048,-118.4524579,"(34.0646048, -118.4524579)",POINT (365964.8981861175 3770270.9934332166),662 S. Kelton Ave.,90024.0,5.0,2017,1.0,12,0.0833333333333333,2017,DB,90024,2020-10-23 00:00:00,,,1.0,,,,,deduplicated_matched,662 S. Kelton Ave.,34.0650383,-118.4525205,"(34.0650383, -118.4525205)",108.0,109.0,Westwood
4363014010,1/30/2014,2014,5,670 S KELTON AVE,Los Angeles ,90024.0,28.0,48.0,34.0646048,-118.4524579,"(34.0646048, -118.4524579)",POINT (365964.8981861175 3770270.9934332166),670 South Kelton Avenue,90024.0,5.0,2014,4.0,48,0.0833333333333333,2014,DB,90024,2018-07-06 00:00:00,,,4.0,,,,,deduplicated_matched,670 South Kelton Avenue,34.0646048,-118.4524579,"(34.0646048, -118.4524579)",108.0,109.0,Westwood
4368015003,9/12/2018,2018,5,862 N MORAGA DR,LOS ANGELES ,90049.0,5.0,14.0,34.0792121,-118.4680048,"(34.0792121, -118.4680048)",POINT (364553.34494164615 3771911.327264458),862 N. Moraga Dr.,90049.0,5.0,2018,1.0,13,0.0769230769230769,2018,DB,90049,2022-10-24 00:00:00,,,1.0,,,,,deduplicated_matched,862 N. Moraga Dr.,34.0792121,-118.4680048,"(34.0792121, -118.4680048)",5.0,6.0,Bel-Air
4401024026,9/11/2019,2019,11,11620 W CHENAULT ST,LOS ANGELES ,90049.0,3.0,22.0,34.0574742,-118.465621,"(34.0574742, -118.465621)",POINT (364738.75646922644 3769497.5930309044),11620 W. Chenault St.,90049.0,11.0,2018,3.0,22,0.1363636363636363,2018,DB,90049,,,,3.0,,,,,deduplicated_matched,11620 W. Chenault St.,34.0574742,-118.465621,"(34.0574742, -118.465621)",10.0,11.0,Brentwood
5001026041,3/30/2022,2022,9,5310 S HOOVER ST,LOS ANGELES ,90037.0,3.0,,33.9937699,-118.2866885,"(33.9937699, -118.2866885)",POINT (381164.6572926915 3762211.3049911004),5318 S. Hoover St.,90037.0,9.0,2022,56.0,57,0.9824561403508772,2022,TOC,90037,,6.0,,,50.0,,,TOC Tier 2,deduplicated_matched,5318 S. Hoover St.,33.99363,-118.28694,"(33.99363, -118.28694)",100.0,101.0,Vermont Square
5013015014,7/6/2022,2022,8,4605 S CRENSHAW BLVD,LOS ANGELES ,90043.0,3.0,,34.0019466,-118.3313465,"(34.0019466, -118.3313465)",POINT (377051.6628177968 3763170.7110792375),4611 S. Crenshaw Blvd.,90043.0,8.0,2022,22.0,195,0.1128205128205128,2022,TOC,90043,,22.0,,,,,,TOC Tier 4,deduplicated_matched,4611 S. Crenshaw Blvd.,34.0017974,-118.3313021,"(34.0017974, -118.3313021)",50.0,51.0,Hyde Park
5013015030,7/6/2022,2022,8,4611 S CRENSHAW BLVD,LOS ANGELES ,90043.0,1.0,,34.0017974,-118.3313021,"(34.0017974, -118.3313021)",POINT (377055.5483683051 3763154.1130948067),4611 S. Crenshaw Blvd.,90043.0,8.0,2022,22.0,195,0.1128205128205128,2022,TOC,90043,,22.0,,,,,,TOC Tier 4,deduplicated_matched,4611 S. Crenshaw Blvd.,34.0017974,-118.3313021,"(34.0017974, -118.3313021)",50.0,51.0,Hyde Park
5016016004,7/5/2023,2023,8,4719 S WESTERN AVE,LOS ANGELES ,90062.0,4.0,,34.000411,-118.309284,"(34.000411, -118.309284)",POINT (379087.06833793374 3762974.1677661724),4719 S. Western Ave.,90062.0,8.0,2022,21.0,21,1.0,2022,TOC,90062,,1.0,,1.0,19.0,,,TOC Tier 4,deduplicated_matched,4719 S. Western Ave.,34.000411,-118.309284,"(34.000411, -118.309284)",100.0,101.0,Vermont Square
5019006016,12/17/2021,2021,9,836 W 42ND PL,LOS ANGELES ,90037.0,2.0,,34.0063047,-118.2885031,"(34.0063047, -118.2885031)",POINT (381014.5371755798 3763603.377735691),836 W. 42nd Pl.,90037.0,9.0,2022,5.0,31,0.1612903225806451,2022,TOC,90037,,1.0,,4.0,,,,TOC Tier 3,deduplicated_matched,836 W. 42nd Pl.,34.0063047,-118.2885031,"(34.0063047, -118.2885031)",100.0,101.0,Vermont Square
5019006018,12/17/2021,2021,9,842 W 42ND PL,LOS ANGELES ,90037.0,2.0,,34.0060275,-118.2887503,"(34.0060275, -118.2887503)",POINT (380991.32154743455 3763572.9265905092),836 W. 42nd Pl.,90037.0,9.0,2022,5.0,31,0.1612903225806451,2022,TOC,90037,,1.0,,4.0,,,,TOC Tier 3,deduplicated_matched,836 W. 42nd Pl.,34.0063047,-118.2885031,"(34.0063047, -118.2885031)",100.0,101.0,Vermont Square
5021004004,6/3/2019,2019,8,4015 S DALTON AVE,LOS ANGELES ,90062.0,2.0,,34.0183922,-118.3039992,"(34.0183922, -118.3039992)",POINT (379600.5403686705 3764961.8600332653),4056 S. Dalton Ave.,90062.0,8.0,2018,1.0,4,0.25,2018,Other/Discretionary,90062,,,,,1.0,,,UDU,deduplicated_matched,4056 S. Dalton Ave.,34.0183922,-118.3039992,"(34.0183922, -118.3039992)",31.0,32.0,Exposition Park
5021009014,1/22/2020,2020,8,4238 S WESTERN AVE,LOS ANGELES ,90062.0,2.0,,34.0062346,-118.3086144,"(34.0062346, -118.3086144)",POINT (379157.16006019927 3763619.150753876),4238 S. Western Ave.,90062.0,8.0,2021,14.0,68,0.2058823529411764,2021,TOC,90062,,7.0,,,7.0,,,TOC Tier 3,deduplicated_matched,4238 S. Western Ave.,34.0062346,-118.3086144,"(34.0062346, -118.3086144)",100.0,101.0,Vermont Square
5021028002,10/22/2021,2021,8,4209 S WESTERN AVE,LOS ANGELES ,90062.0,1.0,,34.0069695,-118.3092353,"(34.0069695, -118.3092353)",POINT (379100.8614879909 3763701.37588331),4209 S. Western Ave.,90062.0,8.0,2020,24.0,25,0.96,2020,TOC,90062,,3.0,,,21.0,,,TOC Tier 4,deduplicated_matched,4209 S. Western Ave.,34.0069695,-118.3092353,"(34.0069695, -118.3092353)",100.0,101.0,Vermont Square
5032015003,9/11/2019,2019,10,4101 S SOMERSET DR,LOS ANGELES ,90008.0,4.0,,34.011587,-118.341572,"(34.011587, -118.341572)",POINT (376121.2867464515 3764252.052198945),4101 S. Somerset Dr.,90008.0,10.0,2021,4.0,36,0.1111111111111111,2021,TOC,90008,,4.0,,,,,,TOC Tier 3,deduplicated_matched,4101 S. Somerset Dr.,34.011587,-118.341572,"(34.011587, -118.341572)",4.0,5.0,Baldwin Hills/Crenshaw
5037007001,3/8/2017,2017,8,1244 W 39TH ST,LOS ANGELES ,90037.0,4.0,13.0,34.0151259,-118.2988295,"(34.0151259, -118.2988295)",POINT (380073.3003864177 3764593.596033456),1244 W. 39th St.,90037.0,8.0,2017,4.0,13,0.3076923076923077,2017,DB,90037,2022-03-09 00:00:00,,,2.0,2.0,,,,deduplicated_matched,1244 W. 39th St.,34.0151259,-118.2988295,"(34.0151259, -118.2988295)",31.0,32.0,Exposition Park
5037007013,10/16/2019,2019,8,3910 S NORMANDIE AVE,LOS ANGELES ,90037.0,3.0,,34.0149477,-118.3000086,"(34.0149477, -118.3000086)",POINT (379964.17094269383 3764575.2171831746),3910 S. Normandie Ave.,90037.0,8.0,2020,3.0,9,0.3333333333333333,2020,TOC,90037,,1.0,,1.0,1.0,,,TOC Tier 1,deduplicated_matched,3910 S. Normandie Ave.,34.0149477,-118.3000086,"(34.0149477, -118.3000086)",31.0,32.0,Exposition Park
5037007013,10/16/2019,2019,8,3910 S NORMANDIE AVE,LOS ANGELES ,90037.0,3.0,,34.0149477,-118.3000086,"(34.0149477, -118.3000086)",POINT (379964.17094269383 3764575.2171831746),3901 S NORMANDIE AVE,,,2024,83.0,84,0.988095238095238,2024,ED1,,,0.0,,0.0,66.0,17.0,0.0,,ed1,3901 S NORMANDIE AVE,34.015298,-118.3003385,"(34.015298, -118.3003385)",31.0,32.0,Exposition Park
5037007021,12/11/2018,2018,8,1253 W 39TH PL,LOS ANGELES ,90037.0,3.0,0.0,34.0143927,-118.2991438,"(34.0143927, -118.2991438)",POINT (380043.24634467147 3764512.660342287),1249 W. 39th Pl.,90037.0,8.0,2019,5.0,42,0.119047619047619,2019,TOC,90037,2021-08-05 00:00:00,5.0,,,,,,TOC Tier 3,deduplicated_matched,1249 W. 39th Pl.,34.0143691,-118.2989989,"(34.0143691, -118.2989989)",31.0,32.0,Exposition Park
5037007022,12/11/2018,2018,8,1249 W 39TH PL,LOS ANGELES ,90037.0,2.0,42.0,34.0143691,-118.2989989,"(34.0143691, -118.2989989)",POINT (380056.593389714 3764509.8736257004),1249 W. 39th Pl.,90037.0,8.0,2019,5.0,42,0.119047619047619,2019,TOC,90037,2021-08-05 00:00:00,5.0,,,,,,TOC Tier 3,deduplicated_matched,1249 W. 39th Pl.,34.0143691,-118.2989989,"(34.0143691, -118.2989989)",31.0,32.0,Exposition Park
5037020012,3/7/2024,2024,8,1082 W 39TH ST,LOS ANGELES ,90037.0,6.0,,34.0153544,-118.2939299,"(34.0153544, -118.2939299)",POINT (380526.05145608145 3764613.206618624),1078 W 39TH ST,,,2024,119.0,120,0.9916666666666668,2024,ED1,,,0.0,,11.0,97.0,11.0,0.0,,ed1,1078 W 39TH ST,34.0153345,-118.293749,"(34.0153345, -118.293749)",31.0,32.0,Exposition Park
5037031014,7/31/2018,2018,9,3816 S FIGUEROA ST,LOS ANGELES ,90037.0,4.0,,34.0151892,-118.2823645,"(34.0151892, -118.2823645)",POINT (381593.77127596806 3764581.453912997),3800 S. Figueroa St.,90037.0,9.0,2020,12.0,79,0.1518987341772152,2020,DB,90037,2023-03-22 00:00:00,,,8.0,,,4.0,,deduplicated_matched,3800 S. Figueroa St.,34.0155353,-118.2824367,"(34.0155353, -118.2824367)",31.0,32.0,Exposition Park
5040003014,9/21/2021,2021,8,1436 W JEFFERSON BLVD,LOS ANGELES ,90007.0,5.0,,34.0253468,-118.2986071,"(34.0253468, -118.2986071)",POINT (380108.2115432916 3765726.7222006596),1436 W JEFFERSON BLVD,,,2024,122.0,123,0.991869918699187,2024,ED1,,,0.0,,3.0,95.0,24.0,0.0,,ed1,1436 W JEFFERSON BLVD,34.0253468,-118.2986071,"(34.0253468, -118.2986071)",31.0,32.0,Exposition Park
5040003014,5/15/2023,2023,8,1436 W JEFFERSON BLVD,LOS ANGELES ,90007.0,5.0,,34.0253468,-118.2986071,"(34.0253468, -118.2986071)",POINT (380108.2115432916 3765726.7222006596),1436 W JEFFERSON BLVD,,,2024,122.0,123,0.991869918699187,2024,ED1,,,0.0,,3.0,95.0,24.0,0.0,,ed1,1436 W JEFFERSON BLVD,34.0253468,-118.2986071,"(34.0253468, -118.2986071)",31.0,32.0,Exposition Park
5040009026,6/23/2020,2020,8,1351 W 37TH ST,LOS ANGELES ,90007.0,2.0,3.0,34.0211769,-118.2990468,"(34.0211769, -118.2990468)",POINT (380061.7473487299 3765264.840454378),1371 W. 37th St.,90007.0,8.0,2018,1.0,3,0.3333333333333333,2018,Other/Discretionary,90007,2019-09-26 00:00:00,,,,1.0,,,UDU,deduplicated_matched,1371 W. 37th St.,34.0211409,-118.2995808,"(34.0211409, -118.2995808)",31.0,32.0,Exposition Park
5040015004,9/14/2016,2016,8,1284 W 37TH ST,LOS ANGELES ,90007.0,7.0,,34.0207191,-118.2970383,"(34.0207191, -118.2970383)",POINT (380246.5567892338 3765211.724307502),1298 W. 37th St.,90007.0,8.0,2020,1.0,7,0.1428571428571428,2020,TOC,90007,,,,1.0,,,,TOC Tier 3,deduplicated_matched,1298 W. 37th St.,34.0206905,-118.2975217,"(34.0206905, -118.2975217)",31.0,32.0,Exposition Park
5040018015,12/17/2021,2021,8,1219 W 36TH ST,LOS ANGELES ,90007.0,4.0,,34.0232783,-118.2951224,"(34.0232783, -118.2951224)",POINT (380427.04985118355 3765493.27236516),3582 S. Budlong Ave.,90007.0,8.0,2020,1.0,5,0.2,2020,UDU,90007,,,,,1.0,,,UDU,deduplicated_matched,3582 S. Budlong Ave.,34.0231871,-118.2956468,"(34.0231871, -118.2956468)",31.0,32.0,Exposition Park
5040019004,4/14/2020,2020,8,1326 W JEFFERSON BLVD,LOS ANGELES ,90007.0,2.0,,34.025359,-118.2954375,"(34.025359, -118.2954375)",POINT (380400.87564222177 3765724.3674719194),1320 W. Jefferson Blvd.,90007.0,8.0,2020,13.0,129,0.1007751937984496,2020,TOC,90007,2024-12-06 00:00:00,13.0,,,,,,TOC Tier 3,deduplicated_matched,1320 W. Jefferson Blvd.,34.0253219,-118.2952099,"(34.0253219, -118.2952099)",31.0,32.0,Exposition Park
5040019005,4/14/2020,2020,8,1318 W JEFFERSON BLVD,LOS ANGELES ,90007.0,9.0,,34.02531,-118.2951318,"(34.02531, -118.2951318)",POINT (380429.0319628288 3765718.576796294),1320 W. Jefferson Blvd.,90007.0,8.0,2020,13.0,129,0.1007751937984496,2020,TOC,90007,2024-12-06 00:00:00,13.0,,,,,,TOC Tier 3,deduplicated_matched,1320 W. Jefferson Blvd.,34.0253219,-118.2952099,"(34.0253219, -118.2952099)",31.0,32.0,Exposition Park
5040019007,4/14/2020,2020,8,3409 S WALTON AVE,LOS ANGELES ,90007.0,2.0,,34.0251956,-118.2949912,"(34.0251956, -118.2949912)",POINT (380441.85300101864 3765705.726862635),1320 W. Jefferson Blvd.,90007.0,8.0,2020,13.0,129,0.1007751937984496,2020,TOC,90007,2024-12-06 00:00:00,13.0,,,,,,TOC Tier 3,deduplicated_matched,1320 W. Jefferson Blvd.,34.0253219,-118.2952099,"(34.0253219, -118.2952099)",31.0,32.0,Exposition Park
5040019007,4/14/2020,2020,8,3409 S WALTON AVE,LOS ANGELES ,90007.0,2.0,,34.0251956,-118.2949912,"(34.0251956, -118.2949912)",POINT (380441.85300101864 3765705.726862635),3423 1/2 S. Walton Ave.,90007.0,8.0,2018,1.0,4,0.25,2018,Other/Discretionary,90007,2019-08-26 00:00:00,,,,1.0,,,UDU,deduplicated_matched,3423/2 S. Walton Ave.,34.0248348,-118.2951417,"(34.0248348, -118.2951417)",31.0,32.0,Exposition Park
5040032002,8/11/2017,2017,8,1180 W 37TH PL,LOS ANGELES ,90007.0,3.0,,34.0198141,-118.2940995,"(34.0198141, -118.2940995)",POINT (380516.6404735018 3765107.9361954643),1164 W. 37th Pl.,90007.0,8.0,2020,1.0,6,0.1666666666666666,2020,TOC,90007,2021-12-17 00:00:00,1.0,,,,,,TOC Tier 4,deduplicated_matched,1164 W. 37th Pl.,34.0197115,-118.293715,"(34.0197115, -118.293715)",31.0,32.0,Exposition Park
5046007017,11/13/2023,2023,10,3442 S HILLCREST DR,LOS ANGELES ,90016.0,3.0,,34.023362,-118.3429169,"(34.023362, -118.3429169)",POINT (376014.2166329773 3765559.4075546307),3442 S HILLCREST DR,,,2024,47.0,48,0.9791666666666666,2024,ED1,,,0.0,,2.0,38.0,7.0,0.0,,ed1,3442 S HILLCREST DR,34.023362,-118.3429037,"(34.023362, -118.3429037)",4.0,5.0,Baldwin Hills/Crenshaw
5046014005,5/26/2021,2021,10,3533 S CHESAPEAKE AVE,LOS ANGELES ,90016.0,3.0,,34.022764,-118.345443,"(34.022764, -118.345443)",POINT (375780.10502260196 3765496.1576240235),3533 S. Chesapeake Ave.,90016.0,10.0,2021,6.0,28,0.2142857142857142,2021,TOC,90016,2024-10-04 00:00:00,3.0,,1.0,2.0,,,TOC Tier 3,deduplicated_matched,3533 S. Chesapeake Ave.,34.022764,-118.345443,"(34.022764, -118.345443)",4.0,5.0,Baldwin Hills/Crenshaw
5046014005,5/26/2021,2021,10,3533 S CHESAPEAKE AVE,LOS ANGELES ,90016.0,3.0,,34.022764,-118.345443,"(34.022764, -118.345443)",POINT (375780.10502260196 3765496.1576240235),3546 S CHESAPEAKE AVE,,,2024,53.0,54,0.9814814814814816,2024,ED1,,,1.0,,0.0,41.0,11.0,0.0,,ed1,3546 S CHESAPEAKE AVE,34.0225703,-118.3449561,"(34.0225703, -118.3449561)",4.0,5.0,Baldwin Hills/Crenshaw
5046014006,5/26/2021,2021,10,3539 S CHESAPEAKE AVE,LOS ANGELES ,90016.0,3.0,,34.022591,-118.345443,"(34.022591, -118.345443)",POINT (375779.85291963816 3765476.973662464),3533 S. Chesapeake Ave.,90016.0,10.0,2021,6.0,28,0.2142857142857142,2021,TOC,90016,2024-10-04 00:00:00,3.0,,1.0,2.0,,,TOC Tier 3,deduplicated_matched,3533 S. Chesapeake Ave.,34.022764,-118.345443,"(34.022764, -118.345443)",4.0,5.0,Baldwin Hills/Crenshaw
5046014006,5/26/2021,2021,10,3539 S CHESAPEAKE AVE,LOS ANGELES ,90016.0,3.0,,34.022591,-118.345443,"(34.022591, -118.345443)",POINT (375779.85291963816 3765476.973662464),3546 S CHESAPEAKE AVE,,,2024,53.0,54,0.9814814814814816,2024,ED1,,,1.0,,0.0,41.0,11.0,0.0,,ed1,3546 S CHESAPEAKE AVE,34.0225703,-118.3449561,"(34.0225703, -118.3449561)",4.0,5.0,Baldwin Hills/Crenshaw
5046015022,11/7/2023,2023,10,3546 S CHESAPEAKE AVE,LOS ANGELES ,90016.0,2.0,,34.0225703,-118.3449561,"(34.0225703, -118.3449561)",POINT (375824.7796892862 3765474.0875547184),3533 S. Chesapeake Ave.,90016.0,10.0,2021,6.0,28,0.2142857142857142,2021,TOC,90016,2024-10-04 00:00:00,3.0,,1.0,2.0,,,TOC Tier 3,deduplicated_matched,3533 S. Chesapeake Ave.,34.022764,-118.345443,"(34.022764, -118.345443)",4.0,5.0,Baldwin Hills/Crenshaw
5046015022,11/7/2023,2023,10,3546 S CHESAPEAKE AVE,LOS ANGELES ,90016.0,2.0,,34.0225703,-118.3449561,"(34.0225703, -118.3449561)",POINT (375824.7796892862 3765474.0875547184),3546 S CHESAPEAKE AVE,,,2024,53.0,54,0.9814814814814816,2024,ED1,,,1.0,,0.0,41.0,11.0,0.0,,ed1,3546 S CHESAPEAKE AVE,34.0225703,-118.3449561,"(34.0225703, -118.3449561)",4.0,5.0,Baldwin Hills/Crenshaw
5046015024,1/16/2019,2019,10,3536 S CHESAPEAKE AVE,LOS ANGELES ,90016.0,2.0,,34.022708,-118.344888,"(34.022708, -118.344888)",POINT (375831.2681451461 3765489.274500712),3524 S. Chesapeake Ave.,90016.0,10.0,2019,3.0,27,0.1111111111111111,2019,TOC,90016,2024-10-01 00:00:00,3.0,,,,,,TOC Tier 3,deduplicated_matched,3524 S. Chesapeake Ave.,34.0230306,-118.3449853,"(34.0230306, -118.3449853)",4.0,5.0,Baldwin Hills/Crenshaw
5046015024,1/16/2019,2019,10,3536 S CHESAPEAKE AVE,LOS ANGELES ,90016.0,2.0,,34.022708,-118.344888,"(34.022708, -118.344888)",POINT (375831.2681451461 3765489.274500712),3546 S CHESAPEAKE AVE,,,2024,53.0,54,0.9814814814814816,2024,ED1,,,1.0,,0.0,41.0,11.0,0.0,,ed1,3546 S CHESAPEAKE AVE,34.0225703,-118.3449561,"(34.0225703, -118.3449561)",4.0,5.0,Baldwin Hills/Crenshaw
5046015025,6/26/2018,2018,10,3530 S CHESAPEAKE AVE,LOS ANGELES ,90016.0,2.0,27.0,34.022854,-118.344888,"(34.022854, -118.344888)",POINT (375831.4808153191 3765505.464432458),3524 S. Chesapeake Ave.,90016.0,10.0,2019,3.0,27,0.1111111111111111,2019,TOC,90016,2024-10-01 00:00:00,3.0,,,,,,TOC Tier 3,deduplicated_matched,3524 S. Chesapeake Ave.,34.0230306,-118.3449853,"(34.0230306, -118.3449853)",4.0,5.0,Baldwin Hills/Crenshaw
5046015025,6/26/2018,2018,10,3530 S CHESAPEAKE AVE,LOS ANGELES ,90016.0,2.0,27.0,34.022854,-118.344888,"(34.022854, -118.344888)",POINT (375831.4808153191 3765505.464432458),3546 S CHESAPEAKE AVE,,,2024,53.0,54,0.9814814814814816,2024,ED1,,,1.0,,0.0,41.0,11.0,0.0,,ed1,3546 S CHESAPEAKE AVE,34.0225703,-118.3449561,"(34.0225703, -118.3449561)",4.0,5.0,Baldwin Hills/Crenshaw
5046015026,6/26/2018,2018,10,3524 S CHESAPEAKE AVE,LOS ANGELES ,90016.0,2.0,0.0,34.0230306,-118.3449853,"(34.0230306, -118.3449853)",POINT (375822.7541085522 3765525.1656147502),3518 S. Chespeake Ave.,90016.0,10.0,2022,3.0,29,0.1034482758620689,2022,TOC,90016,2023-10-31 00:00:00,3.0,,,,,,TOC Tier 3,deduplicated_matched,3518 S. Chespeake Ave.,34.0233604,-118.3450323,"(34.0233604, -118.3450323)",4.0,5.0,Baldwin Hills/Crenshaw
5046015026,6/26/2018,2018,10,3524 S CHESAPEAKE AVE,LOS ANGELES ,90016.0,2.0,0.0,34.0230306,-118.3449853,"(34.0230306, -118.3449853)",POINT (375822.7541085522 3765525.1656147502),3524 S. Chesapeake Ave.,90016.0,10.0,2019,3.0,27,0.1111111111111111,2019,TOC,90016,2024-10-01 00:00:00,3.0,,,,,,TOC Tier 3,deduplicated_matched,3524 S. Chesapeake Ave.,34.0230306,-118.3449853,"(34.0230306, -118.3449853)",4.0,5.0,Baldwin Hills/Crenshaw
5046015027,8/18/2021,2021,10,3520 S CHESAPEAKE AVE,LOS ANGELES ,90016.0,2.0,29.0,34.023145,-118.344888,"(34.023145, -118.344888)",POINT (375831.9047014288 3765537.7334070937),3518 S. Chespeake Ave.,90016.0,10.0,2022,3.0,29,0.1034482758620689,2022,TOC,90016,2023-10-31 00:00:00,3.0,,,,,,TOC Tier 3,deduplicated_matched,3518 S. Chespeake Ave.,34.0233604,-118.3450323,"(34.0233604, -118.3450323)",4.0,5.0,Baldwin Hills/Crenshaw
5046015027,8/18/2021,2021,10,3520 S CHESAPEAKE AVE,LOS ANGELES ,90016.0,2.0,29.0,34.023145,-118.344888,"(34.023145, -118.344888)",POINT (375831.9047014288 3765537.7334070937),3500 S. Chesapeake Ave.,90016.0,10.0,2019,3.0,22,0.1363636363636363,2019,DB,90016,2021-05-28 00:00:00,,,2.0,1.0,,,,deduplicated_matched,3500 S. Chesapeake Ave.,34.023593,-118.344893,"(34.023593, -118.344893)",4.0,5.0,Baldwin Hills/Crenshaw
5046015027,8/18/2021,2021,10,3520 S CHESAPEAKE AVE,LOS ANGELES ,90016.0,2.0,29.0,34.023145,-118.344888,"(34.023145, -118.344888)",POINT (375831.9047014288 3765537.7334070937),3524 S. Chesapeake Ave.,90016.0,10.0,2019,3.0,27,0.1111111111111111,2019,TOC,90016,2024-10-01 00:00:00,3.0,,,,,,TOC Tier 3,deduplicated_matched,3524 S. Chesapeake Ave.,34.0230306,-118.3449853,"(34.0230306, -118.3449853)",4.0,5.0,Baldwin Hills/Crenshaw
5046015028,8/18/2021,2021,10,3514 S CHESAPEAKE AVE,LOS ANGELES ,90016.0,2.0,0.0,34.023291,-118.344888,"(34.023291, -118.344888)",POINT (375832.1173740188 3765553.9233399285),3518 S. Chespeake Ave.,90016.0,10.0,2022,3.0,29,0.1034482758620689,2022,TOC,90016,2023-10-31 00:00:00,3.0,,,,,,TOC Tier 3,deduplicated_matched,3518 S. Chespeake Ave.,34.0233604,-118.3450323,"(34.0233604, -118.3450323)",4.0,5.0,Baldwin Hills/Crenshaw
5046015028,8/18/2021,2021,10,3514 S CHESAPEAKE AVE,LOS ANGELES ,90016.0,2.0,0.0,34.023291,-118.344888,"(34.023291, -118.344888)",POINT (375832.1173740188 3765553.9233399285),3500 S. Chesapeake Ave.,90016.0,10.0,2019,3.0,22,0.1363636363636363,2019,DB,90016,2021-05-28 00:00:00,,,2.0,1.0,,,,deduplicated_matched,3500 S. Chesapeake Ave.,34.023593,-118.344893,"(34.023593, -118.344893)",4.0,5.0,Baldwin Hills/Crenshaw
5046015028,8/18/2021,2021,10,3514 S CHESAPEAKE AVE,LOS ANGELES ,90016.0,2.0,0.0,34.023291,-118.344888,"(34.023291, -118.344888)",POINT (375832.1173740188 3765553.9233399285),3524 S. Chesapeake Ave.,90016.0,10.0,2019,3.0,27,0.1111111111111111,2019,TOC,90016,2024-10-01 00:00:00,3.0,,,,,,TOC Tier 3,deduplicated_matched,3524 S. Chesapeake Ave.,34.0230306,-118.3449853,"(34.0230306, -118.3449853)",4.0,5.0,Baldwin Hills/Crenshaw
5046015029,6/18/2018,2018,10,3506 S CHESAPEAKE AVE,LOS ANGELES ,90016.0,2.0,22.0,34.0234409,-118.3449379,"(34.0234409, -118.3449379)",POINT (375827.72835934267 3765570.6062682895),3518 S. Chespeake Ave.,90016.0,10.0,2022,3.0,29,0.1034482758620689,2022,TOC,90016,2023-10-31 00:00:00,3.0,,,,,,TOC Tier 3,deduplicated_matched,3518 S. Chespeake Ave.,34.0233604,-118.3450323,"(34.0233604, -118.3450323)",4.0,5.0,Baldwin Hills/Crenshaw
5046015029,6/18/2018,2018,10,3506 S CHESAPEAKE AVE,LOS ANGELES ,90016.0,2.0,22.0,34.0234409,-118.3449379,"(34.0234409, -118.3449379)",POINT (375827.72835934267 3765570.6062682895),3500 S. Chesapeake Ave.,90016.0,10.0,2019,3.0,22,0.1363636363636363,2019,DB,90016,2021-05-28 00:00:00,,,2.0,1.0,,,,deduplicated_matched,3500 S. Chesapeake Ave.,34.023593,-118.344893,"(34.023593, -118.344893)",4.0,5.0,Baldwin Hills/Crenshaw
5046015029,6/18/2018,2018,10,3506 S CHESAPEAKE AVE,LOS ANGELES ,90016.0,2.0,22.0,34.0234409,-118.3449379,"(34.0234409, -118.3449379)",POINT (375827.72835934267 3765570.6062682895),3524 S. Chesapeake Ave.,90016.0,10.0,2019,3.0,27,0.1111111111111111,2019,TOC,90016,2024-10-01 00:00:00,3.0,,,,,,TOC Tier 3,deduplicated_matched,3524 S. Chesapeake Ave.,34.0230306,-118.3449853,"(34.0230306, -118.3449853)",4.0,5.0,Baldwin Hills/Crenshaw
5046015030,6/18/2018,2018,10,3500 S CHESAPEAKE AVE,LOS ANGELES ,90016.0,2.0,0.0,34.023593,-118.344893,"(34.023593, -118.344893)",POINT (375832.09562897444 3765587.418170739),3518 S. Chespeake Ave.,90016.0,10.0,2022,3.0,29,0.1034482758620689,2022,TOC,90016,2023-10-31 00:00:00,3.0,,,,,,TOC Tier 3,deduplicated_matched,3518 S. Chespeake Ave.,34.0233604,-118.3450323,"(34.0233604, -118.3450323)",4.0,5.0,Baldwin Hills/Crenshaw
5046015030,6/18/2018,2018,10,3500 S CHESAPEAKE AVE,LOS ANGELES ,90016.0,2.0,0.0,34.023593,-118.344893,"(34.023593, -118.344893)",POINT (375832.09562897444 3765587.418170739),3500 S. Chesapeake Ave.,90016.0,10.0,2019,3.0,22,0.1363636363636363,2019,DB,90016,2021-05-28 00:00:00,,,2.0,1.0,,,,deduplicated_matched,3500 S. Chesapeake Ave.,34.023593,-118.344893,"(34.023593, -118.344893)",4.0,5.0,Baldwin Hills/Crenshaw
5050011008,10/25/2023,2023,10,2818 S HILLCREST DR,LOS ANGELES ,90016.0,4.0,,34.023362,-118.3429169,"(34.023362, -118.3429169)",POINT (376014.2166329773 3765559.4075546307),3442 S HILLCREST DR,,,2024,47.0,48,0.9791666666666666,2024,ED1,,,0.0,,2.0,38.0,7.0,0.0,,ed1,3442 S HILLCREST DR,34.023362,-118.3429037,"(34.023362, -118.3429037)",4.0,5.0,Baldwin Hills/Crenshaw
5056001011,2/9/2024,2024,1,1405 S MENLO AVE,LOS ANGELES ,90006.0,2.0,,33.8964466,-118.2892049,"(33.8964466, -118.2892049)",POINT (380796.6159864632 3751422.271775342),1503 South Menlo Avenue,90006.0,1.0,2014,1.0,9,0.1111111111111111,2014,DB,90006,2014-12-04 00:00:00,,,,1.0,,,,deduplicated_matched,1503 South Menlo Avenue,33.8964466,-118.2892049,"(33.8964466, -118.2892049)",42.0,43.0,Harbor Gateway
5056002023,9/25/2018,2018,1,1320 S MENLO AVE,LOS ANGELES ,90006.0,2.0,4.0,33.8964466,-118.2892049,"(33.8964466, -118.2892049)",POINT (380796.6159864632 3751422.271775342),1503 South Menlo Avenue,90006.0,1.0,2014,1.0,9,0.1111111111111111,2014,DB,90006,2014-12-04 00:00:00,,,,1.0,,,,deduplicated_matched,1503 South Menlo Avenue,33.8964466,-118.2892049,"(33.8964466, -118.2892049)",42.0,43.0,Harbor Gateway
5056008006,5/8/2019,2019,1,1330 S ARAPAHOE ST,LOS ANGELES ,90006.0,2.0,4.0,34.0463414,-118.2851881,"(34.0463414, -118.2851881)",POINT (381376.4109550066 3768039.1613744777),1323 S ARAPAHOE ST,,,2024,26.0,27,0.9629629629629628,2024,ED1,,,0.0,,2.0,19.0,5.0,0.0,,ed1,1323 S ARAPAHOE ST,34.0465176,-118.2856485,"(34.0465176, -118.2856485)",73.0,74.0,Pico-Union
5056010025,6/18/2019,2019,1,1700 S ARAPAHOE ST,LOS ANGELES ,90006.0,2.0,,34.0426608,-118.2849971,"(34.0426608, -118.2849971)",POINT (381388.91613527515 3767630.800739043),1705 S. Hoover St.,90006.0,1.0,2019,1.0,10,0.1,2019,TOC,90006,,1.0,,,,,,TOC Tier 2,deduplicated_matched,1705 S. Hoover St.,34.0425564,-118.2845755,"(34.0425564, -118.2845755)",73.0,74.0,Pico-Union
5065006016,10/25/2023,2023,10,2627 S CULLEN ST,LOS ANGELES ,90034.0,4.0,,34.033307,-118.3775862,"(34.033307, -118.3775862)",POINT (372827.95952440606 3766704.7452696594),2625 S CULLEN ST,,,2024,69.0,77,0.8961038961038961,2024,ED1,,,0.0,,0.0,55.0,14.0,0.0,,ed1,2625 S CULLEN ST,34.0334482,-118.3774902,"(34.0334482, -118.3774902)",60.0,61.0,Mid-City
5068016022,9/18/2020,2020,10,1543 S HI POINT ST,LOS ANGELES ,90035.0,2.0,,34.0489131,-118.3697896,"(34.0489131, -118.3697896)",POINT (373570.9201518409 3768425.656017112),1529 S. Hi Point St.,90035.0,10.0,2022,2.0,14,0.1428571428571428,2022,TOC,90035,,,,2.0,,,,TOC Tier 3,deduplicated_matched,1529 S. Hi Point St.,34.0493123,-118.3697417,"(34.0493123, -118.3697417)",60.0,61.0,Mid-City
5068017013,4/2/2012,2012,10,1455 S HAYWORTH AVE,Los Angeles ,90035.0,3.0,,34.0500575,-118.3681098,"(34.0500575, -118.3681098)",POINT (373727.6706774805 3768550.4848170225),5910 W. Saturn St.,90035.0,10.0,2018,4.0,45,0.0888888888888888,2018,DB,90035,,,,4.0,,,,,deduplicated_matched,5910 W. Saturn St.,34.0497324,-118.3684771,"(34.0497324, -118.3684771)",60.0,61.0,Mid-City
5068018004,4/14/2016,2016,10,1512 S HI POINT ST,LOS ANGELES ,90035.0,3.0,,34.0495031,-118.3689802,"(34.0495031, -118.3689802)",POINT (373646.50706927374 3768490.081630368),1510 S. Hi Point St.,90035.0,10.0,2022,6.0,58,0.1034482758620689,2022,TOC,90035,,6.0,,,,,,TOC Tier 3,deduplicated_matched,1510 S. Hi Point St.,34.0497189,-118.3689571,"(34.0497189, -118.3689571)",60.0,61.0,Mid-City
5068018034,4/14/2016,2016,10,5911 W PICKFORD ST,LOS ANGELES ,90035.0,2.0,,34.0481807,-118.3689507,"(34.0481807, -118.3689507)",POINT (373647.2679599952 3768343.4031977286),1556 S. Hi Point St.,90035.0,10.0,2018,4.0,45,0.0888888888888888,2018,DB,90035,2022-02-16 00:00:00,,,4.0,,,,,deduplicated_matched,1556 S. Hi Point St.,34.0483768,-118.3693225,"(34.0483768, -118.3693225)",60.0,61.0,Mid-City
5068026012,6/29/2020,2020,10,1568 S ORANGE GROVE AVE,LOS ANGELES ,90019.0,2.0,,34.047511,-118.3662836,"(34.047511, -118.3662836)",POINT (373892.4644060576 3768265.8489191853),1568 S. Orange Grove Ave.,90019.0,10.0,2021,2.0,14,0.1428571428571428,2021,TOC,90019,,1.0,,1.0,,,,TOC Tier 3,deduplicated_matched,1568 S. Orange Grove Ave.,34.047511,-118.3662836,"(34.047511, -118.3662836)",60.0,61.0,Mid-City
5068026015,12/11/2019,2019,10,1550 S ORANGE GROVE AVE,LOS ANGELES ,90019.0,2.0,,34.0479404,-118.3661268,"(34.0479404, -118.3661268)",POINT (373907.5738063045 3768313.272137826),1546 S. Orange Grove Ave.,90019.0,10.0,2022,3.0,28,0.1071428571428571,2022,TOC,90019,,3.0,,,,,,TOC Tier 3,deduplicated_matched,1546 S. Orange Grove Ave.,34.0481091,-118.3660795,"(34.0481091, -118.3660795)",60.0,61.0,Mid-City
5068026015,12/11/2019,2019,10,1550 S ORANGE GROVE AVE,LOS ANGELES ,90019.0,2.0,,34.0479404,-118.3661268,"(34.0479404, -118.3661268)",POINT (373907.5738063045 3768313.272137826),1568 S. Orange Grove Ave.,90019.0,10.0,2021,2.0,14,0.1428571428571428,2021,TOC,90019,,1.0,,1.0,,,,TOC Tier 3,deduplicated_matched,1568 S. Orange Grove Ave.,34.047511,-118.3662836,"(34.047511, -118.3662836)",60.0,61.0,Mid-City
5068026019,4/29/2016,2016,10,1530 S ORANGE GROVE AVE,LOS ANGELES ,90019.0,2.0,17.0,34.0485167,-118.3659532,"(34.0485167, -118.3659532)",POINT (373924.45127645426 3768376.964526492),1546 S. Orange Grove Ave.,90019.0,10.0,2022,3.0,28,0.1071428571428571,2022,TOC,90019,,3.0,,,,,,TOC Tier 3,deduplicated_matched,1546 S. Orange Grove Ave.,34.0481091,-118.3660795,"(34.0481091, -118.3660795)",60.0,61.0,Mid-City
5069015014,10/2/2019,2019,10,5729 W VENICE BLVD,LOS ANGELES ,90019.0,1.0,,34.0451134,-118.3521542,"(34.0451134, -118.3521542)",POINT (375193.1815328067 3767982.651921198),9900 W. Venice Blvd,90232.0,5.0,2021,6.0,54,0.1111111111111111,2021,DB,90232,,,,6.0,,,,,deduplicated_matched,9900 W. Venice Blvd,34.0451134,-118.3521542,"(34.0451134, -118.3521542)",60.0,61.0,Mid-City
5069019003,3/2/2022,2022,10,1401 S CURSON AVE,LOS ANGELES ,90019.0,4.0,,34.0494878,-118.3600984,"(34.0494878, -118.3600984)",POINT (374466.31082741206 3768477.4508387144),5566 W. Pico Blvd.,90019.0,10.0,2022,4.0,40,0.1,2022,TOC,90019,,4.0,,,,,,TOC Tier 2,deduplicated_matched,5566 W. Pico Blvd.,34.0495742,-118.3601903,"(34.0495742, -118.3601903)",60.0,61.0,Mid-City
5072017013,5/22/2019,2019,10,3617 W VENICE BLVD,LOS ANGELES ,90019.0,4.0,28.0,34.0462894,-118.3445643,"(34.0462894, -118.3445643)",POINT (375895.5082055795 3768103.826639028),3617 W. Venice Blvd.,90019.0,10.0,2020,3.0,28,0.1071428571428571,2020,TOC,90019,2023-11-21 00:00:00,3.0,,,,,,TOC Tier 3,deduplicated_matched,3617 W. Venice Blvd.,34.0462894,-118.3445643,"(34.0462894, -118.3445643)",60.0,61.0,Mid-City
5073009011,5/14/2019,2019,10,1546 S ST ANDREWS PL,LOS ANGELES ,90019.0,2.0,,34.0439719,-118.311156,"(34.0439719, -118.311156)",POINT (378976.0363878291 3767806.8194724093),1540 S. St. Andrews Pl.,90019.0,10.0,2019,4.0,38,0.1052631578947368,2019,TOC,90019,2023-09-20 00:00:00,4.0,,,,,,TOC Tier 3,deduplicated_matched,1540 S. St. Andrews Pl.,34.0441805,-118.3113442,"(34.0441805, -118.3113442)",43.0,44.0,Harvard Heights
5075008019,3/4/2015,2015,1,1415 S FEDORA ST,LOS ANGELES ,90006.0,3.0,,34.0546991,-118.2979644,"(34.0546991, -118.2979644)",POINT (380208.83339912863 3768980.8300742805),1047 S. Fedora St.,90006.0,10.0,2021,5.0,50,0.1,2021,TOC,90006,,5.0,,,,,,TOC Tier 3,deduplicated_matched,1047 S. Fedora St.,34.0546991,-118.2979644,"(34.0546991, -118.2979644)",52.0,53.0,Koreatown
5075008019,3/4/2015,2015,1,1415 S FEDORA ST,LOS ANGELES ,90006.0,3.0,,34.0546991,-118.2979644,"(34.0546991, -118.2979644)",POINT (380208.83339912863 3768980.8300742805),1100 S. Fedora St.,90006.0,1.0,2021,3.0,24,0.125,2021,TOC,90006,,3.0,,,,,,TOC Tier 2,deduplicated_matched,1100 S. Fedora St.,34.0545083,-118.2977231,"(34.0545083, -118.2977231)",52.0,53.0,Koreatown
5075008019,3/4/2015,2015,1,1415 S FEDORA ST,LOS ANGELES ,90006.0,3.0,,34.0546991,-118.2979644,"(34.0546991, -118.2979644)",POINT (380208.83339912863 3768980.8300742805),936 S. Mariposa Ave.,90006.0,10.0,2021,3.0,23,0.1304347826086956,2021,TOC,90006,,3.0,,,,,,TOC Tier 3,deduplicated_matched,936 S. Mariposa Ave.,34.054664,-118.2984426,"(34.054664, -118.2984426)",52.0,53.0,Koreatown
5075008019,3/4/2015,2015,1,1415 S FEDORA ST,LOS ANGELES ,90006.0,3.0,,34.0546991,-118.2979644,"(34.0546991, -118.2979644)",POINT (380208.83339912863 3768980.8300742805),970 S. Fedora St.,90006.0,10.0,2020,5.0,50,0.1,2020,TOC,90006,2021-11-19 00:00:00,5.0,,,,,,TOC Tier 3,deduplicated_matched,970 S. Fedora St.,34.0545083,-118.2977231,"(34.0545083, -118.2977231)",52.0,53.0,Koreatown
5075008019,3/4/2015,2015,1,1415 S FEDORA ST,LOS ANGELES ,90006.0,3.0,,34.0546991,-118.2979644,"(34.0546991, -118.2979644)",POINT (380208.83339912863 3768980.8300742805),1053 S. Fedora St.,90006.0,10.0,2018,5.0,40,0.125,2018,DB,90006,,,,5.0,,,,,deduplicated_matched,1053 S. Fedora St.,34.0546991,-118.2979644,"(34.0546991, -118.2979644)",52.0,53.0,Koreatown
5075008019,3/4/2015,2015,1,1415 S FEDORA ST,LOS ANGELES ,90006.0,3.0,,34.0546991,-118.2979644,"(34.0546991, -118.2979644)",POINT (380208.83339912863 3768980.8300742805),955 S. Fedora St.,90006.0,10.0,2018,6.0,60,0.1,2018,DB,90006,,,,5.0,1.0,,,,deduplicated_matched,955 S. Fedora St.,34.0546991,-118.2979644,"(34.0546991, -118.2979644)",52.0,53.0,Koreatown
5075008043,12/9/2014,2014,1,1424 S FEDORA ST,LOS ANGELES ,90006.0,6.0,,34.0545083,-118.2977231,"(34.0545083, -118.2977231)",POINT (380230.83638806106 3768959.389768785),936 S. Fedora St.,90006.0,10.0,2022,3.0,30,0.1,2022,TOC,90006,,3.0,,,,,,TOC Tier 3,deduplicated_matched,936 S. Fedora St.,34.0545788,-118.2974351,"(34.0545788, -118.2974351)",52.0,53.0,Koreatown
5075008043,12/9/2014,2014,1,1424 S FEDORA ST,LOS ANGELES ,90006.0,6.0,,34.0545083,-118.2977231,"(34.0545083, -118.2977231)",POINT (380230.83638806106 3768959.389768785),1047 S. Fedora St.,90006.0,10.0,2021,5.0,50,0.1,2021,TOC,90006,,5.0,,,,,,TOC Tier 3,deduplicated_matched,1047 S. Fedora St.,34.0546991,-118.2979644,"(34.0546991, -118.2979644)",52.0,53.0,Koreatown
5075008043,12/9/2014,2014,1,1424 S FEDORA ST,LOS ANGELES ,90006.0,6.0,,34.0545083,-118.2977231,"(34.0545083, -118.2977231)",POINT (380230.83638806106 3768959.389768785),1100 S. Fedora St.,90006.0,1.0,2021,3.0,24,0.125,2021,TOC,90006,,3.0,,,,,,TOC Tier 2,deduplicated_matched,1100 S. Fedora St.,34.0545083,-118.2977231,"(34.0545083, -118.2977231)",52.0,53.0,Koreatown
5075008043,12/9/2014,2014,1,1424 S FEDORA ST,LOS ANGELES ,90006.0,6.0,,34.0545083,-118.2977231,"(34.0545083, -118.2977231)",POINT (380230.83638806106 3768959.389768785),970 S. Fedora St.,90006.0,10.0,2020,5.0,50,0.1,2020,TOC,90006,2021-11-19 00:00:00,5.0,,,,,,TOC Tier 3,deduplicated_matched,970 S. Fedora St.,34.0545083,-118.2977231,"(34.0545083, -118.2977231)",52.0,53.0,Koreatown
5075008043,12/9/2014,2014,1,1424 S FEDORA ST,LOS ANGELES ,90006.0,6.0,,34.0545083,-118.2977231,"(34.0545083, -118.2977231)",POINT (380230.83638806106 3768959.389768785),1053 S. Fedora St.,90006.0,10.0,2018,5.0,40,0.125,2018,DB,90006,,,,5.0,,,,,deduplicated_matched,1053 S. Fedora St.,34.0546991,-118.2979644,"(34.0546991, -118.2979644)",52.0,53.0,Koreatown
5075008043,12/9/2014,2014,1,1424 S FEDORA ST,LOS ANGELES ,90006.0,6.0,,34.0545083,-118.2977231,"(34.0545083, -118.2977231)",POINT (380230.83638806106 3768959.389768785),955 S. Fedora St.,90006.0,10.0,2018,6.0,60,0.1,2018,DB,90006,,,,5.0,1.0,,,,deduplicated_matched,955 S. Fedora St.,34.0546991,-118.2979644,"(34.0546991, -118.2979644)",52.0,53.0,Koreatown
5075029012,2/2/2018,2018,1,1950 S NORMANDIE AVE,LOS ANGELES ,90007.0,4.0,,34.0389025,-118.3000996,"(34.0389025, -118.3000996)",POINT (379989.50253008434 3767231.6539172702),1950 S. Normandie Ave.,90007.0,1.0,2019,3.0,13,0.2307692307692307,2019,TOC,90007,2022-10-12 00:00:00,2.0,,1.0,,,,TOC Tier 2,deduplicated_matched,1950 S. Normandie Ave.,34.0389025,-118.3000996,"(34.0389025, -118.3000996)",73.0,74.0,Pico-Union
5076009012,7/11/2022,2022,1,1025 S MENLO AVE,LOS ANGELES ,90006.0,10.0,,33.8964466,-118.2892049,"(33.8964466, -118.2892049)",POINT (380796.6159864632 3751422.271775342),1503 South Menlo Avenue,90006.0,1.0,2014,1.0,9,0.1111111111111111,2014,DB,90006,2014-12-04 00:00:00,,,,1.0,,,,deduplicated_matched,1503 South Menlo Avenue,33.8964466,-118.2892049,"(33.8964466, -118.2892049)",42.0,43.0,Harbor Gateway
5076009013,11/9/2022,2022,1,1035 S MENLO AVE,LOS ANGELES ,90006.0,22.0,,33.8964466,-118.2892049,"(33.8964466, -118.2892049)",POINT (380796.6159864632 3751422.271775342),1503 South Menlo Avenue,90006.0,1.0,2014,1.0,9,0.1111111111111111,2014,DB,90006,2014-12-04 00:00:00,,,,1.0,,,,deduplicated_matched,1503 South Menlo Avenue,33.8964466,-118.2892049,"(33.8964466, -118.2892049)",42.0,43.0,Harbor Gateway
5076013002,7/27/2015,2015,1,1110 S MAGNOLIA AVE,LOS ANGELES ,90006.0,4.0,9.0,34.0470832,-118.2965121,"(34.0470832, -118.2965121)",POINT (380332.17482468305 3768134.606093394),2652 W. Pico Blvd.,90006.0,1.0,2021,53.0,54,0.9814814814814816,2021,TOC,90006,2024-03-26 00:00:00,,,,53.0,,,TOC Tier 3,deduplicated_matched,2652 W. Pico Blvd.,34.0469394,-118.2962418,"(34.0469394, -118.2962418)",73.0,74.0,Pico-Union
5076014014,5/29/2019,2019,1,1163 S HOOVER ST,LOS ANGELES ,90006.0,7.0,,34.0498261,-118.284409,"(34.0498261, -118.284409)",POINT (381453.17763211275 3768424.6745357295),1157 S. Hoover St.,90006.0,1.0,2020,6.0,48,0.125,2020,TOC,90006,2023-10-20 00:00:00,2.0,,4.0,,,,TOC Tier 2,deduplicated_matched,1157 S. Hoover St.,34.0499816,-118.284451,"(34.0499816, -118.284451)",73.0,74.0,Pico-Union
5076016009,9/11/2019,2019,1,1248 S MAGNOLIA AVE,LOS ANGELES ,90006.0,3.0,,34.0470832,-118.2965121,"(34.0470832, -118.2965121)",POINT (380332.17482468305 3768134.606093394),2652 W. Pico Blvd.,90006.0,1.0,2021,53.0,54,0.9814814814814816,2021,TOC,90006,2024-03-26 00:00:00,,,,53.0,,,TOC Tier 3,deduplicated_matched,2652 W. Pico Blvd.,34.0469394,-118.2962418,"(34.0469394, -118.2962418)",73.0,74.0,Pico-Union
5076018013,9/8/2021,2021,1,1200 S WESTMORELAND AVE,LOS ANGELES ,90006.0,6.0,,34.0488937,-118.2888705,"(34.0488937, -118.2888705)",POINT (381040.06697176304 3768326.459942527),1212 S. Westmoreland Ave.,90006.0,1.0,2020,4.0,38,0.1052631578947368,2020,DB,90006,,,,4.0,,,,,deduplicated_matched,1212 S. Westmoreland Ave.,34.0487216,-118.2885832,"(34.0487216, -118.2885832)",73.0,74.0,Pico-Union
5076018014,8/8/2018,2018,1,1212 S WESTMORELAND AVE,LOS ANGELES ,90006.0,4.0,,34.0487216,-118.2885832,"(34.0487216, -118.2885832)",POINT (381066.3454659984 3768307.0418450795),1212 S. Westmoreland Ave.,90006.0,1.0,2020,4.0,38,0.1052631578947368,2020,DB,90006,,,,4.0,,,,,deduplicated_matched,1212 S. Westmoreland Ave.,34.0487216,-118.2885832,"(34.0487216, -118.2885832)",73.0,74.0,Pico-Union
5076019019,2/14/2011,2011,1,1230 S MENLO AVE,Los Angeles ,90006.0,8.0,60.0,33.8964466,-118.2892049,"(33.8964466, -118.2892049)",POINT (380796.6159864632 3751422.271775342),1503 South Menlo Avenue,90006.0,1.0,2014,1.0,9,0.1111111111111111,2014,DB,90006,2014-12-04 00:00:00,,,,1.0,,,,deduplicated_matched,1503 South Menlo Avenue,33.8964466,-118.2892049,"(33.8964466, -118.2892049)",42.0,43.0,Harbor Gateway
5076019023,2/14/2011,2011,1,1240 S MENLO AVE,Los Angeles ,90006.0,12.0,0.0,33.8964466,-118.2892049,"(33.8964466, -118.2892049)",POINT (380796.6159864632 3751422.271775342),1503 South Menlo Avenue,90006.0,1.0,2014,1.0,9,0.1111111111111111,2014,DB,90006,2014-12-04 00:00:00,,,,1.0,,,,deduplicated_matched,1503 South Menlo Avenue,33.8964466,-118.2892049,"(33.8964466, -118.2892049)",42.0,43.0,Harbor Gateway
5077015019,10/7/2008,2008,1,2822 W 7TH ST,Los Angeles ,90005.0,12.0,,34.05956,-118.28496,"(34.05956, -118.28496)",POINT (381415.87682729185 3769504.7003291314),2820 W. 7th St.,90005.0,1.0,2021,7.0,166,0.0421686746987951,2021,Other/Discretionary,90005,,,,7.0,,,,DB; Zone Change,deduplicated_matched,2820 W. 7th St.,34.05961,-118.28489,"(34.05961, -118.28489)",106.0,107.0,Westlake
5077023015,12/5/2008,2008,1,2914 W 8TH ST,Los Angeles ,90005.0,5.0,85.0,34.05751,-118.28966,"(34.05751, -118.28966)",POINT (380979.23794527794 3769282.835758862),"2914-2936 W. 8th St., Los Angeles, CA",90015.0,1.0,2012,84.0,85,0.9882352941176472,2012,DB,90005,2014-03-19 00:00:00,,,,84.0,,,,deduplicated_matched,"2914-2936 W. 8th St., Los Angeles, CA",34.05751,-118.28966,"(34.05751, -118.28966)",52.0,53.0,Koreatown
5077029004,4/23/2021,2021,1,2821 W SAN MARINO ST,LOS ANGELES ,90006.0,3.0,,34.055204,-118.2897959,"(34.055204, -118.2897959)",POINT (380963.4709827443 3769027.28249521),2821 W. San Marino St.,90006.0,1.0,2021,3.0,29,0.1034482758620689,2021,TOC,90006,,3.0,,,,,,TOC Tier 3,deduplicated_matched,2821 W. San Marino St.,34.055204,-118.2897959,"(34.055204, -118.2897959)",52.0,53.0,Koreatown
5077029004,4/23/2021,2021,1,2821 W SAN MARINO ST,LOS ANGELES ,90006.0,3.0,,34.055204,-118.2897959,"(34.055204, -118.2897959)",POINT (380963.4709827443 3769027.28249521),2837 W. San Marino St.,90066.0,1.0,2021,23.0,23,1.0,2021,TOC,90066,,2.0,,3.0,18.0,,,TOC Tier 3,deduplicated_matched,2837 W. San Marino St.,34.0552588,-118.2901467,"(34.0552588, -118.2901467)",52.0,53.0,Koreatown
5077029006,9/1/2022,2022,1,2837 W SAN MARINO ST,LOS ANGELES ,90006.0,2.0,,34.0552588,-118.2901467,"(34.0552588, -118.2901467)",POINT (380931.16988784913 3769033.7675254275),2821 W. San Marino St.,90006.0,1.0,2021,3.0,29,0.1034482758620689,2021,TOC,90006,,3.0,,,,,,TOC Tier 3,deduplicated_matched,2821 W. San Marino St.,34.055204,-118.2897959,"(34.055204, -118.2897959)",52.0,53.0,Koreatown
5077029006,9/1/2022,2022,1,2837 W SAN MARINO ST,LOS ANGELES ,90006.0,2.0,,34.0552588,-118.2901467,"(34.0552588, -118.2901467)",POINT (380931.16988784913 3769033.7675254275),2837 W. San Marino St.,90066.0,1.0,2021,23.0,23,1.0,2021,TOC,90066,,2.0,,3.0,18.0,,,TOC Tier 3,deduplicated_matched,2837 W. San Marino St.,34.0552588,-118.2901467,"(34.0552588, -118.2901467)",52.0,53.0,Koreatown
5078002020,9/4/2020,2020,10,964 S NORMANDIE AVE,LOS ANGELES ,90006.0,3.0,,34.0537278,-118.2998237,"(34.0537278, -118.2998237)",POINT (380035.85610980325 3768875.301806337),964 S. Normandie Ave.,90006.0,10.0,2021,3.0,26,0.1153846153846153,2021,TOC,90006,,3.0,,,,,,TOC Tier 3,deduplicated_matched,964 S. Normandie Ave.,34.0537278,-118.2998237,"(34.0537278, -118.2998237)",52.0,53.0,Koreatown
5078003003,1/22/2018,2018,10,951 S FEDORA ST,LOS ANGELES ,90006.0,2.0,,34.0546991,-118.2979644,"(34.0546991, -118.2979644)",POINT (380208.83339912863 3768980.8300742805),1047 S. Fedora St.,90006.0,10.0,2021,5.0,50,0.1,2021,TOC,90006,,5.0,,,,,,TOC Tier 3,deduplicated_matched,1047 S. Fedora St.,34.0546991,-118.2979644,"(34.0546991, -118.2979644)",52.0,53.0,Koreatown
5078003003,1/22/2018,2018,10,951 S FEDORA ST,LOS ANGELES ,90006.0,2.0,,34.0546991,-118.2979644,"(34.0546991, -118.2979644)",POINT (380208.83339912863 3768980.8300742805),1100 S. Fedora St.,90006.0,1.0,2021,3.0,24,0.125,2021,TOC,90006,,3.0,,,,,,TOC Tier 2,deduplicated_matched,1100 S. Fedora St.,34.0545083,-118.2977231,"(34.0545083, -118.2977231)",52.0,53.0,Koreatown
5078003003,1/22/2018,2018,10,951 S FEDORA ST,LOS ANGELES ,90006.0,2.0,,34.0546991,-118.2979644,"(34.0546991, -118.2979644)",POINT (380208.83339912863 3768980.8300742805),936 S. Mariposa Ave.,90006.0,10.0,2021,3.0,23,0.1304347826086956,2021,TOC,90006,,3.0,,,,,,TOC Tier 3,deduplicated_matched,936 S. Mariposa Ave.,34.054664,-118.2984426,"(34.054664, -118.2984426)",52.0,53.0,Koreatown
5078003003,1/22/2018,2018,10,951 S FEDORA ST,LOS ANGELES ,90006.0,2.0,,34.0546991,-118.2979644,"(34.0546991, -118.2979644)",POINT (380208.83339912863 3768980.8300742805),970 S. Fedora St.,90006.0,10.0,2020,5.0,50,0.1,2020,TOC,90006,2021-11-19 00:00:00,5.0,,,,,,TOC Tier 3,deduplicated_matched,970 S. Fedora St.,34.0545083,-118.2977231,"(34.0545083, -118.2977231)",52.0,53.0,Koreatown
5078003003,1/22/2018,2018,10,951 S FEDORA ST,LOS ANGELES ,90006.0,2.0,,34.0546991,-118.2979644,"(34.0546991, -118.2979644)",POINT (380208.83339912863 3768980.8300742805),1053 S. Fedora St.,90006.0,10.0,2018,5.0,40,0.125,2018,DB,90006,,,,5.0,,,,,deduplicated_matched,1053 S. Fedora St.,34.0546991,-118.2979644,"(34.0546991, -118.2979644)",52.0,53.0,Koreatown
5078003003,1/22/2018,2018,10,951 S FEDORA ST,LOS ANGELES ,90006.0,2.0,,34.0546991,-118.2979644,"(34.0546991, -118.2979644)",POINT (380208.83339912863 3768980.8300742805),955 S. Fedora St.,90006.0,10.0,2018,6.0,60,0.1,2018,DB,90006,,,,5.0,1.0,,,,deduplicated_matched,955 S. Fedora St.,34.0546991,-118.2979644,"(34.0546991, -118.2979644)",52.0,53.0,Koreatown
5078003005,4/24/2018,2018,10,959 S FEDORA ST,LOS ANGELES ,90006.0,4.0,,34.0546991,-118.2979644,"(34.0546991, -118.2979644)",POINT (380208.83339912863 3768980.8300742805),1047 S. Fedora St.,90006.0,10.0,2021,5.0,50,0.1,2021,TOC,90006,,5.0,,,,,,TOC Tier 3,deduplicated_matched,1047 S. Fedora St.,34.0546991,-118.2979644,"(34.0546991, -118.2979644)",52.0,53.0,Koreatown
5078003005,4/24/2018,2018,10,959 S FEDORA ST,LOS ANGELES ,90006.0,4.0,,34.0546991,-118.2979644,"(34.0546991, -118.2979644)",POINT (380208.83339912863 3768980.8300742805),1100 S. Fedora St.,90006.0,1.0,2021,3.0,24,0.125,2021,TOC,90006,,3.0,,,,,,TOC Tier 2,deduplicated_matched,1100 S. Fedora St.,34.0545083,-118.2977231,"(34.0545083, -118.2977231)",52.0,53.0,Koreatown
5078003005,4/24/2018,2018,10,959 S FEDORA ST,LOS ANGELES ,90006.0,4.0,,34.0546991,-118.2979644,"(34.0546991, -118.2979644)",POINT (380208.83339912863 3768980.8300742805),936 S. Mariposa Ave.,90006.0,10.0,2021,3.0,23,0.1304347826086956,2021,TOC,90006,,3.0,,,,,,TOC Tier 3,deduplicated_matched,936 S. Mariposa Ave.,34.054664,-118.2984426,"(34.054664, -118.2984426)",52.0,53.0,Koreatown
5078003005,4/24/2018,2018,10,959 S FEDORA ST,LOS ANGELES ,90006.0,4.0,,34.0546991,-118.2979644,"(34.0546991, -118.2979644)",POINT (380208.83339912863 3768980.8300742805),970 S. Fedora St.,90006.0,10.0,2020,5.0,50,0.1,2020,TOC,90006,2021-11-19 00:00:00,5.0,,,,,,TOC Tier 3,deduplicated_matched,970 S. Fedora St.,34.0545083,-118.2977231,"(34.0545083, -118.2977231)",52.0,53.0,Koreatown
5078003005,4/24/2018,2018,10,959 S FEDORA ST,LOS ANGELES ,90006.0,4.0,,34.0546991,-118.2979644,"(34.0546991, -118.2979644)",POINT (380208.83339912863 3768980.8300742805),1053 S. Fedora St.,90006.0,10.0,2018,5.0,40,0.125,2018,DB,90006,,,,5.0,,,,,deduplicated_matched,1053 S. Fedora St.,34.0546991,-118.2979644,"(34.0546991, -118.2979644)",52.0,53.0,Koreatown
5078003005,4/24/2018,2018,10,959 S FEDORA ST,LOS ANGELES ,90006.0,4.0,,34.0546991,-118.2979644,"(34.0546991, -118.2979644)",POINT (380208.83339912863 3768980.8300742805),955 S. Fedora St.,90006.0,10.0,2018,6.0,60,0.1,2018,DB,90006,,,,5.0,1.0,,,,deduplicated_matched,955 S. Fedora St.,34.0546991,-118.2979644,"(34.0546991, -118.2979644)",52.0,53.0,Koreatown
5078004019,6/21/2017,2017,10,968 S FEDORA ST,LOS ANGELES ,90006.0,2.0,50.0,34.0545083,-118.2977231,"(34.0545083, -118.2977231)",POINT (380230.83638806106 3768959.389768785),936 S. Fedora St.,90006.0,10.0,2022,3.0,30,0.1,2022,TOC,90006,,3.0,,,,,,TOC Tier 3,deduplicated_matched,936 S. Fedora St.,34.0545788,-118.2974351,"(34.0545788, -118.2974351)",52.0,53.0,Koreatown
5078004019,6/21/2017,2017,10,968 S FEDORA ST,LOS ANGELES ,90006.0,2.0,50.0,34.0545083,-118.2977231,"(34.0545083, -118.2977231)",POINT (380230.83638806106 3768959.389768785),1047 S. Fedora St.,90006.0,10.0,2021,5.0,50,0.1,2021,TOC,90006,,5.0,,,,,,TOC Tier 3,deduplicated_matched,1047 S. Fedora St.,34.0546991,-118.2979644,"(34.0546991, -118.2979644)",52.0,53.0,Koreatown
5078004019,6/21/2017,2017,10,968 S FEDORA ST,LOS ANGELES ,90006.0,2.0,50.0,34.0545083,-118.2977231,"(34.0545083, -118.2977231)",POINT (380230.83638806106 3768959.389768785),1100 S. Fedora St.,90006.0,1.0,2021,3.0,24,0.125,2021,TOC,90006,,3.0,,,,,,TOC Tier 2,deduplicated_matched,1100 S. Fedora St.,34.0545083,-118.2977231,"(34.0545083, -118.2977231)",52.0,53.0,Koreatown
5078004019,6/21/2017,2017,10,968 S FEDORA ST,LOS ANGELES ,90006.0,2.0,50.0,34.0545083,-118.2977231,"(34.0545083, -118.2977231)",POINT (380230.83638806106 3768959.389768785),970 S. Fedora St.,90006.0,10.0,2020,5.0,50,0.1,2020,TOC,90006,2021-11-19 00:00:00,5.0,,,,,,TOC Tier 3,deduplicated_matched,970 S. Fedora St.,34.0545083,-118.2977231,"(34.0545083, -118.2977231)",52.0,53.0,Koreatown
5078004019,6/21/2017,2017,10,968 S FEDORA ST,LOS ANGELES ,90006.0,2.0,50.0,34.0545083,-118.2977231,"(34.0545083, -118.2977231)",POINT (380230.83638806106 3768959.389768785),1053 S. Fedora St.,90006.0,10.0,2018,5.0,40,0.125,2018,DB,90006,,,,5.0,,,,,deduplicated_matched,1053 S. Fedora St.,34.0546991,-118.2979644,"(34.0546991, -118.2979644)",52.0,53.0,Koreatown
5078004019,6/21/2017,2017,10,968 S FEDORA ST,LOS ANGELES ,90006.0,2.0,50.0,34.0545083,-118.2977231,"(34.0545083, -118.2977231)",POINT (380230.83638806106 3768959.389768785),955 S. Fedora St.,90006.0,10.0,2018,6.0,60,0.1,2018,DB,90006,,,,5.0,1.0,,,,deduplicated_matched,955 S. Fedora St.,34.0546991,-118.2979644,"(34.0546991, -118.2979644)",52.0,53.0,Koreatown
5078006018,4/3/2018,2018,10,974 S DEWEY AVE,LOS ANGELES ,90006.0,2.0,,34.053491,-118.2954865,"(34.053491, -118.2954865)",POINT (380435.84085751633 3768843.965278726),977 S. Catalina St.,90006.0,10.0,2020,5.0,49,0.1020408163265306,2020,TOC,90006,,5.0,,,,,,TOC Tier 3,deduplicated_matched,977 S. Catalina St.,34.0535005,-118.2949709,"(34.0535005, -118.2949709)",52.0,53.0,Koreatown
5078006028,12/19/2022,2022,10,975 S CATALINA ST,LOS ANGELES ,90006.0,4.0,,34.0535028,-118.2948965,"(34.0535028, -118.2948965)",POINT (380490.31369587453 3768844.584336893),977 S. Catalina St.,90006.0,10.0,2020,5.0,49,0.1020408163265306,2020,TOC,90006,,5.0,,,,,,TOC Tier 3,deduplicated_matched,977 S. Catalina St.,34.0535005,-118.2949709,"(34.0535005, -118.2949709)",52.0,53.0,Koreatown
5078007002,9/28/2022,2022,10,2974 W SAN MARINO ST,LOS ANGELES ,90006.0,4.0,,34.0543024,-118.2941221,"(34.0543024, -118.2941221)",POINT (380562.911499226 3768932.3472387264),954 S. Catalina St.,90006.0,10.0,2018,3.0,19,0.1578947368421052,2018,DB,90006,,,,,3.0,,,,deduplicated_matched,954 S. Catalina St.,34.0539754,-118.2942886,"(34.0539754, -118.2942886)",52.0,53.0,Koreatown
5078008035,5/10/2017,2017,10,950 S BERENDO ST,LOS ANGELES ,90006.0,7.0,,34.0541245,-118.2934076,"(34.0541245, -118.2934076)",POINT (380628.60891372483 3768911.785963454),950 S. Berendo St.,90006.0,10.0,2019,8.0,75,0.1066666666666666,2019,TOC,90006,,8.0,,,,,,5078-008-035,deduplicated_matched,950 S. Berendo St.,34.0541245,-118.2934076,"(34.0541245, -118.2934076)",52.0,53.0,Koreatown
5078012003,2/17/2017,2017,10,1021 S BERENDO ST,LOS ANGELES ,90006.0,4.0,,34.0520831,-118.2938656,"(34.0520831, -118.2938656)",POINT (380583.47342328227 3768685.9504748504),1035 S. Berendo St.,90006.0,10.0,2020,41.0,42,0.9761904761904762,2020,TOC,90006,2023-08-15 00:00:00,,,,41.0,,,TOC Tier 4,deduplicated_matched,1035 S. Berendo St.,34.051785,-118.2940178,"(34.051785, -118.2940178)",73.0,74.0,Pico-Union
5078012004,2/17/2017,2017,10,1025 S BERENDO ST,LOS ANGELES ,90006.0,6.0,44.0,34.0519957,-118.2938567,"(34.0519957, -118.2938567)",POINT (380584.1723252285 3768676.248335734),1035 S. Berendo St.,90006.0,10.0,2020,41.0,42,0.9761904761904762,2020,TOC,90006,2023-08-15 00:00:00,,,,41.0,,,TOC Tier 4,deduplicated_matched,1035 S. Berendo St.,34.051785,-118.2940178,"(34.051785, -118.2940178)",73.0,74.0,Pico-Union
5078012005,2/17/2017,2017,10,1029 S BERENDO ST,LOS ANGELES ,90006.0,4.0,,34.0519426,-118.2939412,"(34.0519426, -118.2939412)",POINT (380576.298470731 3768670.4587396863),1035 S. Berendo St.,90006.0,10.0,2020,41.0,42,0.9761904761904762,2020,TOC,90006,2023-08-15 00:00:00,,,,41.0,,,TOC Tier 4,deduplicated_matched,1035 S. Berendo St.,34.051785,-118.2940178,"(34.051785, -118.2940178)",73.0,74.0,Pico-Union
5078013005,12/23/2015,2015,10,1021 S CATALINA ST,LOS ANGELES ,90006.0,4.0,,34.052056,-118.2949315,"(34.052056, -118.2949315)",POINT (380485.0525084425 3768684.190127244),1019 S Catalina St,90006.0,10.0,2015,7.0,70,0.1,2015,DB,90006,2021-08-09 00:00:00,,,7.0,,,,,deduplicated_matched,1019 S Catalina St,34.0522052,-118.2949628,"(34.0522052, -118.2949628)",73.0,74.0,Pico-Union
5078014011,5/1/2017,2017,10,1053 S DEWEY AVE,LOS ANGELES ,90006.0,2.0,,34.051178,-118.2960712,"(34.051178, -118.2960712)",POINT (380378.62440822035 3768588.1611219486),1037 S. Dewey Ave.,90006.0,10.0,2022,6.0,60,0.1,2022,TOC,90006,,6.0,,,,,,TOC Tier 3,deduplicated_matched,1037 S. Dewey Ave.,34.0515471,-118.2960298,"(34.0515471, -118.2960298)",73.0,74.0,Pico-Union
5078014011,5/1/2017,2017,10,1053 S DEWEY AVE,LOS ANGELES ,90006.0,2.0,,34.051178,-118.2960712,"(34.051178, -118.2960712)",POINT (380378.62440822035 3768588.1611219486),1045 S. Dewey Ave.,90006.0,10.0,2020,7.0,67,0.1044776119402985,2020,TOC,90006,,7.0,,,,,,TOC Tier 3,deduplicated_matched,1045 S. Dewey Ave.,34.0513035,-118.2960428,"(34.0513035, -118.2960428)",73.0,74.0,Pico-Union
5078014012,1/31/2017,2017,10,1057 S DEWEY AVE,LOS ANGELES ,90006.0,5.0,,34.0510304,-118.2960764,"(34.0510304, -118.2960764)",POINT (380377.93709563743 3768571.799896098),1045 S. Dewey Ave.,90006.0,10.0,2020,7.0,67,0.1044776119402985,2020,TOC,90006,,7.0,,,,,,TOC Tier 3,deduplicated_matched,1045 S. Dewey Ave.,34.0513035,-118.2960428,"(34.0513035, -118.2960428)",73.0,74.0,Pico-Union
5078014048,10/9/2019,2019,10,1035 S DEWEY AVE,LOS ANGELES ,90006.0,5.0,,34.0516732,-118.2960578,"(34.0516732, -118.2960578)",POINT (380380.5568895254 3768643.0579901347),1037 S. Dewey Ave.,90006.0,10.0,2022,6.0,60,0.1,2022,TOC,90006,,6.0,,,,,,TOC Tier 3,deduplicated_matched,1037 S. Dewey Ave.,34.0515471,-118.2960298,"(34.0515471, -118.2960298)",73.0,74.0,Pico-Union
5078014048,10/9/2019,2019,10,1035 S DEWEY AVE,LOS ANGELES ,90006.0,5.0,,34.0516732,-118.2960578,"(34.0516732, -118.2960578)",POINT (380380.5568895254 3768643.0579901347),1045 S. Dewey Ave.,90006.0,10.0,2020,7.0,67,0.1044776119402985,2020,TOC,90006,,7.0,,,,,,TOC Tier 3,deduplicated_matched,1045 S. Dewey Ave.,34.0513035,-118.2960428,"(34.0513035, -118.2960428)",73.0,74.0,Pico-Union
5078015021,12/11/2013,2013,10,1024 S FEDORA ST,Los Angeles ,90006.0,7.0,,34.0545083,-118.2977231,"(34.0545083, -118.2977231)",POINT (380230.83638806106 3768959.389768785),936 S. Fedora St.,90006.0,10.0,2022,3.0,30,0.1,2022,TOC,90006,,3.0,,,,,,TOC Tier 3,deduplicated_matched,936 S. Fedora St.,34.0545788,-118.2974351,"(34.0545788, -118.2974351)",52.0,53.0,Koreatown
5078015021,12/11/2013,2013,10,1024 S FEDORA ST,Los Angeles ,90006.0,7.0,,34.0545083,-118.2977231,"(34.0545083, -118.2977231)",POINT (380230.83638806106 3768959.389768785),1047 S. Fedora St.,90006.0,10.0,2021,5.0,50,0.1,2021,TOC,90006,,5.0,,,,,,TOC Tier 3,deduplicated_matched,1047 S. Fedora St.,34.0546991,-118.2979644,"(34.0546991, -118.2979644)",52.0,53.0,Koreatown
5078015021,12/11/2013,2013,10,1024 S FEDORA ST,Los Angeles ,90006.0,7.0,,34.0545083,-118.2977231,"(34.0545083, -118.2977231)",POINT (380230.83638806106 3768959.389768785),1100 S. Fedora St.,90006.0,1.0,2021,3.0,24,0.125,2021,TOC,90006,,3.0,,,,,,TOC Tier 2,deduplicated_matched,1100 S. Fedora St.,34.0545083,-118.2977231,"(34.0545083, -118.2977231)",52.0,53.0,Koreatown
5078015021,12/11/2013,2013,10,1024 S FEDORA ST,Los Angeles ,90006.0,7.0,,34.0545083,-118.2977231,"(34.0545083, -118.2977231)",POINT (380230.83638806106 3768959.389768785),970 S. Fedora St.,90006.0,10.0,2020,5.0,50,0.1,2020,TOC,90006,2021-11-19 00:00:00,5.0,,,,,,TOC Tier 3,deduplicated_matched,970 S. Fedora St.,34.0545083,-118.2977231,"(34.0545083, -118.2977231)",52.0,53.0,Koreatown
5078015021,12/11/2013,2013,10,1024 S FEDORA ST,Los Angeles ,90006.0,7.0,,34.0545083,-118.2977231,"(34.0545083, -118.2977231)",POINT (380230.83638806106 3768959.389768785),1053 S. Fedora St.,90006.0,10.0,2018,5.0,40,0.125,2018,DB,90006,,,,5.0,,,,,deduplicated_matched,1053 S. Fedora St.,34.0546991,-118.2979644,"(34.0546991, -118.2979644)",52.0,53.0,Koreatown
5078015021,12/11/2013,2013,10,1024 S FEDORA ST,Los Angeles ,90006.0,7.0,,34.0545083,-118.2977231,"(34.0545083, -118.2977231)",POINT (380230.83638806106 3768959.389768785),955 S. Fedora St.,90006.0,10.0,2018,6.0,60,0.1,2018,DB,90006,,,,5.0,1.0,,,,deduplicated_matched,955 S. Fedora St.,34.0546991,-118.2979644,"(34.0546991, -118.2979644)",52.0,53.0,Koreatown
5078016010,6/20/2017,2017,10,1053 S FEDORA ST,LOS ANGELES ,90006.0,2.0,,34.0546991,-118.2979644,"(34.0546991, -118.2979644)",POINT (380208.83339912863 3768980.8300742805),1047 S. Fedora St.,90006.0,10.0,2021,5.0,50,0.1,2021,TOC,90006,,5.0,,,,,,TOC Tier 3,deduplicated_matched,1047 S. Fedora St.,34.0546991,-118.2979644,"(34.0546991, -118.2979644)",52.0,53.0,Koreatown
5078016010,6/20/2017,2017,10,1053 S FEDORA ST,LOS ANGELES ,90006.0,2.0,,34.0546991,-118.2979644,"(34.0546991, -118.2979644)",POINT (380208.83339912863 3768980.8300742805),1100 S. Fedora St.,90006.0,1.0,2021,3.0,24,0.125,2021,TOC,90006,,3.0,,,,,,TOC Tier 2,deduplicated_matched,1100 S. Fedora St.,34.0545083,-118.2977231,"(34.0545083, -118.2977231)",52.0,53.0,Koreatown
5078016010,6/20/2017,2017,10,1053 S FEDORA ST,LOS ANGELES ,90006.0,2.0,,34.0546991,-118.2979644,"(34.0546991, -118.2979644)",POINT (380208.83339912863 3768980.8300742805),936 S. Mariposa Ave.,90006.0,10.0,2021,3.0,23,0.1304347826086956,2021,TOC,90006,,3.0,,,,,,TOC Tier 3,deduplicated_matched,936 S. Mariposa Ave.,34.054664,-118.2984426,"(34.054664, -118.2984426)",52.0,53.0,Koreatown
5078016010,6/20/2017,2017,10,1053 S FEDORA ST,LOS ANGELES ,90006.0,2.0,,34.0546991,-118.2979644,"(34.0546991, -118.2979644)",POINT (380208.83339912863 3768980.8300742805),970 S. Fedora St.,90006.0,10.0,2020,5.0,50,0.1,2020,TOC,90006,2021-11-19 00:00:00,5.0,,,,,,TOC Tier 3,deduplicated_matched,970 S. Fedora St.,34.0545083,-118.2977231,"(34.0545083, -118.2977231)",52.0,53.0,Koreatown
5078016010,6/20/2017,2017,10,1053 S FEDORA ST,LOS ANGELES ,90006.0,2.0,,34.0546991,-118.2979644,"(34.0546991, -118.2979644)",POINT (380208.83339912863 3768980.8300742805),1053 S. Fedora St.,90006.0,10.0,2018,5.0,40,0.125,2018,DB,90006,,,,5.0,,,,,deduplicated_matched,1053 S. Fedora St.,34.0546991,-118.2979644,"(34.0546991, -118.2979644)",52.0,53.0,Koreatown
5078016010,6/20/2017,2017,10,1053 S FEDORA ST,LOS ANGELES ,90006.0,2.0,,34.0546991,-118.2979644,"(34.0546991, -118.2979644)",POINT (380208.83339912863 3768980.8300742805),955 S. Fedora St.,90006.0,10.0,2018,6.0,60,0.1,2018,DB,90006,,,,5.0,1.0,,,,deduplicated_matched,955 S. Fedora St.,34.0546991,-118.2979644,"(34.0546991, -118.2979644)",52.0,53.0,Koreatown
5078017004,8/7/2019,2019,10,1017 S MARIPOSA AVE,LOS ANGELES ,90006.0,6.0,,34.0521521,-118.2992416,"(34.0521521, -118.2992416)",POINT (380087.3640808504 3768699.8904271214),1025 S. Mariposa Ave.,90006.0,10.0,2022,10.0,100,0.1,2022,TOC,90006,,10.0,,,,,,TOC Tier 3,deduplicated_matched,1025 S. Mariposa Ave.,34.051921,-118.2991911,"(34.051921, -118.2991911)",73.0,74.0,Pico-Union
5078017007,8/7/2019,2019,10,1029 S MARIPOSA AVE,LOS ANGELES ,90006.0,4.0,,34.0517805,-118.2991492,"(34.0517805, -118.2991492)",POINT (380095.3693596221 3768658.5755191515),1025 S. Mariposa Ave.,90006.0,10.0,2022,10.0,100,0.1,2022,TOC,90006,,10.0,,,,,,TOC Tier 3,deduplicated_matched,1025 S. Mariposa Ave.,34.051921,-118.2991911,"(34.051921, -118.2991911)",73.0,74.0,Pico-Union
5078019007,7/31/2017,2017,10,1127 S NORMANDIE AVE,LOS ANGELES ,90006.0,3.0,,34.0499805,-118.3001797,"(34.0499805, -118.3001797)",POINT (379997.7168963528 3768460.1824228307),1124 S. Normandie Ave.,90006.0,1.0,2020,8.0,84,0.0952380952380952,2020,TOC,90006,,8.0,,,,,,TOC Tier 2,deduplicated_matched,1124 S. Normandie Ave.,34.0501118,-118.2996862,"(34.0501118, -118.2996862)",43.0,44.0,Harvard Heights
5078020018,6/25/2019,2019,1,1138 S NORMANDIE AVE,LOS ANGELES ,90006.0,2.0,,34.0497483,-118.299688,"(34.0497483, -118.299688)",POINT (380042.77501754765 3768433.857198578),1124 S. Normandie Ave.,90006.0,1.0,2020,8.0,84,0.0952380952380952,2020,TOC,90006,,8.0,,,,,,TOC Tier 2,deduplicated_matched,1124 S. Normandie Ave.,34.0501118,-118.2996862,"(34.0501118, -118.2996862)",73.0,74.0,Pico-Union
5078020019,12/20/2017,2017,1,1134 S NORMANDIE AVE,LOS ANGELES ,90006.0,4.0,,34.0498317,-118.2996862,"(34.0498317, -118.2996862)",POINT (380043.0586440666 3768443.1032844395),1124 S. Normandie Ave.,90006.0,1.0,2020,8.0,84,0.0952380952380952,2020,TOC,90006,,8.0,,,,,,TOC Tier 2,deduplicated_matched,1124 S. Normandie Ave.,34.0501118,-118.2996862,"(34.0501118, -118.2996862)",73.0,74.0,Pico-Union
5078022028,7/9/2018,2018,1,1100 S FEDORA ST,LOS ANGELES ,90006.0,3.0,,34.0545083,-118.2977231,"(34.0545083, -118.2977231)",POINT (380230.83638806106 3768959.389768785),936 S. Fedora St.,90006.0,10.0,2022,3.0,30,0.1,2022,TOC,90006,,3.0,,,,,,TOC Tier 3,deduplicated_matched,936 S. Fedora St.,34.0545788,-118.2974351,"(34.0545788, -118.2974351)",52.0,53.0,Koreatown
5078022028,7/9/2018,2018,1,1100 S FEDORA ST,LOS ANGELES ,90006.0,3.0,,34.0545083,-118.2977231,"(34.0545083, -118.2977231)",POINT (380230.83638806106 3768959.389768785),1047 S. Fedora St.,90006.0,10.0,2021,5.0,50,0.1,2021,TOC,90006,,5.0,,,,,,TOC Tier 3,deduplicated_matched,1047 S. Fedora St.,34.0546991,-118.2979644,"(34.0546991, -118.2979644)",52.0,53.0,Koreatown
5078022028,7/9/2018,2018,1,1100 S FEDORA ST,LOS ANGELES ,90006.0,3.0,,34.0545083,-118.2977231,"(34.0545083, -118.2977231)",POINT (380230.83638806106 3768959.389768785),1100 S. Fedora St.,90006.0,1.0,2021,3.0,24,0.125,2021,TOC,90006,,3.0,,,,,,TOC Tier 2,deduplicated_matched,1100 S. Fedora St.,34.0545083,-118.2977231,"(34.0545083, -118.2977231)",52.0,53.0,Koreatown
5078022028,7/9/2018,2018,1,1100 S FEDORA ST,LOS ANGELES ,90006.0,3.0,,34.0545083,-118.2977231,"(34.0545083, -118.2977231)",POINT (380230.83638806106 3768959.389768785),970 S. Fedora St.,90006.0,10.0,2020,5.0,50,0.1,2020,TOC,90006,2021-11-19 00:00:00,5.0,,,,,,TOC Tier 3,deduplicated_matched,970 S. Fedora St.,34.0545083,-118.2977231,"(34.0545083, -118.2977231)",52.0,53.0,Koreatown
5078022028,7/9/2018,2018,1,1100 S FEDORA ST,LOS ANGELES ,90006.0,3.0,,34.0545083,-118.2977231,"(34.0545083, -118.2977231)",POINT (380230.83638806106 3768959.389768785),1053 S. Fedora St.,90006.0,10.0,2018,5.0,40,0.125,2018,DB,90006,,,,5.0,,,,,deduplicated_matched,1053 S. Fedora St.,34.0546991,-118.2979644,"(34.0546991, -118.2979644)",52.0,53.0,Koreatown
5078022028,7/9/2018,2018,1,1100 S FEDORA ST,LOS ANGELES ,90006.0,3.0,,34.0545083,-118.2977231,"(34.0545083, -118.2977231)",POINT (380230.83638806106 3768959.389768785),955 S. Fedora St.,90006.0,10.0,2018,6.0,60,0.1,2018,DB,90006,,,,5.0,1.0,,,,deduplicated_matched,955 S. Fedora St.,34.0546991,-118.2979644,"(34.0546991, -118.2979644)",52.0,53.0,Koreatown
5078033013,11/6/2023,2023,1,1242 S FEDORA ST,LOS ANGELES ,90006.0,2.0,,34.0545083,-118.2977231,"(34.0545083, -118.2977231)",POINT (380230.83638806106 3768959.389768785),936 S. Fedora St.,90006.0,10.0,2022,3.0,30,0.1,2022,TOC,90006,,3.0,,,,,,TOC Tier 3,deduplicated_matched,936 S. Fedora St.,34.0545788,-118.2974351,"(34.0545788, -118.2974351)",52.0,53.0,Koreatown
5078033013,11/6/2023,2023,1,1242 S FEDORA ST,LOS ANGELES ,90006.0,2.0,,34.0545083,-118.2977231,"(34.0545083, -118.2977231)",POINT (380230.83638806106 3768959.389768785),1047 S. Fedora St.,90006.0,10.0,2021,5.0,50,0.1,2021,TOC,90006,,5.0,,,,,,TOC Tier 3,deduplicated_matched,1047 S. Fedora St.,34.0546991,-118.2979644,"(34.0546991, -118.2979644)",52.0,53.0,Koreatown
5078033013,11/6/2023,2023,1,1242 S FEDORA ST,LOS ANGELES ,90006.0,2.0,,34.0545083,-118.2977231,"(34.0545083, -118.2977231)",POINT (380230.83638806106 3768959.389768785),1100 S. Fedora St.,90006.0,1.0,2021,3.0,24,0.125,2021,TOC,90006,,3.0,,,,,,TOC Tier 2,deduplicated_matched,1100 S. Fedora St.,34.0545083,-118.2977231,"(34.0545083, -118.2977231)",52.0,53.0,Koreatown
5078033013,11/6/2023,2023,1,1242 S FEDORA ST,LOS ANGELES ,90006.0,2.0,,34.0545083,-118.2977231,"(34.0545083, -118.2977231)",POINT (380230.83638806106 3768959.389768785),970 S. Fedora St.,90006.0,10.0,2020,5.0,50,0.1,2020,TOC,90006,2021-11-19 00:00:00,5.0,,,,,,TOC Tier 3,deduplicated_matched,970 S. Fedora St.,34.0545083,-118.2977231,"(34.0545083, -118.2977231)",52.0,53.0,Koreatown
5078033013,11/6/2023,2023,1,1242 S FEDORA ST,LOS ANGELES ,90006.0,2.0,,34.0545083,-118.2977231,"(34.0545083, -118.2977231)",POINT (380230.83638806106 3768959.389768785),1053 S. Fedora St.,90006.0,10.0,2018,5.0,40,0.125,2018,DB,90006,,,,5.0,,,,,deduplicated_matched,1053 S. Fedora St.,34.0546991,-118.2979644,"(34.0546991, -118.2979644)",52.0,53.0,Koreatown
5078033013,11/6/2023,2023,1,1242 S FEDORA ST,LOS ANGELES ,90006.0,2.0,,34.0545083,-118.2977231,"(34.0545083, -118.2977231)",POINT (380230.83638806106 3768959.389768785),955 S. Fedora St.,90006.0,10.0,2018,6.0,60,0.1,2018,DB,90006,,,,5.0,1.0,,,,deduplicated_matched,955 S. Fedora St.,34.0546991,-118.2979644,"(34.0546991, -118.2979644)",52.0,53.0,Koreatown
5078035018,7/19/2021,2021,1,1238 S NORMANDIE AVE,LOS ANGELES ,90006.0,3.0,,34.0478996,-118.2997319,"(34.0478996, -118.2997319)",POINT (380036.1187252307 3768228.907015591),1228 S NORMANDIE AVE,,,2023,74.0,75,0.9866666666666668,2023,ED1,,,0.0,,19.0,55.0,0.0,0.0,,ed1,1228 S NORMANDIE AVE,34.0481663,-118.2997428,"(34.0481663, -118.2997428)",73.0,74.0,Pico-Union
5078035020,7/19/2021,2021,1,1228 S NORMANDIE AVE,LOS ANGELES ,90006.0,2.0,,34.0481663,-118.2997428,"(34.0481663, -118.2997428)",POINT (380035.48828768684 3768258.4940570705),1228 S NORMANDIE AVE,,,2023,74.0,75,0.9866666666666668,2023,ED1,,,0.0,,19.0,55.0,0.0,0.0,,ed1,1228 S NORMANDIE AVE,34.0481663,-118.2997428,"(34.0481663, -118.2997428)",73.0,74.0,Pico-Union
5080017009,9/5/2018,2018,10,1015 S HOBART BLVD,LOS ANGELES ,90006.0,3.0,252.0,34.052136,-118.3054776,"(34.052136, -118.3054776)",POINT (379511.75648276735 3768705.432339241),3170 W. Olympic Blvd.,90006.0,10.0,2020,46.0,252,0.1825396825396825,2020,Other/Discretionary,90006,2023-12-27 00:00:00,,,46.0,,,,Conditional Use; Site Plan Review,deduplicated_matched,3170 W. Olympic Blvd.,34.0523545,-118.3054645,"(34.0523545, -118.3054645)",43.0,44.0,Harvard Heights
5080018055,12/10/2019,2019,10,1120 S SERRANO AVE,LOS ANGELES ,90006.0,3.0,,34.0502069,-118.3060253,"(34.0502069, -118.3060253)",POINT (379458.4727769166 3768492.1600950235),1120 S. Serrano Ave.,90006.0,10.0,2019,6.0,52,0.1153846153846153,2019,TOC,90006,,6.0,,,,,,TOC Tier 3,deduplicated_matched,1120 S. Serrano Ave.,34.0502069,-118.3060253,"(34.0502069, -118.3060253)",43.0,44.0,Harvard Heights
5080021017,4/24/2015,2015,10,1115 S HARVARD BLVD,LOS ANGELES ,90006.0,2.0,,34.050345,-118.3044766,"(34.050345, -118.3044766)",POINT (379601.61687062157 3768505.650267981),3050 W. 11th St.,90006.0,10.0,2019,5.0,39,0.1282051282051282,2019,TOC,90006,,4.0,,1.0,,,,TOC Tier 3,deduplicated_matched,3050 W. 11th St.,34.05068,-118.30482,"(34.05068, -118.30482)",43.0,44.0,Harvard Heights
5080021017,4/24/2015,2015,10,1115 S HARVARD BLVD,LOS ANGELES ,90006.0,2.0,,34.050345,-118.3044766,"(34.050345, -118.3044766)",POINT (379601.61687062157 3768505.650267981),1101 South Harvard Blvd,90006.0,10.0,2014,4.0,40,0.1,2014,DB,90006,2018-03-19 00:00:00,,,4.0,,,,,deduplicated_matched,1101 South Harvard Blvd,34.0507589,-118.3043885,"(34.0507589, -118.3043885)",43.0,44.0,Harvard Heights
5080021027,11/6/2007,2007,10,1101 S HARVARD BLVD,Los Angeles ,90006.0,7.0,,34.0507589,-118.3043885,"(34.0507589, -118.3043885)",POINT (379610.3338661947 3768551.4438509834),3050 W. 11th St.,90006.0,10.0,2019,5.0,39,0.1282051282051282,2019,TOC,90006,,4.0,,1.0,,,,TOC Tier 3,deduplicated_matched,3050 W. 11th St.,34.05068,-118.30482,"(34.05068, -118.30482)",43.0,44.0,Harvard Heights
5080021027,11/6/2007,2007,10,1101 S HARVARD BLVD,Los Angeles ,90006.0,7.0,,34.0507589,-118.3043885,"(34.0507589, -118.3043885)",POINT (379610.3338661947 3768551.4438509834),1101 South Harvard Blvd,90006.0,10.0,2014,4.0,40,0.1,2014,DB,90006,2018-03-19 00:00:00,,,4.0,,,,,deduplicated_matched,1101 South Harvard Blvd,34.0507589,-118.3043885,"(34.0507589, -118.3043885)",43.0,44.0,Harvard Heights
5080021071,3/20/2019,2019,10,1100 S HOBART BLVD,LOS ANGELES ,90006.0,7.0,,34.0506569,-118.3047758,"(34.0506569, -118.3047758)",POINT (379574.4411053594 3768540.588938672),3050 W. 11th St.,90006.0,10.0,2019,5.0,39,0.1282051282051282,2019,TOC,90006,,4.0,,1.0,,,,TOC Tier 3,deduplicated_matched,3050 W. 11th St.,34.05068,-118.30482,"(34.05068, -118.30482)",43.0,44.0,Harvard Heights
5080021071,3/20/2019,2019,10,1100 S HOBART BLVD,LOS ANGELES ,90006.0,7.0,,34.0506569,-118.3047758,"(34.0506569, -118.3047758)",POINT (379574.4411053594 3768540.588938672),1101 South Harvard Blvd,90006.0,10.0,2014,4.0,40,0.1,2014,DB,90006,2018-03-19 00:00:00,,,4.0,,,,,deduplicated_matched,1101 South Harvard Blvd,34.0507589,-118.3043885,"(34.0507589, -118.3043885)",43.0,44.0,Harvard Heights
5080022014,4/10/2019,2019,10,1012 S HOBART BLVD,LOS ANGELES ,90006.0,2.0,,34.0522185,-118.3049823,"(34.0522185, -118.3049823)",POINT (379557.58955572697 3768713.997489837),3170 W. Olympic Blvd.,90006.0,10.0,2020,46.0,252,0.1825396825396825,2020,Other/Discretionary,90006,2023-12-27 00:00:00,,,46.0,,,,Conditional Use; Site Plan Review,deduplicated_matched,3170 W. Olympic Blvd.,34.0523545,-118.3054645,"(34.0523545, -118.3054645)",43.0,44.0,Harvard Heights
5080030003,1/14/2015,2015,10,1015 S ARDMORE AVE,LOS ANGELES ,90006.0,10.0,0.0,34.0521488,-118.3023795,"(34.0521488, -118.3023795)",POINT (379797.73030469875 3768703.2071043495),3060 W Olympic Blvd,90006.0,10.0,2016,19.0,226,0.084070796460177,2016,DB,90006,2018-09-17 00:00:00,,,19.0,,,,,deduplicated_matched,3060 W Olympic Blvd,34.0522197,-118.3026096,"(34.0522197, -118.3026096)",43.0,44.0,Harvard Heights
5080030004,1/14/2015,2015,10,1021 S ARDMORE AVE,LOS ANGELES ,90006.0,8.0,0.0,34.0519588,-118.3023785,"(34.0519588, -118.3023785)",POINT (379797.554391257 3768682.1368808844),3060 W Olympic Blvd,90006.0,10.0,2016,19.0,226,0.084070796460177,2016,DB,90006,2018-09-17 00:00:00,,,19.0,,,,,deduplicated_matched,3060 W Olympic Blvd,34.0522197,-118.3026096,"(34.0522197, -118.3026096)",43.0,44.0,Harvard Heights
5080030020,2/17/2016,2016,10,1024 S KINGSLEY DR,LOS ANGELES ,90006.0,2.0,226.0,34.0518949,-118.3029124,"(34.0518949, -118.3029124)",POINT (379748.184893386 3768675.6784900078),3060 W Olympic Blvd,90006.0,10.0,2016,19.0,226,0.084070796460177,2016,DB,90006,2018-09-17 00:00:00,,,19.0,,,,,deduplicated_matched,3060 W Olympic Blvd,34.0522197,-118.3026096,"(34.0522197, -118.3026096)",43.0,44.0,Harvard Heights
5080030022,1/14/2015,2015,10,1016 S KINGSLEY DR,LOS ANGELES ,90006.0,11.0,0.0,34.0521748,-118.3029874,"(34.0521748, -118.3029874)",POINT (379741.657653474 3768706.804691701),3060 W Olympic Blvd,90006.0,10.0,2016,19.0,226,0.084070796460177,2016,DB,90006,2018-09-17 00:00:00,,,19.0,,,,,deduplicated_matched,3060 W Olympic Blvd,34.0522197,-118.3026096,"(34.0522197, -118.3026096)",43.0,44.0,Harvard Heights
5080030023,2/17/2016,2016,10,1008 S KINGSLEY DR,LOS ANGELES ,90006.0,2.0,0.0,34.0522728,-118.3028035,"(34.0522728, -118.3028035)",POINT (379758.7700673828 3768717.455716409),3060 W Olympic Blvd,90006.0,10.0,2016,19.0,226,0.084070796460177,2016,DB,90006,2018-09-17 00:00:00,,,19.0,,,,,deduplicated_matched,3060 W Olympic Blvd,34.0522197,-118.3026096,"(34.0522197, -118.3026096)",43.0,44.0,Harvard Heights
5080031003,7/18/2007,2007,10,959 S ARDMORE AVE,Los Angeles ,90006.0,6.0,,34.0538127,-118.302413,"(34.0538127, -118.302413)",POINT (379796.98720934434 3768887.755914631),"959 S. Ardmore Ave, Los Angeles 90006",90006.0,10.0,2010,48.0,48,1.0,2010,DB,90006,2010-08-04 00:00:00,,,,48.0,,,,deduplicated_matched,"959 S. Ardmore Ave, Los Angeles",34.0538127,-118.302413,"(34.0538127, -118.302413)",52.0,53.0,Koreatown
5080031004,7/18/2007,2007,10,963 S ARDMORE AVE,Los Angeles ,90006.0,11.0,,34.05373,-118.3022604,"(34.05373, -118.3022604)",POINT (379810.9552256217 3768878.4060272845),"959 S. Ardmore Ave, Los Angeles 90006",90006.0,10.0,2010,48.0,48,1.0,2010,DB,90006,2010-08-04 00:00:00,,,,48.0,,,,deduplicated_matched,"959 S. Ardmore Ave, Los Angeles",34.0538127,-118.302413,"(34.0538127, -118.302413)",52.0,53.0,Koreatown
5081010007,1/25/2012,2012,10,1040 S NORTON AVE,Los Angeles ,90019.0,5.0,0.0,34.0525936,-118.3208819,"(34.0525936, -118.3208819)",POINT (378090.58719735726 3768774.4259754648),1058 S NORTON AVE,,,2024,94.0,94,1.0,2024,ED1,,,0.0,,0.0,73.0,21.0,0.0,,ed1,1058 S NORTON AVE,34.0522063,-118.3211555,"(34.0522063, -118.3211555)",2.0,3.0,Arlington Heights
5083031002,4/26/2017,2017,10,4506 W DOCKWEILER ST,LOS ANGELES ,90019.0,4.0,,34.0501453,-118.3335627,"(34.0501453, -118.3335627)",POINT (376916.6080630772 3768518.117914571),4506 W. Dockweiler St.,90019.0,10.0,2019,4.0,20,0.2,2019,TOC,90019,2024-05-28 00:00:00,1.0,,3.0,,,,TOC Tier 2,deduplicated_matched,4506 W. Dockweiler St.,34.0501453,-118.3335627,"(34.0501453, -118.3335627)",61.0,62.0,Mid-Wilshire
5084006006,8/14/2018,2018,5,930 S MANSFIELD AVE,LOS ANGELES ,90036.0,4.0,,34.0579161,-118.3419362,"(34.0579161, -118.3419362)",POINT (376155.0125631733 3769389.9312415337),930 S. Mansfield Ave.,90036.0,5.0,2021,2.0,19,0.1052631578947368,2021,TOC,90036,,2.0,,,,,,TOC Tier 3,deduplicated_matched,930 S. Mansfield Ave.,34.0579161,-118.3419362,"(34.0579161, -118.3419362)",61.0,62.0,Mid-Wilshire
5085014001,2/14/2018,2018,10,5360 W SAN VICENTE BLVD,LOS ANGELES ,90019.0,4.0,,34.0553087,-118.357837,"(34.0553087, -118.357837)",POINT (374683.6143774436 3769120.161768317),5360 W. San Vicente Blvd.,90019.0,10.0,2018,1.0,8,0.125,2018,DB,90019,,,,1.0,,,,,deduplicated_matched,5360 W. San Vicente Blvd.,34.0553087,-118.357837,"(34.0553087, -118.357837)",61.0,62.0,Mid-Wilshire
5085014001,2/14/2018,2018,10,5360 W SAN VICENTE BLVD,LOS ANGELES ,90019.0,4.0,,34.0553087,-118.357837,"(34.0553087, -118.357837)",POINT (374683.6143774436 3769120.161768317),5750 W SAN VICENTE BLVD 1-8,,,2024,45.0,46,0.9782608695652174,2024,ED1,,,0.0,,4.0,38.0,3.0,0.0,,ed1,5750 W SAN VICENTE BLVD,34.0553087,-118.357837,"(34.0553087, -118.357837)",61.0,62.0,Mid-Wilshire
5086010012,10/21/2015,2015,5,720 S ORANGE GROVE AVE,LOS ANGELES ,90036.0,4.0,,34.0620496,-118.3605677,"(34.0620496, -118.3605677)",POINT (374441.519966654 3769871.014549297),739 South Ogden Drive,90036.0,5.0,2014,4.0,45,0.0888888888888888,2014,DB,90036,2015-09-15 00:00:00,,,4.0,,,,,deduplicated_matched,739 South Ogden Drive,34.0616079,-118.3604877,"(34.0616079, -118.3604877)",61.0,62.0,Mid-Wilshire
5086010013,10/21/2015,2015,5,716 S ORANGE GROVE AVE,LOS ANGELES ,90036.0,4.0,,34.0620317,-118.3604195,"(34.0620317, -118.3604195)",POINT (374455.17100258276 3769868.847666318),739 South Ogden Drive,90036.0,5.0,2014,4.0,45,0.0888888888888888,2014,DB,90036,2015-09-15 00:00:00,,,4.0,,,,,deduplicated_matched,739 South Ogden Drive,34.0616079,-118.3604877,"(34.0616079, -118.3604877)",61.0,62.0,Mid-Wilshire
5086012032,5/2/2018,2018,5,951 S OGDEN DR,LOS ANGELES ,90036.0,6.0,,34.0581229,-118.3618903,"(34.0581229, -118.3618903)",POINT (374313.65888262383 3769437.2039152244),951 S. Ogden Dr.,90036.0,5.0,2019,6.0,57,0.1052631578947368,2019,TOC,90036,,6.0,,,,,,TOC Tier 3,deduplicated_matched,951 S. Ogden Dr.,34.0581229,-118.3618903,"(34.0581229, -118.3618903)",61.0,62.0,Mid-Wilshire
5087001024,1/28/2009,2009,5,1042 S LA CIENEGA BLVD,Los Angeles ,90035.0,36.0,,34.057984,-118.3759209,"(34.057984, -118.3759209)",POINT (373018.5004618069 3769439.1312739737),1056 S. La Cienega Blvd.,90035.0,5.0,2018,8.0,90,0.0888888888888888,2018,DB,90035,,,,8.0,,,,,deduplicated_matched,1056 S. La Cienega Blvd.,34.0578603,-118.3759788,"(34.0578603, -118.3759788)",13.0,14.0,Carthay
5089005010,8/7/2017,2017,5,744 S RIDGELEY DR,LOS ANGELES ,90036.0,6.0,7.0,34.0610359,-118.350732,"(34.0610359, -118.350732)",POINT (375347.7755092615 3769746.572959122),740 S Ridgeley Dr,90036.0,5.0,2016,2.0,25,0.08,2016,DB,90036,2020-07-02 00:00:00,,,2.0,,,,,deduplicated_matched,740 S Ridgeley Dr,34.0612445,-118.350781,"(34.0612445, -118.350781)",61.0,62.0,Mid-Wilshire
5092022006,4/11/2023,2023,5,3778 W 9TH ST,LOS ANGELES ,90019.0,2.0,,34.05567000000001,-118.3137096,"(34.05567000000001, -118.3137096)",POINT (378756.97170079476 3769107.04368873),900 S WILTON PL,,,2024,79.0,80,0.9875,2024,ED1,,,0.0,,2.0,61.0,16.0,0.0,,ed1,900 S WILTON PL,34.0556789,-118.3140753,"(34.0556789, -118.3140753)",52.0,53.0,Koreatown
5092022007,4/11/2023,2023,5,900 S WILTON PL,LOS ANGELES ,90019.0,2.0,,34.0556789,-118.3140753,"(34.0556789, -118.3140753)",POINT (378723.23148730915 3769108.4641320747),900 S WILTON PL,,,2024,79.0,80,0.9875,2024,ED1,,,0.0,,2.0,61.0,16.0,0.0,,ed1,900 S WILTON PL,34.0556789,-118.3140753,"(34.0556789, -118.3140753)",52.0,53.0,Koreatown
5092025019,6/2/2016,2016,5,848 S GRAMERCY PL,LOS ANGELES ,90005.0,2.0,,34.0566052,-118.3129064,"(34.0566052, -118.3129064)",POINT (378832.43537276937 3769209.796254756),861 S. Gramercy Pl.,90005.0,5.0,2021,4.0,33,0.1212121212121212,2021,TOC,90005,,4.0,,,,,,TOC Tier 3,deduplicated_matched,861 S. Gramercy Pl.,34.0563391,-118.3133343,"(34.0563391, -118.3133343)",52.0,53.0,Koreatown
5092026010,2/5/2021,2021,5,857 S GRAMERCY PL,LOS ANGELES ,90005.0,3.0,,34.056401,-118.313511,"(34.056401, -118.313511)",POINT (378776.3426684909 3769187.868883787),861 S. Gramercy Pl.,90005.0,5.0,2021,4.0,33,0.1212121212121212,2021,TOC,90005,,4.0,,,,,,TOC Tier 3,deduplicated_matched,861 S. Gramercy Pl.,34.0563391,-118.3133343,"(34.0563391, -118.3133343)",52.0,53.0,Koreatown
5092027007,6/3/2019,2019,5,726 S WILTON PL,LOS ANGELES ,90005.0,4.0,,34.05903929999999,-118.3139537,"(34.05903929999999, -118.3139537)",POINT (378739.24131817475 3769480.954762627),726 S. Wilton Pl.,90005.0,5.0,2020,5.0,25,0.2,2020,TOC,90005,2024-08-26 00:00:00,3.0,,1.0,1.0,,,TOC Tier 3,deduplicated_matched,726 S. Wilton Pl.,34.05903929999999,-118.3139537,"(34.05903929999999, -118.3139537)",52.0,53.0,Koreatown
5092027008,12/30/2016,2016,5,732 S WILTON PL,LOS ANGELES ,90005.0,2.0,,34.0589163,-118.3139718,"(34.0589163, -118.3139718)",POINT (378737.3956035221 3769467.3367467034),726 S. Wilton Pl.,90005.0,5.0,2020,5.0,25,0.2,2020,TOC,90005,2024-08-26 00:00:00,3.0,,1.0,1.0,,,TOC Tier 3,deduplicated_matched,726 S. Wilton Pl.,34.05903929999999,-118.3139537,"(34.05903929999999, -118.3139537)",52.0,53.0,Koreatown
5092027019,4/10/2023,2023,5,727 S GRAMERCY PL,LOS ANGELES ,90005.0,2.0,,34.0589412,-118.3134834,"(34.0589412, -118.3134834)",POINT (378782.5070313889 3769469.5189763755),726 S. Wilton Pl.,90005.0,5.0,2020,5.0,25,0.2,2020,TOC,90005,2024-08-26 00:00:00,3.0,,1.0,1.0,,,TOC Tier 3,deduplicated_matched,726 S. Wilton Pl.,34.05903929999999,-118.3139537,"(34.05903929999999, -118.3139537)",52.0,53.0,Koreatown
5093004009,5/11/2022,2022,5,734 S MANHATTAN PL,LOS ANGELES ,90005.0,4.0,,34.0585993,-118.3098782,"(34.0585993, -118.3098782)",POINT (379114.7565654026 3769427.3388798926),728 S. Manhattan Pl.,90005.0,5.0,2022,6.0,60,0.1,2022,TOC,90005,,6.0,,,,,,TOC Tier 3,deduplicated_matched,728 S. Manhattan Pl.,34.0588017,-118.3098885,"(34.0588017, -118.3098885)",52.0,53.0,Koreatown
5093004014,12/2/2014,2014,5,700 S MANHATTAN PL,LOS ANGELES ,90005.0,7.0,160.0,34.0594172,-118.3098895,"(34.0594172, -118.3098895)",POINT (379114.8751114039 3769518.049143686),700 S Manhattan Pl,90005.0,5.0,2016,13.0,160,0.08125,2016,DB,90005,2020-03-25 00:00:00,,,13.0,,,,,deduplicated_matched,700 S Manhattan Pl,34.0594172,-118.3098895,"(34.0594172, -118.3098895)",52.0,53.0,Koreatown
5093017018,11/7/2014,2014,10,837 S HARVARD BLVD,Los Angeles ,90005.0,7.0,,34.0567536,-118.3044356,"(34.0567536, -118.3044356)",POINT (379614.4626237085 3769216.2503149705),837 S Harvard Blvd,90005.0,10.0,2015,5.0,65,0.0769230769230769,2015,DB,90005,2019-03-11 00:00:00,,,5.0,,,,,deduplicated_matched,837 S Harvard Blvd,34.0567536,-118.3044356,"(34.0567536, -118.3044356)",52.0,53.0,Koreatown
5093022007,5/5/2017,2017,10,826 S HARVARD BLVD,LOS ANGELES ,90005.0,7.0,131.0,34.0568506,-118.3038353,"(34.0568506, -118.3038353)",POINT (379670.0046269697 3769226.3002743516),825 S. Kingsley Dr.,90005.0,10.0,2018,8.0,90,0.0888888888888888,2018,DB,90005,,,,8.0,,,,,deduplicated_matched,825 S. Kingsley Dr.,34.0570018,-118.30334,"(34.0570018, -118.30334)",52.0,53.0,Koreatown
5093022009,6/14/2017,2017,10,818 S HARVARD BLVD,LOS ANGELES ,90005.0,8.0,0.0,34.0571281,-118.3039231,"(34.0571281, -118.3039231)",POINT (379662.29335255414 3769257.1754960255),800 S. Harvard Blvd.,90005.0,10.0,2018,11.0,131,0.0839694656488549,2018,DB,90005,2021-02-12 00:00:00,,,11.0,,,,,deduplicated_matched,800 S. Harvard Blvd.,34.05747,-118.30403,"(34.05747, -118.30403)",52.0,53.0,Koreatown
5093022010,6/14/2017,2017,10,814 S HARVARD BLVD,LOS ANGELES ,90005.0,12.0,0.0,34.057265,-118.3038728,"(34.057265, -118.3038728)",POINT (379667.1292912072 3769272.297139349),800 S. Harvard Blvd.,90005.0,10.0,2018,11.0,131,0.0839694656488549,2018,DB,90005,2021-02-12 00:00:00,,,11.0,,,,,deduplicated_matched,800 S. Harvard Blvd.,34.05747,-118.30403,"(34.05747, -118.30403)",52.0,53.0,Koreatown
5093022011,5/5/2017,2017,10,808 S HARVARD BLVD,LOS ANGELES ,90005.0,9.0,0.0,34.0573883,-118.3038297,"(34.0573883, -118.3038297)",POINT (379671.2814715652 3769285.9191532526),800 S. Harvard Blvd.,90005.0,10.0,2018,11.0,131,0.0839694656488549,2018,DB,90005,2021-02-12 00:00:00,,,11.0,,,,,deduplicated_matched,800 S. Harvard Blvd.,34.05747,-118.30403,"(34.05747, -118.30403)",52.0,53.0,Koreatown
5093022016,8/24/2016,2016,10,819 S KINGSLEY DR,LOS ANGELES ,90005.0,3.0,,34.0571859,-118.3032737,"(34.0571859, -118.3032737)",POINT (379722.31134931213 3769262.821110082),825 S. Kingsley Dr.,90005.0,10.0,2018,8.0,90,0.0888888888888888,2018,DB,90005,,,,8.0,,,,,deduplicated_matched,825 S. Kingsley Dr.,34.0570018,-118.30334,"(34.0570018, -118.30334)",52.0,53.0,Koreatown
5093022017,8/24/2016,2016,10,825 S KINGSLEY DR,LOS ANGELES ,90005.0,2.0,,34.0570018,-118.30334,"(34.0570018, -118.30334)",POINT (379715.9320879281 3769242.484256243),825 S. Kingsley Dr.,90005.0,10.0,2018,8.0,90,0.0888888888888888,2018,DB,90005,,,,8.0,,,,,deduplicated_matched,825 S. Kingsley Dr.,34.0570018,-118.30334,"(34.0570018, -118.30334)",52.0,53.0,Koreatown
5093023057,10/17/2022,2022,10,927 S ARDMORE AVE,LOS ANGELES ,90006.0,9.0,,34.05491689999999,-118.3022545,"(34.05491689999999, -118.3022545)",POINT (379813.17521566193 3769010.014157991),3279 W. San Marino St.,90006.0,10.0,2021,3.0,30,0.1,2021,TOC,90006,,3.0,,,,,,TOC Tier 3,deduplicated_matched,3279 W. San Marino St.,34.0546706,-118.3024465,"(34.0546706, -118.3024465)",52.0,53.0,Koreatown
5093023057,10/17/2022,2022,10,927 S ARDMORE AVE,LOS ANGELES ,90006.0,9.0,,34.05491689999999,-118.3022545,"(34.05491689999999, -118.3022545)",POINT (379813.17521566193 3769010.014157991),933 S. Ardmore Ave.,90006.0,10.0,2021,6.0,54,0.1111111111111111,2021,TOC,90006,,6.0,,,,,,TOC Tier 3,deduplicated_matched,933 S. Ardmore Ave.,34.0547806,-118.3023185,"(34.0547806, -118.3023185)",52.0,53.0,Koreatown
5093025102,6/26/2018,2018,10,748 S KINGSLEY DR,LOS ANGELES ,90005.0,4.0,68.0,34.05842,-118.3028084,"(34.05842, -118.3028084)",POINT (379766.9991084806 3769399.1232068585),750 S. Kingsley Dr.,90005.0,10.0,2017,6.0,68,0.088235294117647,2017,DB,90005,2021-04-30 00:00:00,,,6.0,,,,,deduplicated_matched,750 S. Kingsley Dr.,34.0583163,-118.3027881,"(34.0583163, -118.3027881)",52.0,53.0,Koreatown
5094017002,3/27/2019,2019,10,848 S MARIPOSA AVE,LOS ANGELES ,90005.0,8.0,38.0,34.056344,-118.2984309,"(34.056344, -118.2984309)",POINT (380168.0918055384 3769163.7789794295),832 S. Mariposa Ave.,90005.0,10.0,2019,13.0,101,0.1287128712871287,2019,TOC,90005,2022-12-29 00:00:00,5.0,,8.0,,,,TOC Tier 2,deduplicated_matched,832 S. Mariposa Ave.,34.0567419,-118.2983867,"(34.0567419, -118.2983867)",52.0,53.0,Koreatown
5094017002,3/27/2019,2019,10,848 S MARIPOSA AVE,LOS ANGELES ,90005.0,8.0,38.0,34.056344,-118.2984309,"(34.056344, -118.2984309)",POINT (380168.0918055384 3769163.7789794295),841 S. Fedora St.,90005.0,10.0,2019,9.0,81,0.1111111111111111,2019,TOC,90005,2022-10-12 00:00:00,3.0,,6.0,,,,TOC Tier 1,deduplicated_matched,841 S. Fedora St.,34.0564226,-118.2979601,"(34.0564226, -118.2979601)",52.0,53.0,Koreatown
5094017002,3/27/2019,2019,10,848 S MARIPOSA AVE,LOS ANGELES ,90005.0,8.0,38.0,34.056344,-118.2984309,"(34.056344, -118.2984309)",POINT (380168.0918055384 3769163.7789794295),846 S. Mariposa Ave.,90005.0,10.0,2018,6.0,38,0.1578947368421052,2018,TOC,90005,2022-01-14 00:00:00,4.0,,1.0,1.0,,,TOC Tier 3,deduplicated_matched,846 S. Mariposa Ave.,34.0563423,-118.2985822,"(34.0563423, -118.2985822)",52.0,53.0,Koreatown
5094017003,6/30/2017,2017,10,840 S MARIPOSA AVE,LOS ANGELES ,90005.0,8.0,108.0,34.0565035,-118.2984487,"(34.0565035, -118.2984487)",POINT (380166.6734457919 3769181.486745828),832 S. Mariposa Ave.,90005.0,10.0,2019,13.0,101,0.1287128712871287,2019,TOC,90005,2022-12-29 00:00:00,5.0,,8.0,,,,TOC Tier 2,deduplicated_matched,832 S. Mariposa Ave.,34.0567419,-118.2983867,"(34.0567419, -118.2983867)",52.0,53.0,Koreatown
5094017003,6/30/2017,2017,10,840 S MARIPOSA AVE,LOS ANGELES ,90005.0,8.0,108.0,34.0565035,-118.2984487,"(34.0565035, -118.2984487)",POINT (380166.6734457919 3769181.486745828),841 S. Fedora St.,90005.0,10.0,2019,9.0,81,0.1111111111111111,2019,TOC,90005,2022-10-12 00:00:00,3.0,,6.0,,,,TOC Tier 1,deduplicated_matched,841 S. Fedora St.,34.0564226,-118.2979601,"(34.0564226, -118.2979601)",52.0,53.0,Koreatown
5094017003,6/30/2017,2017,10,840 S MARIPOSA AVE,LOS ANGELES ,90005.0,8.0,108.0,34.0565035,-118.2984487,"(34.0565035, -118.2984487)",POINT (380166.6734457919 3769181.486745828),846 S. Mariposa Ave.,90005.0,10.0,2018,6.0,38,0.1578947368421052,2018,TOC,90005,2022-01-14 00:00:00,4.0,,1.0,1.0,,,TOC Tier 3,deduplicated_matched,846 S. Mariposa Ave.,34.0563423,-118.2985822,"(34.0563423, -118.2985822)",52.0,53.0,Koreatown
5094017004,6/30/2017,2017,10,834 S MARIPOSA AVE,LOS ANGELES ,90005.0,4.0,,34.056689,-118.2983822,"(34.056689, -118.2983822)",POINT (380173.0721880526 3769201.978887869),832 S. Mariposa Ave.,90005.0,10.0,2019,13.0,101,0.1287128712871287,2019,TOC,90005,2022-12-29 00:00:00,5.0,,8.0,,,,TOC Tier 2,deduplicated_matched,832 S. Mariposa Ave.,34.0567419,-118.2983867,"(34.0567419, -118.2983867)",52.0,53.0,Koreatown
5094017004,6/30/2017,2017,10,834 S MARIPOSA AVE,LOS ANGELES ,90005.0,4.0,,34.056689,-118.2983822,"(34.056689, -118.2983822)",POINT (380173.0721880526 3769201.978887869),841 S. Fedora St.,90005.0,10.0,2019,9.0,81,0.1111111111111111,2019,TOC,90005,2022-10-12 00:00:00,3.0,,6.0,,,,TOC Tier 1,deduplicated_matched,841 S. Fedora St.,34.0564226,-118.2979601,"(34.0564226, -118.2979601)",52.0,53.0,Koreatown
5094017004,6/30/2017,2017,10,834 S MARIPOSA AVE,LOS ANGELES ,90005.0,4.0,,34.056689,-118.2983822,"(34.056689, -118.2983822)",POINT (380173.0721880526 3769201.978887869),846 S. Mariposa Ave.,90005.0,10.0,2018,6.0,38,0.1578947368421052,2018,TOC,90005,2022-01-14 00:00:00,4.0,,1.0,1.0,,,TOC Tier 3,deduplicated_matched,846 S. Mariposa Ave.,34.0563423,-118.2985822,"(34.0563423, -118.2985822)",52.0,53.0,Koreatown
5094017005,6/30/2017,2017,10,826 S MARIPOSA AVE,LOS ANGELES ,90005.0,4.0,,34.0568641,-118.2983853,"(34.0568641, -118.2983853)",POINT (380173.0325245856 3769221.3993135747),832 S. Mariposa Ave.,90005.0,10.0,2019,13.0,101,0.1287128712871287,2019,TOC,90005,2022-12-29 00:00:00,5.0,,8.0,,,,TOC Tier 2,deduplicated_matched,832 S. Mariposa Ave.,34.0567419,-118.2983867,"(34.0567419, -118.2983867)",52.0,53.0,Koreatown
5094017017,6/30/2017,2017,10,837 S FEDORA ST,LOS ANGELES ,90005.0,2.0,0.0,34.056603,-118.2979602,"(34.056603, -118.2979602)",POINT (380211.8998193706 3769191.9480888736),832 S. Mariposa Ave.,90005.0,10.0,2019,13.0,101,0.1287128712871287,2019,TOC,90005,2022-12-29 00:00:00,5.0,,8.0,,,,TOC Tier 2,deduplicated_matched,832 S. Mariposa Ave.,34.0567419,-118.2983867,"(34.0567419, -118.2983867)",52.0,53.0,Koreatown
5094017017,6/30/2017,2017,10,837 S FEDORA ST,LOS ANGELES ,90005.0,2.0,0.0,34.056603,-118.2979602,"(34.056603, -118.2979602)",POINT (380211.8998193706 3769191.9480888736),841 S. Fedora St.,90005.0,10.0,2019,9.0,81,0.1111111111111111,2019,TOC,90005,2022-10-12 00:00:00,3.0,,6.0,,,,TOC Tier 1,deduplicated_matched,841 S. Fedora St.,34.0564226,-118.2979601,"(34.0564226, -118.2979601)",52.0,53.0,Koreatown
5094017018,6/30/2017,2017,10,841 S FEDORA ST,LOS ANGELES ,90005.0,4.0,0.0,34.0564226,-118.2979601,"(34.0564226, -118.2979601)",POINT (380211.6552220232 3769171.943464071),841 S. Fedora St.,90005.0,10.0,2019,9.0,81,0.1111111111111111,2019,TOC,90005,2022-10-12 00:00:00,3.0,,6.0,,,,TOC Tier 1,deduplicated_matched,841 S. Fedora St.,34.0564226,-118.2979601,"(34.0564226, -118.2979601)",52.0,53.0,Koreatown
5094017019,3/9/2018,2018,10,849 S FEDORA ST,LOS ANGELES ,90005.0,4.0,81.0,34.0563039,-118.29796,"(34.0563039, -118.29796)",POINT (380211.49743865465 3769158.7807360524),841 S. Fedora St.,90005.0,10.0,2019,9.0,81,0.1111111111111111,2019,TOC,90005,2022-10-12 00:00:00,3.0,,6.0,,,,TOC Tier 1,deduplicated_matched,841 S. Fedora St.,34.0564226,-118.2979601,"(34.0564226, -118.2979601)",52.0,53.0,Koreatown
5094018001,12/4/2019,2019,10,854 S NORMANDIE AVE,LOS ANGELES ,90005.0,8.0,,34.0561855,-118.2996258,"(34.0561855, -118.2996258)",POINT (380057.5843383092 3769147.603438185),860 S. Normandie Ave.,90005.0,10.0,2019,6.0,57,0.1052631578947368,2019,TOC,90005,,6.0,,,,,,TOC Tier 3,deduplicated_matched,860 S. Normandie Ave.,34.0561027,-118.2996064,"(34.0561027, -118.2996064)",52.0,53.0,Koreatown
5094023011,11/12/2021,2021,10,936 S FEDORA ST,LOS ANGELES ,90006.0,2.0,,34.0545413,-118.2974432,"(34.0545413, -118.2974432)",POINT (380256.7169257973 3768962.721444805),936 S. Fedora St.,90006.0,10.0,2022,3.0,30,0.1,2022,TOC,90006,,3.0,,,,,,TOC Tier 3,deduplicated_matched,936 S. Fedora St.,34.0545788,-118.2974351,"(34.0545788, -118.2974351)",52.0,53.0,Koreatown
5094023011,11/12/2021,2021,10,936 S FEDORA ST,LOS ANGELES ,90006.0,2.0,,34.0545413,-118.2974432,"(34.0545413, -118.2974432)",POINT (380256.7169257973 3768962.721444805),1100 S. Fedora St.,90006.0,1.0,2021,3.0,24,0.125,2021,TOC,90006,,3.0,,,,,,TOC Tier 2,deduplicated_matched,1100 S. Fedora St.,34.0545083,-118.2977231,"(34.0545083, -118.2977231)",52.0,53.0,Koreatown
5094023011,11/12/2021,2021,10,936 S FEDORA ST,LOS ANGELES ,90006.0,2.0,,34.0545413,-118.2974432,"(34.0545413, -118.2974432)",POINT (380256.7169257973 3768962.721444805),970 S. Fedora St.,90006.0,10.0,2020,5.0,50,0.1,2020,TOC,90006,2021-11-19 00:00:00,5.0,,,,,,TOC Tier 3,deduplicated_matched,970 S. Fedora St.,34.0545083,-118.2977231,"(34.0545083, -118.2977231)",52.0,53.0,Koreatown
5094023027,7/3/2019,2019,10,923 S KENMORE AVE,LOS ANGELES ,90006.0,2.0,,34.0549381,-118.2967499,"(34.0549381, -118.2967499)",POINT (380321.2646534712 3769005.911116528),923 S. Kenmore Ave.,90006.0,10.0,2020,74.0,75,0.9866666666666668,2020,TOC,90006,2023-12-27 00:00:00,5.0,,6.0,63.0,,,TOC Tier 4,deduplicated_matched,923 S. Kenmore Ave.,34.0549381,-118.2967499,"(34.0549381, -118.2967499)",52.0,53.0,Koreatown
5094023028,7/3/2019,2019,10,931 S KENMORE AVE,LOS ANGELES ,90006.0,2.0,,34.054967,-118.2967596,"(34.054967, -118.2967596)",POINT (380320.40999406995 3769009.127177216),923 S. Kenmore Ave.,90006.0,10.0,2020,74.0,75,0.9866666666666668,2020,TOC,90006,2023-12-27 00:00:00,5.0,,6.0,63.0,,,TOC Tier 4,deduplicated_matched,923 S. Kenmore Ave.,34.0549381,-118.2967499,"(34.0549381, -118.2967499)",52.0,53.0,Koreatown
5094023029,7/3/2019,2019,10,935 S KENMORE AVE,LOS ANGELES ,90006.0,2.0,,34.054845,-118.2967082,"(34.054845, -118.2967082)",POINT (380324.98258584406 3768995.538499915),923 S. Kenmore Ave.,90006.0,10.0,2020,74.0,75,0.9866666666666668,2020,TOC,90006,2023-12-27 00:00:00,5.0,,6.0,63.0,,,TOC Tier 4,deduplicated_matched,923 S. Kenmore Ave.,34.0549381,-118.2967499,"(34.0549381, -118.2967499)",52.0,53.0,Koreatown
5094024015,2/7/2018,2018,10,924 S CATALINA ST,LOS ANGELES ,90006.0,4.0,30.0,34.0549444,-118.2951021,"(34.0549444, -118.2951021)",POINT (380473.3608462211 3769004.683066962),924 S. Catalina St.,90006.0,10.0,2018,3.0,30,0.1,2018,TOC,90006,2022-08-15 00:00:00,3.0,,,,,,TOC Tier 3,deduplicated_matched,924 S. Catalina St.,34.0549444,-118.2951021,"(34.0549444, -118.2951021)",52.0,53.0,Koreatown
5094026018,3/12/2020,2020,10,2926 W JAMES M. WOOD BLVD,LOS ANGELES ,90006.0,10.0,,34.0557348,-118.2923901,"(34.0557348, -118.2923901)",POINT (380724.7780917824 3769089.164612325),904 S. New Hampshire Ave.,90006.0,10.0,2021,10.0,63,0.1587301587301587,2021,TOC,90006,,7.0,,,3.0,,,TOC Tier 3,deduplicated_matched,904 S. New Hampshire Ave.,34.0557342,-118.2925321,"(34.0557342, -118.2925321)",52.0,53.0,Koreatown
5094026018,3/12/2020,2020,10,2926 W JAMES M. WOOD BLVD,LOS ANGELES ,90006.0,10.0,,34.0557348,-118.2923901,"(34.0557348, -118.2923901)",POINT (380724.7780917824 3769089.164612325),905 S. Vermont Ave.,90006.0,10.0,2019,7.0,67,0.1044776119402985,2019,TOC,90006,2024-09-13 00:00:00,7.0,,,,,,TOC Tier 3,deduplicated_matched,905 S. Vermont Ave.,34.055644,-118.291992,"(34.055644, -118.291992)",52.0,53.0,Koreatown
5104009002,7/11/2016,2016,9,5307 S COMPTON AVE,LOS ANGELES ,90011.0,1.0,,33.9198476,-118.2462306,"(33.9198476, -118.2462306)",POINT (384801.87020463526 3753968.0810203035),10811 S. Compton Ave.,90059.0,15.0,2022,28.0,29,0.9655172413793104,2022,TOC,90059,2024-09-23 00:00:00,2.0,,3.0,23.0,,,TOC Tier 3,deduplicated_matched,10811 S. Compton Ave.,33.9198476,-118.2462306,"(33.9198476, -118.2462306)",,,
5104009002,7/11/2016,2016,9,5307 S COMPTON AVE,LOS ANGELES ,90011.0,1.0,,33.9198476,-118.2462306,"(33.9198476, -118.2462306)",POINT (384801.87020463526 3753968.0810203035),4821 S. Compton Ave.,90011.0,9.0,2021,17.0,17,1.0,2021,TOC,90011,,4.0,,3.0,10.0,,,TOC Tier 4,deduplicated_matched,4821 S. Compton Ave.,33.9198476,-118.2462306,"(33.9198476, -118.2462306)",,,
5104009002,7/11/2016,2016,9,5307 S COMPTON AVE,LOS ANGELES ,90011.0,1.0,,33.9198476,-118.2462306,"(33.9198476, -118.2462306)",POINT (384801.87020463526 3753968.0810203035),9300 S. Compton Ave.,90002.0,15.0,2021,19.0,20,0.95,2021,TOC,90002,2024-09-09 00:00:00,2.0,,,17.0,,,TOC Tier 2,deduplicated_matched,9300 S. Compton Ave.,33.9198476,-118.2462306,"(33.9198476, -118.2462306)",,,
5104009002,7/11/2016,2016,9,5307 S COMPTON AVE,LOS ANGELES ,90011.0,1.0,,33.9198476,-118.2462306,"(33.9198476, -118.2462306)",POINT (384801.87020463526 3753968.0810203035),9515 S. Compton Ave.,90002.0,15.0,2020,20.0,21,0.9523809523809524,2020,TOC,90002,2022-07-25 00:00:00,2.0,,,18.0,,,TOC Tier 2,deduplicated_matched,9515 S. Compton Ave.,33.9198476,-118.2462306,"(33.9198476, -118.2462306)",,,
5104009002,7/11/2016,2016,9,5307 S COMPTON AVE,LOS ANGELES ,90011.0,1.0,,33.9198476,-118.2462306,"(33.9198476, -118.2462306)",POINT (384801.87020463526 3753968.0810203035),9500 S. Compton Ave.,90002.0,15.0,2020,24.0,25,0.96,2020,DB,90002,2023-07-26 00:00:00,,,24.0,,,,AB 2162,deduplicated_matched,9500 S. Compton Ave.,33.9198476,-118.2462306,"(33.9198476, -118.2462306)",,,
5104009002,7/11/2016,2016,9,5307 S COMPTON AVE,LOS ANGELES ,90011.0,1.0,,33.9198476,-118.2462306,"(33.9198476, -118.2462306)",POINT (384801.87020463526 3753968.0810203035),9543 S. Compton Ave.,90003.0,15.0,2018,2.0,17,0.1176470588235294,2018,DB,90003,2022-03-01 00:00:00,,,2.0,,,,,deduplicated_matched,9543 S. Compton Ave.,33.9198476,-118.2462306,"(33.9198476, -118.2462306)",,,
5104009002,7/11/2016,2016,9,5307 S COMPTON AVE,LOS ANGELES ,90011.0,1.0,,33.9198476,-118.2462306,"(33.9198476, -118.2462306)",POINT (384801.87020463526 3753968.0810203035),9547 South Compton Avenue,90002.0,15.0,2013,6.0,9,0.6666666666666666,2013,DB,90002,2015-04-29 00:00:00,,,,6.0,,,,deduplicated_matched,9547 South Compton Avenue,33.9198476,-118.2462306,"(33.9198476, -118.2462306)",,,
5106001002,2/24/2023,2023,9,1528 E VERNON AVE,LOS ANGELES ,90011.0,4.0,,34.0037496,-118.2472482,"(34.0037496, -118.2472482)",POINT (384820.9584953642 3763272.888321695),1528 E. Vernon Ave.,90011.0,9.0,2021,23.0,23,1.0,2021,TOC,90011,,3.0,,,20.0,,,TOC Tier 4,deduplicated_matched,1528 E. Vernon Ave.,34.0037496,-118.2472482,"(34.0037496, -118.2472482)",14.0,15.0,Central-Alameda
5106020002,11/28/2018,2018,9,4859 S LONG BEACH WEST AVE,LOS ANGELES ,90058.0,3.0,,34.0549076,-118.242643,"(34.0549076, -118.242643)",POINT (385315.12050330953 3768940.5467975615),1200 S. Magnolia Ave.,90006.0,1.0,2022,2.0,21,0.0952380952380952,2022,TOC,90006,,2.0,,,,,,TOC Tier 2,deduplicated_matched,1200 S. Magnolia Ave.,34.0549076,-118.242643,"(34.0549076, -118.242643)",23.0,24.0,Downtown
5106020002,11/28/2018,2018,9,4859 S LONG BEACH WEST AVE,LOS ANGELES ,90058.0,3.0,,34.0549076,-118.242643,"(34.0549076, -118.242643)",POINT (385315.12050330953 3768940.5467975615),1240 S. Magnolia Ave.,90006.0,1.0,2022,4.0,36,0.1111111111111111,2022,TOC,90006,,4.0,,,,,,TOC Tier 2,deduplicated_matched,1240 S. Magnolia Ave.,34.0549076,-118.242643,"(34.0549076, -118.242643)",23.0,24.0,Downtown
5106020002,11/28/2018,2018,9,4859 S LONG BEACH WEST AVE,LOS ANGELES ,90058.0,3.0,,34.0549076,-118.242643,"(34.0549076, -118.242643)",POINT (385315.12050330953 3768940.5467975615),1505 S. Magnolia Ave.,90006.0,1.0,2020,1.0,5,0.2,2020,UDU,90006,,,,1.0,,,,UDU,deduplicated_matched,1505 S. Magnolia Ave.,34.0549076,-118.242643,"(34.0549076, -118.242643)",23.0,24.0,Downtown
5106020002,11/28/2018,2018,9,4859 S LONG BEACH WEST AVE,LOS ANGELES ,90058.0,3.0,,34.0549076,-118.242643,"(34.0549076, -118.242643)",POINT (385315.12050330953 3768940.5467975615),1338 N Gordon St,90028.0,13.0,2016,4.0,44,0.0909090909090909,2016,DB,90028,2019-08-15 00:00:00,,,4.0,,,,,deduplicated_matched,1338 N Gordon St,34.0549076,-118.242643,"(34.0549076, -118.242643)",23.0,24.0,Downtown
5106020002,11/28/2018,2018,9,4859 S LONG BEACH WEST AVE,LOS ANGELES ,90058.0,3.0,,34.0549076,-118.242643,"(34.0549076, -118.242643)",POINT (385315.12050330953 3768940.5467975615),"1813-1819 Prosser, Los Angeles 90027",90027.0,5.0,2010,2.0,21,0.0952380952380952,2010,DB,90027,2011-09-06 00:00:00,,,2.0,,,,,deduplicated_matched,"1813-1819 Prosser, Los Angeles",34.0549076,-118.242643,"(34.0549076, -118.242643)",23.0,24.0,Downtown
5106020002,11/28/2018,2018,9,4859 S LONG BEACH WEST AVE,LOS ANGELES ,90058.0,3.0,,34.0549076,-118.242643,"(34.0549076, -118.242643)",POINT (385315.12050330953 3768940.5467975615),2654 S MAGNOLIA AVE,,,2024,14.0,15,0.9333333333333332,2024,ED1,,,0.0,,1.0,10.0,3.0,0.0,,ed1,2654 S MAGNOLIA AVE,34.0549076,-118.242643,"(34.0549076, -118.242643)",23.0,24.0,Downtown
5107022023,7/10/2019,2019,9,4821 S COMPTON AVE,LOS ANGELES ,90011.0,2.0,,33.9198476,-118.2462306,"(33.9198476, -118.2462306)",POINT (384801.87020463526 3753968.0810203035),10811 S. Compton Ave.,90059.0,15.0,2022,28.0,29,0.9655172413793104,2022,TOC,90059,2024-09-23 00:00:00,2.0,,3.0,23.0,,,TOC Tier 3,deduplicated_matched,10811 S. Compton Ave.,33.9198476,-118.2462306,"(33.9198476, -118.2462306)",,,
5107022023,7/10/2019,2019,9,4821 S COMPTON AVE,LOS ANGELES ,90011.0,2.0,,33.9198476,-118.2462306,"(33.9198476, -118.2462306)",POINT (384801.87020463526 3753968.0810203035),4821 S. Compton Ave.,90011.0,9.0,2021,17.0,17,1.0,2021,TOC,90011,,4.0,,3.0,10.0,,,TOC Tier 4,deduplicated_matched,4821 S. Compton Ave.,33.9198476,-118.2462306,"(33.9198476, -118.2462306)",,,
5107022023,7/10/2019,2019,9,4821 S COMPTON AVE,LOS ANGELES ,90011.0,2.0,,33.9198476,-118.2462306,"(33.9198476, -118.2462306)",POINT (384801.87020463526 3753968.0810203035),9300 S. Compton Ave.,90002.0,15.0,2021,19.0,20,0.95,2021,TOC,90002,2024-09-09 00:00:00,2.0,,,17.0,,,TOC Tier 2,deduplicated_matched,9300 S. Compton Ave.,33.9198476,-118.2462306,"(33.9198476, -118.2462306)",,,
5107022023,7/10/2019,2019,9,4821 S COMPTON AVE,LOS ANGELES ,90011.0,2.0,,33.9198476,-118.2462306,"(33.9198476, -118.2462306)",POINT (384801.87020463526 3753968.0810203035),9515 S. Compton Ave.,90002.0,15.0,2020,20.0,21,0.9523809523809524,2020,TOC,90002,2022-07-25 00:00:00,2.0,,,18.0,,,TOC Tier 2,deduplicated_matched,9515 S. Compton Ave.,33.9198476,-118.2462306,"(33.9198476, -118.2462306)",,,
5107022023,7/10/2019,2019,9,4821 S COMPTON AVE,LOS ANGELES ,90011.0,2.0,,33.9198476,-118.2462306,"(33.9198476, -118.2462306)",POINT (384801.87020463526 3753968.0810203035),9500 S. Compton Ave.,90002.0,15.0,2020,24.0,25,0.96,2020,DB,90002,2023-07-26 00:00:00,,,24.0,,,,AB 2162,deduplicated_matched,9500 S. Compton Ave.,33.9198476,-118.2462306,"(33.9198476, -118.2462306)",,,
5107022023,7/10/2019,2019,9,4821 S COMPTON AVE,LOS ANGELES ,90011.0,2.0,,33.9198476,-118.2462306,"(33.9198476, -118.2462306)",POINT (384801.87020463526 3753968.0810203035),9543 S. Compton Ave.,90003.0,15.0,2018,2.0,17,0.1176470588235294,2018,DB,90003,2022-03-01 00:00:00,,,2.0,,,,,deduplicated_matched,9543 S. Compton Ave.,33.9198476,-118.2462306,"(33.9198476, -118.2462306)",,,
5107022023,7/10/2019,2019,9,4821 S COMPTON AVE,LOS ANGELES ,90011.0,2.0,,33.9198476,-118.2462306,"(33.9198476, -118.2462306)",POINT (384801.87020463526 3753968.0810203035),9547 South Compton Avenue,90002.0,15.0,2013,6.0,9,0.6666666666666666,2013,DB,90002,2015-04-29 00:00:00,,,,6.0,,,,deduplicated_matched,9547 South Compton Avenue,33.9198476,-118.2462306,"(33.9198476, -118.2462306)",,,
5110006023,4/19/2022,2022,9,4517 S MAIN ST,LOS ANGELES ,90037.0,2.0,,34.0023389,-118.2742115,"(34.0023389, -118.2742115)",POINT (382328.89214002754 3763147.105467966),4507 S. Main St.,90037.0,9.0,2022,60.0,61,0.9836065573770492,2022,TOC,90037,,2.0,,1.0,57.0,,,TOC Tier 3,deduplicated_matched,4507 S. Main St.,34.0025633,-118.2743553,"(34.0025633, -118.2743553)",85.0,86.0,South Park
5110006024,4/19/2022,2022,9,4513 S MAIN ST,LOS ANGELES ,90037.0,2.0,,34.002412,-118.2742758,"(34.002412, -118.2742758)",POINT (382323.05461614527 3763155.2852791785),4507 S. Main St.,90037.0,9.0,2022,60.0,61,0.9836065573770492,2022,TOC,90037,,2.0,,1.0,57.0,,,TOC Tier 3,deduplicated_matched,4507 S. Main St.,34.0025633,-118.2743553,"(34.0025633, -118.2743553)",85.0,86.0,South Park
5110006028,4/19/2022,2022,9,4505 S MAIN ST,LOS ANGELES ,90037.0,3.0,,34.00265,-118.27421,"(34.00265, -118.27421)",POINT (382329.45977885136 3763181.6011312963),4507 S. Main St.,90037.0,9.0,2022,60.0,61,0.9836065573770492,2022,TOC,90037,,2.0,,1.0,57.0,,,TOC Tier 3,deduplicated_matched,4507 S. Main St.,34.0025633,-118.2743553,"(34.0025633, -118.2743553)",85.0,86.0,South Park
5111023025,8/13/2020,2020,9,4057 S MAIN ST,LOS ANGELES ,90037.0,24.0,,34.0098035,-118.2743921,"(34.0098035, -118.2743921)",POINT (382322.5115593722 3763975.051108199),126 1/2 W. 40th Pl.,90037.0,9.0,2018,1.0,5,0.2,2018,Other/Discretionary,90037,2021-10-14 00:00:00,,,,1.0,,,UDU,deduplicated_matched,126/2 W. 40th Pl.,34.0099301,-118.2748336,"(34.0099301, -118.2748336)",46.0,47.0,Historic South-Central
5113029019,6/26/2018,2018,9,4045 S WOODLAWN AVE,LOS ANGELES ,90011.0,2.0,,34.0038405,-118.2728335,"(34.0038405, -118.2728335)",POINT (382458.22482370015 3763312.033342822),142 E. Vernon Ave.,90011.0,9.0,2022,2.0,16,0.125,2022,TOC,90011,,2.0,,,,,,TOC Tier 3,deduplicated_matched,142 E. Vernon Ave.,34.0036299,-118.2730754,"(34.0036299, -118.2730754)",46.0,47.0,Historic South-Central
5113030001,5/4/2021,2021,9,4051 S WOODLAWN AVE,LOS ANGELES ,90011.0,3.0,,34.0038405,-118.2728335,"(34.0038405, -118.2728335)",POINT (382458.22482370015 3763312.033342822),142 E. Vernon Ave.,90011.0,9.0,2022,2.0,16,0.125,2022,TOC,90011,,2.0,,,,,,TOC Tier 3,deduplicated_matched,142 E. Vernon Ave.,34.0036299,-118.2730754,"(34.0036299, -118.2730754)",46.0,47.0,Historic South-Central
5113031011,1/22/2020,2020,9,4201 S WOODLAWN AVE,LOS ANGELES ,90011.0,2.0,,34.0038405,-118.2728335,"(34.0038405, -118.2728335)",POINT (382458.22482370015 3763312.033342822),142 E. Vernon Ave.,90011.0,9.0,2022,2.0,16,0.125,2022,TOC,90011,,2.0,,,,,,TOC Tier 3,deduplicated_matched,142 E. Vernon Ave.,34.0036299,-118.2730754,"(34.0036299, -118.2730754)",46.0,47.0,Historic South-Central
5113032031,12/15/2014,2014,9,4234 S WOODLAWN AVE,LOS ANGELES ,90011.0,2.0,2.0,34.0038405,-118.2728335,"(34.0038405, -118.2728335)",POINT (382458.22482370015 3763312.033342822),142 E. Vernon Ave.,90011.0,9.0,2022,2.0,16,0.125,2022,TOC,90011,,2.0,,,,,,TOC Tier 3,deduplicated_matched,142 E. Vernon Ave.,34.0036299,-118.2730754,"(34.0036299, -118.2730754)",46.0,47.0,Historic South-Central
5113036019,10/22/2021,2021,9,4345 S WOODLAWN AVE,LOS ANGELES ,90011.0,5.0,,34.0038405,-118.2728335,"(34.0038405, -118.2728335)",POINT (382458.22482370015 3763312.033342822),142 E. Vernon Ave.,90011.0,9.0,2022,2.0,16,0.125,2022,TOC,90011,,2.0,,,,,,TOC Tier 3,deduplicated_matched,142 E. Vernon Ave.,34.0036299,-118.2730754,"(34.0036299, -118.2730754)",46.0,47.0,Historic South-Central
5114014009,3/9/2018,2018,9,1036 E 35TH ST,LOS ANGELES ,90011.0,8.0,74.0,34.0114857,-118.2574729,"(34.0114857, -118.2574729)",POINT (383887.21770075895 3764142.275363806),1044 E. Jefferson Blvd.,90011.0,9.0,2018,73.0,74,0.9864864864864864,2018,DB,90011,2019-08-12 00:00:00,,,10.0,63.0,,,,deduplicated_matched,1044 E. Jefferson Blvd.,34.01157,-118.25695,"(34.01157, -118.25695)",46.0,47.0,Historic South-Central
5115019028,1/29/2014,2014,9,1055 E 42ND PL,Los Angeles ,90011.0,2.0,,34.00677,-118.25715,"(34.00677, -118.25715)",POINT (383910.6170518452 3763618.9935531835),"4251 and 4263 S. Central Avenue, Los Angeles, CA 90011",90011.0,9.0,2011,17.0,18,0.9444444444444444,2011,DB,90011,2014-03-08 00:00:00,,,,17.0,,,,deduplicated_matched,"4251 and S. Central Avenue, Los Angeles, CA",34.00652,-118.2567,"(34.00652, -118.2567)",46.0,47.0,Historic South-Central
5116008002,10/29/2019,2019,9,4307 S COMPTON AVE,LOS ANGELES ,90011.0,2.0,,33.9198476,-118.2462306,"(33.9198476, -118.2462306)",POINT (384801.87020463526 3753968.0810203035),10811 S. Compton Ave.,90059.0,15.0,2022,28.0,29,0.9655172413793104,2022,TOC,90059,2024-09-23 00:00:00,2.0,,3.0,23.0,,,TOC Tier 3,deduplicated_matched,10811 S. Compton Ave.,33.9198476,-118.2462306,"(33.9198476, -118.2462306)",,,
5116008002,10/29/2019,2019,9,4307 S COMPTON AVE,LOS ANGELES ,90011.0,2.0,,33.9198476,-118.2462306,"(33.9198476, -118.2462306)",POINT (384801.87020463526 3753968.0810203035),4821 S. Compton Ave.,90011.0,9.0,2021,17.0,17,1.0,2021,TOC,90011,,4.0,,3.0,10.0,,,TOC Tier 4,deduplicated_matched,4821 S. Compton Ave.,33.9198476,-118.2462306,"(33.9198476, -118.2462306)",,,
5116008002,10/29/2019,2019,9,4307 S COMPTON AVE,LOS ANGELES ,90011.0,2.0,,33.9198476,-118.2462306,"(33.9198476, -118.2462306)",POINT (384801.87020463526 3753968.0810203035),9300 S. Compton Ave.,90002.0,15.0,2021,19.0,20,0.95,2021,TOC,90002,2024-09-09 00:00:00,2.0,,,17.0,,,TOC Tier 2,deduplicated_matched,9300 S. Compton Ave.,33.9198476,-118.2462306,"(33.9198476, -118.2462306)",,,
5116008002,10/29/2019,2019,9,4307 S COMPTON AVE,LOS ANGELES ,90011.0,2.0,,33.9198476,-118.2462306,"(33.9198476, -118.2462306)",POINT (384801.87020463526 3753968.0810203035),9515 S. Compton Ave.,90002.0,15.0,2020,20.0,21,0.9523809523809524,2020,TOC,90002,2022-07-25 00:00:00,2.0,,,18.0,,,TOC Tier 2,deduplicated_matched,9515 S. Compton Ave.,33.9198476,-118.2462306,"(33.9198476, -118.2462306)",,,
5116008002,10/29/2019,2019,9,4307 S COMPTON AVE,LOS ANGELES ,90011.0,2.0,,33.9198476,-118.2462306,"(33.9198476, -118.2462306)",POINT (384801.87020463526 3753968.0810203035),9500 S. Compton Ave.,90002.0,15.0,2020,24.0,25,0.96,2020,DB,90002,2023-07-26 00:00:00,,,24.0,,,,AB 2162,deduplicated_matched,9500 S. Compton Ave.,33.9198476,-118.2462306,"(33.9198476, -118.2462306)",,,
5116008002,10/29/2019,2019,9,4307 S COMPTON AVE,LOS ANGELES ,90011.0,2.0,,33.9198476,-118.2462306,"(33.9198476, -118.2462306)",POINT (384801.87020463526 3753968.0810203035),9543 S. Compton Ave.,90003.0,15.0,2018,2.0,17,0.1176470588235294,2018,DB,90003,2022-03-01 00:00:00,,,2.0,,,,,deduplicated_matched,9543 S. Compton Ave.,33.9198476,-118.2462306,"(33.9198476, -118.2462306)",,,
5116008002,10/29/2019,2019,9,4307 S COMPTON AVE,LOS ANGELES ,90011.0,2.0,,33.9198476,-118.2462306,"(33.9198476, -118.2462306)",POINT (384801.87020463526 3753968.0810203035),9547 South Compton Avenue,90002.0,15.0,2013,6.0,9,0.6666666666666666,2013,DB,90002,2015-04-29 00:00:00,,,,6.0,,,,deduplicated_matched,9547 South Compton Avenue,33.9198476,-118.2462306,"(33.9198476, -118.2462306)",,,
5118014011,5/22/2019,2019,9,1348 E 27TH ST,LOS ANGELES ,90011.0,2.0,,34.0148352,-118.2495801,"(34.0148352, -118.2495801)",POINT (384620.6003310613 3764504.7744735014),1348 E. 27th St.,90011.0,9.0,2020,14.0,14,1.0,2020,TOC,90011,,4.0,,4.0,6.0,,,TOC Tier 1,deduplicated_matched,1348 E. 27th St.,34.0148352,-118.2495801,"(34.0148352, -118.2495801)",14.0,15.0,Central-Alameda
5119010017,2/7/2022,2022,9,1120 E 25TH ST,LOS ANGELES ,90011.0,2.0,,34.0192747,-118.2538729,"(34.0192747, -118.2538729)",POINT (384230.2308142418 3765001.9085022802),1120 E. 25th St.,90011.0,9.0,2021,20.0,20,1.0,2021,TOC,90011,,2.0,,2.0,16.0,,,TOC Tier 3,deduplicated_matched,1120 E. 25th St.,34.0192747,-118.2538729,"(34.0192747, -118.2538729)",14.0,15.0,Central-Alameda
5121022011,12/17/2021,2021,9,3848 S WALL ST,LOS ANGELES ,90011.0,3.0,,34.0736042,-118.3858225,"(34.0736042, -118.3858225)",POINT (372128.10345628747 3771183.61398879),8630 S WALL ST,,,2024,20.0,20,1.0,2024,ED1,,,0.0,,2.0,18.0,0.0,0.0,,ed1,8630 S WALL ST,34.0736042,-118.3858225,"(34.0736042, -118.3858225)",7.0,8.0,Beverly Grove
5121029023,7/25/2022,2022,9,3811 S WOODLAWN AVE,LOS ANGELES ,90011.0,2.0,,34.0038405,-118.2728335,"(34.0038405, -118.2728335)",POINT (382458.22482370015 3763312.033342822),142 E. Vernon Ave.,90011.0,9.0,2022,2.0,16,0.125,2022,TOC,90011,,2.0,,,,,,TOC Tier 3,deduplicated_matched,142 E. Vernon Ave.,34.0036299,-118.2730754,"(34.0036299, -118.2730754)",46.0,47.0,Historic South-Central
5123020011,5/18/2018,2018,9,515 W 31ST ST,LOS ANGELES ,90007.0,4.0,74.0,34.024032,-118.277746,"(34.024032, -118.277746)",POINT (382032.4803631733 3765556.690187524),505 W. 31st St.,90007.0,9.0,2018,8.0,73,0.1095890410958904,2018,DB,90007,2022-01-27 00:00:00,,,,6.0,2.0,,,deduplicated_matched,505 W. 31st St.,34.0239409,-118.277356,"(34.0239409, -118.277356)",93.0,94.0,University Park
5127029037,1/24/2018,2018,9,1910 S LOS ANGELES ST,LOS ANGELES ,90011.0,31.0,105.0,34.030021,-118.263582,"(34.030021, -118.263582)",POINT (383348.44487925246 3766204.5715295263),200 E. Washington Blvd.,90015.0,9.0,2020,22.0,105,0.2095238095238095,2020,Other/Discretionary,90015,2024-05-17 00:00:00,10.0,,7.0,5.0,,,CPIO,deduplicated_matched,200 E. Washington Blvd.,34.0303037,-118.2635927,"(34.0303037, -118.2635927)",46.0,47.0,Historic South-Central
5131021009,2/26/2020,2020,9,927 E 25TH ST,LOS ANGELES ,90011.0,2.0,,34.0206095,-118.2558713,"(34.0206095, -118.2558713)",POINT (384047.5233470438 3765152.1837562486),937 E. 25th St.,90011.0,9.0,2021,17.0,17,1.0,2021,TOC,90011,2023-08-07 00:00:00,,,,17.0,,,TOC Tier 3,deduplicated_matched,937 E. 25th St.,34.020472,-118.2555656,"(34.020472, -118.2555656)",46.0,47.0,Historic South-Central
5131025012,4/13/2023,2023,9,850 E 25TH ST,LOS ANGELES ,90011.0,2.0,,34.0206753,-118.2573699,"(34.0206753, -118.2573699)",POINT (383909.24137146096 3765161.178428724),850 E. 25th St.,90011.0,9.0,2022,17.0,17,1.0,2022,TOC,90011,,2.0,,2.0,13.0,,,TOC Tier 4,deduplicated_matched,850 E. 25th St.,34.0206753,-118.2573699,"(34.0206753, -118.2573699)",46.0,47.0,Historic South-Central
5137032014,5/16/2024,2024,1,1516 W 12TH PL,LOS ANGELES ,90015.0,3.0,,34.0447488,-118.2754131,"(34.0447488, -118.2754131)",POINT (382276.50401416456 3767851.26931133),1516 W. 12th Pl.,90015.0,1.0,2021,20.0,20,1.0,2021,TOC,90015,,2.0,,,18.0,,,TOC Tier 3,deduplicated_matched,1516 W. 12th Pl.,34.0447488,-118.2754131,"(34.0447488, -118.2754131)",73.0,74.0,Pico-Union
5137032014,5/16/2024,2024,1,1516 W 12TH PL,LOS ANGELES ,90015.0,3.0,,34.0447488,-118.2754131,"(34.0447488, -118.2754131)",POINT (382276.50401416456 3767851.26931133),"1521 W. Pico Blvd, Los Angeles 90015",90015.0,1.0,2010,56.0,56,1.0,2010,DB,90015,2011-12-09 00:00:00,6.0,,36.0,14.0,,,,deduplicated_matched,"1521 W. Pico Blvd, Los Angeles",34.0447132,-118.2758675,"(34.0447132, -118.2758675)",73.0,74.0,Pico-Union
5141001901,2/13/2018,2018,1,623 S WESTLAKE AVE,LOS ANGELES ,90057.0,5.0,,34.0583151,-118.2744327,"(34.0583151, -118.2744327)",POINT (382385.7422417316 3769354.4987520305),619 S. Westlake,90057.0,1.0,2021,9.0,78,0.1153846153846153,2021,TOC,90057,2024-07-11 00:00:00,9.0,,,,,,TOC Tier 4,deduplicated_matched,619 S. Westlake,34.0584592,-118.2741783,"(34.0584592, -118.2741783)",106.0,107.0,Westlake
5141020012,7/12/2018,2018,1,831 S WESTLAKE AVE,LOS ANGELES ,90057.0,9.0,,34.0536562,-118.2774871,"(34.0536562, -118.2774871)",POINT (382097.3900095835 3768841.3925868105),831 S. Westlake Ave.,90057.0,1.0,2021,12.0,79,0.1518987341772152,2021,TOC,90057,,6.0,,6.0,,,,TOC Tier 3,deduplicated_matched,831 S. Westlake Ave.,34.0536421,-118.2774905,"(34.0536421, -118.2774905)",106.0,107.0,Westlake
5141020019,7/12/2018,2018,1,835 S WESTLAKE AVE,LOS ANGELES ,90057.0,8.0,,34.0534635,-118.2776252,"(34.0534635, -118.2776252)",POINT (382084.3767441273 3768820.1833867403),831 S. Westlake Ave.,90057.0,1.0,2021,12.0,79,0.1518987341772152,2021,TOC,90057,,6.0,,6.0,,,,TOC Tier 3,deduplicated_matched,831 S. Westlake Ave.,34.0536421,-118.2774905,"(34.0536421, -118.2774905)",106.0,107.0,Westlake
5141023005,8/7/2019,2019,1,821 S GRAND VIEW ST,LOS ANGELES ,90057.0,7.0,,34.055356,-118.280714,"(34.055356, -118.280714)",POINT (381801.91212308407 3769033.60631925),827 S. Grand View St.,90057.0,1.0,2020,7.0,60,0.1166666666666666,2020,TOC,90057,,6.0,,,1.0,,,TOC Tier 3,deduplicated_matched,827 S. Grand View St.,34.0552174,-118.2806858,"(34.0552174, -118.2806858)",106.0,107.0,Westlake
5141023006,8/7/2019,2019,1,827 S GRAND VIEW ST,LOS ANGELES ,90057.0,4.0,,34.0552174,-118.2806858,"(34.0552174, -118.2806858)",POINT (381804.32247542625 3769018.204459638),827 S. Grand View St.,90057.0,1.0,2020,7.0,60,0.1166666666666666,2020,TOC,90057,,6.0,,,1.0,,,TOC Tier 3,deduplicated_matched,827 S. Grand View St.,34.0552174,-118.2806858,"(34.0552174, -118.2806858)",106.0,107.0,Westlake
5141026006,5/16/2008,2008,1,825 S CORONADO ST,Los Angeles ,90057.0,4.0,,34.056759,-118.283884,"(34.056759, -118.283884)",POINT (381511.2845917062 3769192.8517593774),825 S. Coronado St.,90057.0,1.0,2020,8.0,77,0.1038961038961039,2020,TOC,90057,,8.0,,,,,,TOC Tier 3,deduplicated_matched,825 S. Coronado St.,34.056759,-118.283884,"(34.056759, -118.283884)",106.0,107.0,Westlake
5142023006,9/24/2020,2020,1,1535 W 8TH ST,LOS ANGELES ,90017.0,1.0,,34.0522331,-118.2715126,"(34.0522331, -118.2715126)",POINT (382646.86494827166 3768676.716235198),1525 W. 8th St.,90017.0,1.0,2021,4.0,43,0.0930232558139534,2021,TOC,90017,,4.0,,,,,,TOC Tier 2,deduplicated_matched,1525 W. 8th St.,34.052157,-118.2714346,"(34.052157, -118.2714346)",106.0,107.0,Westlake
5142023006,9/24/2020,2020,1,1535 W 8TH ST,LOS ANGELES ,90017.0,1.0,,34.0522331,-118.2715126,"(34.0522331, -118.2715126)",POINT (382646.86494827166 3768676.716235198),1523 W. 8th St.,90017.0,1.0,2021,6.0,60,0.1,2021,TOC,90017,,6.0,,,,,,TOC Tier 3,deduplicated_matched,1523 W. 8th St.,34.0521261,-118.2712199,"(34.0521261, -118.2712199)",106.0,107.0,Westlake
5142023013,11/13/2018,2018,1,1532 W CAMBRIA ST,LOS ANGELES ,90017.0,9.0,57.0,34.052636,-118.27105,"(34.052636, -118.27105)",POINT (382690.1179130611 3768720.8629298797),1532 W. Cambria St.,90017.0,1.0,2018,56.0,57,0.9824561403508772,2018,TOC,90017,2020-10-09 00:00:00,7.0,,,49.0,,,"TOC Tier 4, PSH, MP",deduplicated_matched,1532 W. Cambria St.,34.052636,-118.27105,"(34.052636, -118.27105)",106.0,107.0,Westlake
5142027007,1/11/2013,2013,1,1515 W WILSHIRE BLVD,Los Angeles ,90017.0,29.0,218.0,34.0550365,-118.2689781,"(34.0550365, -118.2689781)",POINT (382884.65482663456 3768984.6785043855),1515 West Wilshire Blvd,90017.0,1.0,2014,18.0,218,0.0825688073394495,2014,DB,90017,2016-12-23 00:00:00,,,18.0,,,,,deduplicated_matched,1515 West Wilshire Blvd,34.0550365,-118.2689781,"(34.0550365, -118.2689781)",106.0,107.0,Westlake
5143001004,12/23/2015,2015,1,1312 W 8TH ST,LOS ANGELES ,90017.0,5.0,,34.0503407,-118.2696226,"(34.0503407, -118.2696226)",POINT (382818.70744223916 3768464.7030549888),1312 W 8th St,90025.0,1.0,2016,3.0,36,0.0833333333333333,2016,DB,90025,,,,3.0,,,,,deduplicated_matched,1312 W 8th St,34.0503407,-118.2696226,"(34.0503407, -118.2696226)",106.0,107.0,Westlake
5143001005,12/23/2015,2015,1,806 S COLUMBIA AVE,LOS ANGELES ,90017.0,2.0,,34.0502618,-118.2699072,"(34.0502618, -118.2699072)",POINT (382792.3297413164 3768456.2799198614),1312 W 8th St,90025.0,1.0,2016,3.0,36,0.0833333333333333,2016,DB,90025,,,,3.0,,,,,deduplicated_matched,1312 W 8th St,34.0503407,-118.2696226,"(34.0503407, -118.2696226)",106.0,107.0,Westlake
5143001014,1/12/2017,2017,1,1312 W 8TH ST,LOS ANGELES ,90017.0,7.0,,34.0503407,-118.2696226,"(34.0503407, -118.2696226)",POINT (382818.70744223916 3768464.7030549888),1312 W 8th St,90025.0,1.0,2016,3.0,36,0.0833333333333333,2016,DB,90025,,,,3.0,,,,,deduplicated_matched,1312 W 8th St,34.0503407,-118.2696226,"(34.0503407, -118.2696226)",106.0,107.0,Westlake
5147029048,4/12/2019,2019,14,660 S STANFORD AVE,LOS ANGELES ,90021.0,52.0,82.0,33.8963988,-118.2606936,"(33.8963988, -118.2606936)",POINT (383432.9470695696 3751384.2487157043),450 S. Stanford Ave.,90013.0,14.0,2021,94.0,95,0.9894736842105264,2021,Other/Discretionary,90013,,,,94.0,,,,Zoning Administrator's Determination (adaptive reuse),deduplicated_matched,450 S. Stanford Ave.,33.8963988,-118.2606936,"(33.8963988, -118.2606936)",,,
5147029048,4/12/2019,2019,14,660 S STANFORD AVE,LOS ANGELES ,90021.0,52.0,82.0,33.8963988,-118.2606936,"(33.8963988, -118.2606936)",POINT (383432.9470695696 3751384.2487157043),660 S. Stanford Ave.,90021.0,14.0,2019,81.0,82,0.9878048780487804,2019,Other/Discretionary,90021,,17.0,,64.0,,,,"General Plan Amendment, Vesting Zone Change, Height District Change",deduplicated_matched,660 S. Stanford Ave.,33.8963988,-118.2606936,"(33.8963988, -118.2606936)",,,
5153002010,2/21/2018,2018,1,250 S BURLINGTON AVE,LOS ANGELES ,90057.0,2.0,,34.0618639,-118.2684137,"(34.0618639, -118.2684137)",POINT (382946.13509557024 3769741.117963672),255 S. Burlington Ave.,90057.0,1.0,2020,13.0,130,0.1,2020,TOC,90057,,13.0,,,,,,TOC Tier 3,deduplicated_matched,255 S. Burlington Ave.,34.0619,-118.26868,"(34.0619, -118.26868)",106.0,107.0,Westlake
5153002028,7/14/2014,2014,1,260 S BURLINGTON AVE,Los Angeles ,90026.0,4.0,,34.0616168,-118.2683879,"(34.0616168, -118.2683879)",POINT (382948.17636422516 3769713.6876797513),255 S. Burlington Ave.,90057.0,1.0,2020,13.0,130,0.1,2020,TOC,90057,,13.0,,,,,,TOC Tier 3,deduplicated_matched,255 S. Burlington Ave.,34.0619,-118.26868,"(34.0619, -118.26868)",106.0,107.0,Westlake
5153024019,8/14/2017,2017,1,485 S HARTFORD AVE,LOS ANGELES ,90017.0,8.0,,34.056083,-118.2644057,"(34.056083, -118.2644057)",POINT (383308.10663665424 3769095.4984983075),1441 W. 5th St.,90017.0,1.0,2022,36.0,218,0.1651376146788991,2022,DB,90017,,,,33.0,3.0,,,,deduplicated_matched,1441 W. 5th St.,34.0557704,-118.2642613,"(34.0557704, -118.2642613)",106.0,107.0,Westlake
5153024022,8/14/2017,2017,1,491 S HARTFORD AVE,LOS ANGELES ,90017.0,4.0,,34.0560185,-118.2645222,"(34.0560185, -118.2645222)",POINT (383297.265792797 3769088.4790547146),1441 W. 5th St.,90017.0,1.0,2022,36.0,218,0.1651376146788991,2022,DB,90017,,,,33.0,3.0,,,,deduplicated_matched,1441 W. 5th St.,34.0557704,-118.2642613,"(34.0557704, -118.2642613)",106.0,107.0,Westlake
5153028014,1/22/2015,2015,1,1432 W MIRAMAR ST,LOS ANGELES ,90026.0,15.0,,34.0596669,-118.2619977,"(34.0596669, -118.2619977)",POINT (383535.25728586613 3769490.169786309),1432 W. Miramar St.,90026.0,1.0,2022,93.0,94,0.9893617021276596,2022,TOC,90026,,5.0,,4.0,84.0,,,TOC Tier 4,deduplicated_matched,1432 W. Miramar St.,34.0596669,-118.2619977,"(34.0596669, -118.2619977)",106.0,107.0,Westlake
5154001023,6/27/2008,2008,13,208 S BONNIE BRAE ST,Los Angeles ,90057.0,20.0,,34.0640315,-118.2682247,"(34.0640315, -118.2682247)",POINT (382966.5582323011 3769981.2654419835),"208 S BONNIE BRAE ST 1-92 Los Angeles, CA 90057",90057.0,1.0,2009,,93,0.989247311827957,2008,DB,90057,2009-12-31 00:00:00,,,,92.0,,,,deduplicated_matched,"208 S BONNIE BRAE ST Los Angeles, CA",34.0640315,-118.2682247,"(34.0640315, -118.2682247)",106.0,107.0,Westlake
5154006010,8/1/2018,2018,1,155 S MOUNTAIN VIEW AVE,LOS ANGELES ,90057.0,20.0,84.0,34.065028,-118.270985,"(34.065028, -118.270985)",POINT (382713.1916735635 3770094.928999218),166 S. Alvarado St.,90057.0,1.0,2018,83.0,84,0.988095238095238,2018,TOC,90057,2022-11-30 00:00:00,7.0,,4.0,72.0,,,TOC Tier 3,deduplicated_matched,166 S. Alvarado St.,34.0649187,-118.2712599,"(34.0649187, -118.2712599)",106.0,107.0,Westlake
5154029016,1/21/2020,2020,1,501 S WESTLAKE AVE,LOS ANGELES ,90057.0,4.0,,34.0597616,-118.2734587,"(34.0597616, -118.2734587)",POINT (382477.6328195286 3769513.7806783235),441 S. Westlake Ave.,90057.0,1.0,2021,62.0,63,0.984126984126984,2021,TOC,90057,2024-06-11 00:00:00,62.0,,,,,,TOC Tier 4,deduplicated_matched,441 S. Westlake Ave.,34.05992579999999,-118.2735201,"(34.05992579999999, -118.2735201)",106.0,107.0,Westlake
5154029017,1/21/2020,2020,1,437 S WESTLAKE AVE,LOS ANGELES ,90057.0,10.0,,34.0598725,-118.2733278,"(34.0598725, -118.2733278)",POINT (382489.8668890704 3769525.927911713),441 S. Westlake Ave.,90057.0,1.0,2021,62.0,63,0.984126984126984,2021,TOC,90057,2024-06-11 00:00:00,62.0,,,,,,TOC Tier 4,deduplicated_matched,441 S. Westlake Ave.,34.05992579999999,-118.2735201,"(34.05992579999999, -118.2735201)",106.0,107.0,Westlake
5154036008,7/9/2018,2018,1,2347 W OCEAN VIEW AVE,LOS ANGELES ,90057.0,2.0,,34.0631466,-118.2769295,"(34.0631466, -118.2769295)",POINT (382161.9929485517 3769893.1350189815),2347 W. Ocean View Ave.,90057.0,1.0,2020,2.0,20,0.1,2020,TOC,90057,,2.0,,,,,,TOC Tier 3,deduplicated_matched,2347 W. Ocean View Ave.,34.0631466,-118.2769295,"(34.0631466, -118.2769295)",106.0,107.0,Westlake
5154037003,5/20/2021,2021,1,2310 W OCEAN VIEW AVE,LOS ANGELES ,90057.0,3.0,,34.0625929,-118.2759817,"(34.0625929, -118.2759817)",POINT (382248.6975620693 3769830.6438505673),2310 W. Ocean View Ave.,90057.0,1.0,2020,4.0,24,0.1666666666666666,2020,TOC,90057,,1.0,,3.0,,,,TOC Tier 3,deduplicated_matched,2310 W. Ocean View Ave.,34.0625929,-118.2759817,"(34.0625929, -118.2759817)",106.0,107.0,Westlake
5155004021,11/6/2017,2017,13,139 S OCCIDENTAL BLVD,LOS ANGELES ,90057.0,12.0,,34.069856,-118.2810877,"(34.069856, -118.2810877)",POINT (381787.56056933344 3770641.9368233844),139 S. Occidental Blvd.,90057.0,13.0,2021,9.0,74,0.1216216216216216,2021,TOC,90057,2024-12-13 00:00:00,6.0,,1.0,2.0,,,TOC Tier 1,deduplicated_matched,139 S. Occidental Blvd.,34.069856,-118.2810877,"(34.069856, -118.2810877)",106.0,107.0,Westlake
5155009013,5/26/2015,2015,1,336 S RENO ST,LOS ANGELES ,90057.0,8.0,,34.067228,-118.28358,"(34.067228, -118.28358)",POINT (381553.9112065376 3770353.4027762525),326 S. Reno St.,90057.0,1.0,2017,6.0,65,0.0923076923076923,2017,DB,90057,2021-06-25 00:00:00,,,6.0,,,,,deduplicated_matched,326 S. Reno St.,34.06730270000001,-118.2835149,"(34.06730270000001, -118.2835149)",106.0,107.0,Westlake
5155009014,5/26/2015,2015,1,326 S RENO ST,LOS ANGELES ,90057.0,8.0,,34.06730270000001,-118.2835149,"(34.06730270000001, -118.2835149)",POINT (381560.02283957705 3770361.610833011),326 S. Reno St.,90057.0,1.0,2017,6.0,65,0.0923076923076923,2017,DB,90057,2021-06-25 00:00:00,,,6.0,,,,,deduplicated_matched,326 S. Reno St.,34.06730270000001,-118.2835149,"(34.06730270000001, -118.2835149)",106.0,107.0,Westlake
5155013004,8/19/2015,2015,13,218 S OCCIDENTAL BLVD,LOS ANGELES ,90057.0,6.0,,34.068522,-118.2811,"(34.068522, -118.2811)",POINT (381784.572331023 3770494.024218205),218 S. Occidental Blvd.,90057.0,13.0,2017,11.0,47,0.2340425531914893,2017,DB,90057,,,,6.0,5.0,,,,deduplicated_matched,218 S. Occidental Blvd.,34.068522,-118.2811,"(34.068522, -118.2811)",106.0,107.0,Westlake
5155013005,8/19/2015,2015,13,224 S OCCIDENTAL BLVD,LOS ANGELES ,90057.0,5.0,,34.0683999,-118.281177,"(34.0683999, -118.281177)",POINT (381777.296968158 3770480.573610119),218 S. Occidental Blvd.,90057.0,13.0,2017,11.0,47,0.2340425531914893,2017,DB,90057,,,,6.0,5.0,,,,deduplicated_matched,218 S. Occidental Blvd.,34.068522,-118.2811,"(34.068522, -118.2811)",106.0,107.0,Westlake
5155021016,8/17/2016,2016,1,335 S RAMPART BLVD,LOS ANGELES ,90057.0,4.0,,34.065596,-118.2797896,"(34.065596, -118.2797896)",POINT (381901.43861915794 3770168.0470685596),329 S. Rampart Blvd.,90057.0,1.0,2018,8.0,53,0.1509433962264151,2018,DB,90057,,,,5.0,3.0,,,,deduplicated_matched,329 S. Rampart Blvd.,34.0656942,-118.2795543,"(34.0656942, -118.2795543)",106.0,107.0,Westlake
5155021018,8/17/2016,2016,1,329 S RAMPART BLVD,LOS ANGELES ,90057.0,4.0,,34.0656942,-118.2795543,"(34.0656942, -118.2795543)",POINT (381923.2896228382 3770178.66471843),329 S. Rampart Blvd.,90057.0,1.0,2018,8.0,53,0.1509433962264151,2018,DB,90057,,,,5.0,3.0,,,,deduplicated_matched,329 S. Rampart Blvd.,34.0656942,-118.2795543,"(34.0656942, -118.2795543)",106.0,107.0,Westlake
5156007008,2/10/2023,2023,13,326 N ROBINSON ST,LOS ANGELES ,90026.0,3.0,,34.0763444,-118.2814332,"(34.0763444, -118.2814332)",POINT (381764.69444614387 3771361.8333326215),330 N. Robinson St.,90026.0,13.0,2022,3.0,20,0.15,2022,TOC,90026,,1.0,,2.0,,,,TOC Tier 1,deduplicated_matched,330 N. Robinson St.,34.0764432,-118.2813454,"(34.0764432, -118.2813454)",106.0,107.0,Westlake
5156016002,1/28/2019,2019,13,2812 W TEMPLE ST,LOS ANGELES ,90026.0,4.0,,34.0736791,-118.2780882,"(34.0736791, -118.2780882)",POINT (382069.6557437037 3771062.415529548),2812 W. Temple St.,90026.0,13.0,2019,4.0,42,0.0952380952380952,2019,TOC,90026,2022-11-30 00:00:00,4.0,,,,,,TOC Tier 1,deduplicated_matched,2812 W. Temple St.,34.0736791,-118.2780882,"(34.0736791, -118.2780882)",106.0,107.0,Westlake
5157021028,12/21/2018,2018,13,218 N ALVARADO ST,LOS ANGELES ,90026.0,2.0,,34.0681583,-118.269132,"(34.0681583, -118.269132)",POINT (382888.5051372989 3770439.922587448),222 N. Alvarado St.,90026.0,13.0,2021,6.0,60,0.1,2021,TOC,90026,,6.0,,,,,,TOC Tier 2,deduplicated_matched,222 N. Alvarado St.,34.0682684,-118.269073,"(34.0682684, -118.269073)",106.0,107.0,Westlake
5157021030,12/21/2018,2018,13,220 N ALVARADO ST,LOS ANGELES ,90026.0,3.0,,34.068194,-118.2688903,"(34.068194, -118.2688903)",POINT (382910.8589396402 3770443.604559576),222 N. Alvarado St.,90026.0,13.0,2021,6.0,60,0.1,2021,TOC,90026,,6.0,,,,,,TOC Tier 2,deduplicated_matched,222 N. Alvarado St.,34.0682684,-118.269073,"(34.0682684, -118.269073)",106.0,107.0,Westlake
5157023015,8/21/2019,2019,13,418 N ALVARADO ST,LOS ANGELES ,90026.0,2.0,,34.0707068,-118.2674706,"(34.0707068, -118.2674706)",POINT (383045.32597838773 3770720.62289158),422 N. Alvarado St.,90026.0,13.0,2022,6.0,73,0.0821917808219178,2022,DB,90026,,,,6.0,,,,,deduplicated_matched,422 N. Alvarado St.,34.07083,-118.26747,"(34.07083, -118.26747)",106.0,107.0,Westlake
5157025029,6/5/2019,2019,13,319 N WESTLAKE AVE,LOS ANGELES ,90026.0,2.0,,34.0693374,-118.2670414,"(34.0693374, -118.2670414)",POINT (383083.05091903196 3770568.2800298403),319 N. Westlake Ave.,90026.0,13.0,2019,4.0,14,0.2857142857142857,2019,TOC,90026,,2.0,,1.0,1.0,,,TOC Tier 2,deduplicated_matched,319 N. Westlake Ave.,34.0693374,-118.2670414,"(34.0693374, -118.2670414)",106.0,107.0,Westlake
5159023011,4/4/2013,2013,13,1623 W TEMPLE ST,Los Angeles ,90026.0,2.0,0.0,34.0684769,-118.2617281,"(34.0684769, -118.2617281)",POINT (383572.1911396093 3770466.7973320843),1626 W. Temple St.,90026.0,13.0,2022,7.0,72,0.0972222222222222,2022,TOC,90026,,7.0,,,,,,TOC Tier 2,deduplicated_matched,1626 W. Temple St.,34.0681012,-118.2618443,"(34.0681012, -118.2618443)",106.0,107.0,Westlake
5160009012,1/19/2021,2021,1,1415 W COURT ST,LOS ANGELES ,90026.0,2.0,,34.0651187,-118.2586809,"(34.0651187, -118.2586809)",POINT (383848.8097654558 3770090.9437066647),1415 W. Court St.,90026.0,1.0,2022,7.0,46,0.1521739130434782,2022,TOC,90026,,2.0,,4.0,1.0,,,TOC Tier 1,deduplicated_matched,1415 W. Court St.,34.0651187,-118.2586809,"(34.0651187, -118.2586809)",26.0,27.0,Echo Park
5160009013,1/19/2021,2021,1,1411 W COURT ST,LOS ANGELES ,90026.0,4.0,,34.065147,-118.258797,"(34.065147, -118.258797)",POINT (383838.13402460073 3770094.2137412634),1415 W. Court St.,90026.0,1.0,2022,7.0,46,0.1521739130434782,2022,TOC,90026,,2.0,,4.0,1.0,,,TOC Tier 1,deduplicated_matched,1415 W. Court St.,34.0651187,-118.2586809,"(34.0651187, -118.2586809)",26.0,27.0,Echo Park
5160009023,10/23/2014,2014,1,345 N DOUGLAS ST,Los Angeles ,90026.0,2.0,,33.9205976,-118.3832404,"(33.9205976, -118.3832404)",POINT (372137.29228412546 3754213.459202939),509 N. Douglas St.,90026.0,1.0,2021,12.0,12,1.0,2021,TOC,90026,,2.0,,,10.0,,,TOC Tier 3,deduplicated_matched,509 N. Douglas St.,33.9205976,-118.3832404,"(33.9205976, -118.3832404)",,,
5160011010,1/6/2017,2017,1,1346 W COURT ST,LOS ANGELES ,90026.0,2.0,,34.0643655,-118.2580088,"(34.0643655, -118.2580088)",POINT (383909.8076076339 3770006.6587948655),1350 W Court St.,90026.0,1.0,2022,6.0,69,0.0869565217391304,2022,TOC,90026,,6.0,,,,,,TOC Tier 1,deduplicated_matched,1350 W Court St.,34.06453,-118.258,"(34.06453, -118.258)",26.0,27.0,Echo Park
5160022028,8/20/2015,2015,1,401 N BOYLSTON ST,LOS ANGELES ,90012.0,8.0,0.0,34.0639889,-118.2536508,"(34.0639889, -118.2536508)",POINT (384311.48005771625 3769959.9595268983),327 N Boylston St,90012.0,1.0,2016,14.0,121,0.1157024793388429,2016,DB,90012,2020-01-27 00:00:00,,,14.0,,,,,deduplicated_matched,327 N Boylston St,34.0639852,-118.2536267,"(34.0639852, -118.2536267)",26.0,27.0,Echo Park
5160022029,8/20/2015,2015,1,407 N BOYLSTON ST,LOS ANGELES ,90012.0,3.0,0.0,34.0641532,-118.2535593,"(34.0641532, -118.2535593)",POINT (384320.1476079411 3769978.075111132),327 N Boylston St,90012.0,1.0,2016,14.0,121,0.1157024793388429,2016,DB,90012,2020-01-27 00:00:00,,,14.0,,,,,deduplicated_matched,327 N Boylston St,34.0639852,-118.2536267,"(34.0639852, -118.2536267)",26.0,27.0,Echo Park
5160022030,8/24/2015,2015,1,411 N BOYLSTON ST,LOS ANGELES ,90026.0,3.0,121.0,34.06424920000001,-118.2534973,"(34.06424920000001, -118.2534973)",POINT (384325.99985085445 3769988.6503406363),327 N Boylston St,90012.0,1.0,2016,14.0,121,0.1157024793388429,2016,DB,90012,2020-01-27 00:00:00,,,14.0,,,,,deduplicated_matched,327 N Boylston St,34.0639852,-118.2536267,"(34.0639852, -118.2536267)",26.0,27.0,Echo Park
5174024005,11/15/2018,2018,14,1604 E PLEASANT AVE,LOS ANGELES ,90033.0,2.0,,34.0482262,-118.220993,"(34.0482262, -118.220993)",POINT (387304.49534634326 3768175.596017248),1612 E. Pleasant Ave.,90033.0,14.0,2019,3.0,18,0.1666666666666666,2019,TOC,90033,2022-02-09 00:00:00,3.0,,,,,,TOC Tier 3,deduplicated_matched,1612 E. Pleasant Ave.,34.0480275,-118.2205695,"(34.0480275, -118.2205695)",9.0,10.0,Boyle Heights
5174024011,3/12/2019,2019,14,1612 E PLEASANT AVE,LOS ANGELES ,90033.0,3.0,18.0,34.0480275,-118.2205695,"(34.0480275, -118.2205695)",POINT (387343.323035075 3768153.0961044985),1612 E. Pleasant Ave.,90033.0,14.0,2019,3.0,18,0.1666666666666666,2019,TOC,90033,2022-02-09 00:00:00,3.0,,,,,,TOC Tier 3,deduplicated_matched,1612 E. Pleasant Ave.,34.0480275,-118.2205695,"(34.0480275, -118.2205695)",9.0,10.0,Boyle Heights
5175014008,4/7/2020,2020,14,327 N CHICAGO ST,LOS ANGELES ,90033.0,2.0,,34.0489184,-118.2103266,"(34.0489184, -118.2103266)",POINT (388289.94858008635 3768240.6553032366),314 N. Chicago St.,90033.0,14.0,2019,1.0,7,0.1428571428571428,2019,TOC,90033,2021-06-04 00:00:00,,,1.0,,,,TOC Tier 3,deduplicated_matched,314 N. Chicago St.,34.0485052,-118.210132,"(34.0485052, -118.210132)",9.0,10.0,Boyle Heights
5180001013,2/25/2022,2022,14,228 N SOTO ST,LOS ANGELES ,90033.0,2.0,,34.045917,-118.208018,"(34.045917, -118.208018)",POINT (388499.1090132816 3767905.3173454744),228 N. Soto St.,90033.0,14.0,2022,40.0,41,0.975609756097561,2022,TOC,90033,,5.0,,,35.0,,,TOC Tier 4,deduplicated_matched,228 N. Soto St.,34.045917,-118.208018,"(34.045917, -118.208018)",9.0,10.0,Boyle Heights
5180002002,2/8/2019,2019,14,2424 E MICHIGAN AVE,LOS ANGELES ,90033.0,2.0,,34.0386836,-118.1779051,"(34.0386836, -118.1779051)",POINT (391269.4672299008 3767070.816997574),2424 E. Michigan Ave.,90033.0,14.0,2020,16.0,17,0.9411764705882352,2020,TOC,90033,,2.0,,1.0,13.0,,,TOC Tier 4,deduplicated_matched,2424 E. Michigan Ave.,34.0386836,-118.1779051,"(34.0386836, -118.1779051)",,,
5180002002,2/8/2019,2019,14,2424 E MICHIGAN AVE,LOS ANGELES ,90033.0,2.0,,34.0386836,-118.1779051,"(34.0386836, -118.1779051)",POINT (391269.4672299008 3767070.816997574),2601 E MICHIGAN AVE,,,2024,49.0,50,0.98,2024,ED1,,,0.0,,2.0,42.0,5.0,0.0,,ed1,2601 E MICHIGAN AVE,34.0386836,-118.1779051,"(34.0386836, -118.1779051)",,,
5180002029,4/24/2018,2018,14,2423 E 1ST ST,LOS ANGELES ,90033.0,2.0,29.0,34.0435425,-118.2089656,"(34.0435425, -118.2089656)",POINT (388408.52916259656 3767643.046562728),2423 E. 1st Street,90033.0,14.0,2018,28.0,29,0.9655172413793104,2018,DB,90033,2020-03-12 00:00:00,,,4.0,24.0,,,,deduplicated_matched,2423 E. 1st Street,34.0435425,-118.2089656,"(34.0435425, -118.2089656)",9.0,10.0,Boyle Heights
5180002029,4/24/2018,2018,14,2423 E 1ST ST,LOS ANGELES ,90033.0,2.0,29.0,34.0435425,-118.2089656,"(34.0435425, -118.2089656)",POINT (388408.52916259656 3767643.046562728),2409 E 1st St,90033.0,14.0,2016,49.0,50,0.98,2016,DB,90033,2018-04-06 00:00:00,,,15.0,34.0,,,,deduplicated_matched,2409 E 1st St,34.043679,-118.2093368,"(34.043679, -118.2093368)",9.0,10.0,Boyle Heights
5180003028,2/19/2020,2020,14,2416 E 1ST ST,LOS ANGELES ,90033.0,2.0,,34.0431903,-118.2092187,"(34.0431903, -118.2092187)",POINT (388384.7044030302 3767604.2678251616),2423 E. 1st Street,90033.0,14.0,2018,28.0,29,0.9655172413793104,2018,DB,90033,2020-03-12 00:00:00,,,4.0,24.0,,,,deduplicated_matched,2423 E. 1st Street,34.0435425,-118.2089656,"(34.0435425, -118.2089656)",9.0,10.0,Boyle Heights
5180007033,11/9/2023,2023,14,2510 E MICHIGAN AVE,LOS ANGELES ,90033.0,3.0,,34.0386836,-118.1779051,"(34.0386836, -118.1779051)",POINT (391269.4672299008 3767070.816997574),2424 E. Michigan Ave.,90033.0,14.0,2020,16.0,17,0.9411764705882352,2020,TOC,90033,,2.0,,1.0,13.0,,,TOC Tier 4,deduplicated_matched,2424 E. Michigan Ave.,34.0386836,-118.1779051,"(34.0386836, -118.1779051)",,,
5180007033,11/9/2023,2023,14,2510 E MICHIGAN AVE,LOS ANGELES ,90033.0,3.0,,34.0386836,-118.1779051,"(34.0386836, -118.1779051)",POINT (391269.4672299008 3767070.816997574),2601 E MICHIGAN AVE,,,2024,49.0,50,0.98,2024,ED1,,,0.0,,2.0,42.0,5.0,0.0,,ed1,2601 E MICHIGAN AVE,34.0386836,-118.1779051,"(34.0386836, -118.1779051)",,,
5180008011,5/23/2019,2019,14,325 N FICKETT ST,LOS ANGELES ,90033.0,3.0,,34.0449766,-118.2061928,"(34.0449766, -118.2061928)",POINT (388666.3563807725 3767799.0507061346),325 N. Fickett St.,90033.0,14.0,2019,21.0,22,0.9545454545454546,2019,TOC,90033,2023-03-31 00:00:00,3.0,,1.0,17.0,,,TOC Tier 4,deduplicated_matched,325 N. Fickett St.,34.0449766,-118.2061928,"(34.0449766, -118.2061928)",9.0,10.0,Boyle Heights
5180009019,2/12/2024,2024,14,2605 E MICHIGAN AVE,LOS ANGELES ,90033.0,3.0,,34.0386836,-118.1779051,"(34.0386836, -118.1779051)",POINT (391269.4672299008 3767070.816997574),2424 E. Michigan Ave.,90033.0,14.0,2020,16.0,17,0.9411764705882352,2020,TOC,90033,,2.0,,1.0,13.0,,,TOC Tier 4,deduplicated_matched,2424 E. Michigan Ave.,34.0386836,-118.1779051,"(34.0386836, -118.1779051)",,,
5180009019,2/12/2024,2024,14,2605 E MICHIGAN AVE,LOS ANGELES ,90033.0,3.0,,34.0386836,-118.1779051,"(34.0386836, -118.1779051)",POINT (391269.4672299008 3767070.816997574),2601 E MICHIGAN AVE,,,2024,49.0,50,0.98,2024,ED1,,,0.0,,2.0,42.0,5.0,0.0,,ed1,2601 E MICHIGAN AVE,34.0386836,-118.1779051,"(34.0386836, -118.1779051)",,,
5180010031,11/13/2020,2020,14,2622 E MICHIGAN AVE,LOS ANGELES ,90033.0,4.0,,34.0386836,-118.1779051,"(34.0386836, -118.1779051)",POINT (391269.4672299008 3767070.816997574),2424 E. Michigan Ave.,90033.0,14.0,2020,16.0,17,0.9411764705882352,2020,TOC,90033,,2.0,,1.0,13.0,,,TOC Tier 4,deduplicated_matched,2424 E. Michigan Ave.,34.0386836,-118.1779051,"(34.0386836, -118.1779051)",,,
5180010031,11/13/2020,2020,14,2622 E MICHIGAN AVE,LOS ANGELES ,90033.0,4.0,,34.0386836,-118.1779051,"(34.0386836, -118.1779051)",POINT (391269.4672299008 3767070.816997574),2601 E MICHIGAN AVE,,,2024,49.0,50,0.98,2024,ED1,,,0.0,,2.0,42.0,5.0,0.0,,ed1,2601 E MICHIGAN AVE,34.0386836,-118.1779051,"(34.0386836, -118.1779051)",,,
5183001017,5/23/2019,2019,14,2025 E NEW JERSEY ST,LOS ANGELES ,90033.0,2.0,,34.0480043,-118.2123474,"(34.0480043, -118.2123474)",POINT (388102.2224120152 3768141.5006620036),2025 E. New Jersey St.,90033.0,14.0,2020,14.0,15,0.9333333333333332,2020,TOC,90033,2024-02-06 00:00:00,2.0,,1.0,11.0,,,TOC Tier 4,deduplicated_matched,2025 E. New Jersey St.,34.0480043,-118.2123474,"(34.0480043, -118.2123474)",9.0,10.0,Boyle Heights
5183008009,10/5/2023,2023,14,2009 E 2ND ST,LOS ANGELES ,90033.0,3.0,,34.0444659,-118.2150391,"(34.0444659, -118.2150391)",POINT (387849.1095512564 3767752.080862247),2009 E 2ND ST,,,2024,45.0,46,0.9782608695652174,2024,ED1,,,1.0,,9.0,26.0,9.0,0.0,,ed1,2009 E 2ND ST,34.0444659,-118.2150391,"(34.0444659, -118.2150391)",9.0,10.0,Boyle Heights
5183013001,8/14/2019,2019,14,311 S SOTO ST,LOS ANGELES ,90033.0,3.0,,34.0411957,-118.211603,"(34.0411957, -118.211603)",POINT (388161.99382476363 3767385.6937133144),2330 E 3RD ST,,,2024,52.0,53,0.981132075471698,2024,ED1,,,0.0,,2.0,42.0,8.0,0.0,,ed1,2330 E 3RD ST,34.0413813,-118.2115658,"(34.0413813, -118.2115658)",9.0,10.0,Boyle Heights
5201014012,5/29/2019,2019,14,1039 N CUMMINGS ST,LOS ANGELES ,90033.0,3.0,,34.0559506,-118.2079243,"(34.0559506, -118.2079243)",POINT (388520.8939039394 3769017.8231232786),1041 N. Cummings St.,90003.0,14.0,2021,4.0,18,0.2222222222222222,2021,TOC,90003,2024-05-15 00:00:00,2.0,,2.0,,,,TOC Tier 2; RSO Exemption,deduplicated_matched,1041 N. Cummings St.,34.0559256,-118.2077667,"(34.0559256, -118.2077667)",9.0,10.0,Boyle Heights
5201014014,5/12/2016,2016,14,1031 N CUMMINGS ST,LOS ANGELES ,90033.0,2.0,,34.0557378,-118.208093,"(34.0557378, -118.208093)",POINT (388505.04507652763 3768994.4099582466),1041 N. Cummings St.,90003.0,14.0,2021,4.0,18,0.2222222222222222,2021,TOC,90003,2024-05-15 00:00:00,2.0,,2.0,,,,TOC Tier 2; RSO Exemption,deduplicated_matched,1041 N. Cummings St.,34.0559256,-118.2077667,"(34.0559256, -118.2077667)",9.0,10.0,Boyle Heights
5202007010,12/18/2019,2019,14,1120 N CORNWELL ST,LOS ANGELES ,90033.0,2.0,,34.056006,-118.2042442,"(34.056006, -118.2042442)",POINT (388860.6207849999 3769019.961843669),1126 N. Cornwell St.,90033.0,14.0,2021,3.0,31,0.0967741935483871,2021,TOC,90033,2024-05-28 00:00:00,3.0,,,,,,TOC Tier 2,deduplicated_matched,1126 N. Cornwell St.,34.0562371,-118.2043458,"(34.0562371, -118.2043458)",9.0,10.0,Boyle Heights
5202007020,1/29/2021,2021,14,1126 N CORNWELL ST,LOS ANGELES ,90033.0,3.0,,34.0562371,-118.2043458,"(34.0562371, -118.2043458)",POINT (388851.54532523284 3769045.698507301),1126 N. Cornwell St.,90033.0,14.0,2021,3.0,31,0.0967741935483871,2021,TOC,90033,2024-05-28 00:00:00,3.0,,,,,,TOC Tier 2,deduplicated_matched,1126 N. Cornwell St.,34.0562371,-118.2043458,"(34.0562371, -118.2043458)",9.0,10.0,Boyle Heights
5210003011,7/31/2018,2018,1,2013 N WORKMAN ST,LOS ANGELES ,90031.0,2.0,,34.2978138,-118.4292721,"(34.2978138, -118.4292721)",POINT (368467.20492444985 3796102.353009823),1837 N. Workman St.,90031.0,14.0,2022,16.0,16,1.0,2022,TOC,90031,,1.0,,1.0,14.0,,,TOC Tier 2,deduplicated_matched,1837 N. Workman St.,34.2978138,-118.4292721,"(34.2978138, -118.4292721)",,,
5210003011,7/31/2018,2018,1,2013 N WORKMAN ST,LOS ANGELES ,90031.0,2.0,,34.2978138,-118.4292721,"(34.2978138, -118.4292721)",POINT (368467.20492444985 3796102.353009823),1931 N WORKMAN ST,,,2024,136.0,137,0.9927007299270072,2024,ED1,,,0.0,,1.0,107.0,28.0,0.0,,ed1,1931 N WORKMAN ST,34.2978138,-118.4292721,"(34.2978138, -118.4292721)",,,
5210003011,7/31/2018,2018,1,2013 N WORKMAN ST,LOS ANGELES ,90031.0,2.0,,34.2978138,-118.4292721,"(34.2978138, -118.4292721)",POINT (368467.20492444985 3796102.353009823),1931 N WORKMAN ST,,,2024,89.0,90,0.9888888888888888,2024,ED1,,,0.0,,1.0,70.0,18.0,0.0,,ed1,1931 N WORKMAN ST,34.2978138,-118.4292721,"(34.2978138, -118.4292721)",,,
5210005026,7/6/2021,2021,14,1805 N WORKMAN ST,LOS ANGELES ,90031.0,2.0,,34.2978138,-118.4292721,"(34.2978138, -118.4292721)",POINT (368467.20492444985 3796102.353009823),1837 N. Workman St.,90031.0,14.0,2022,16.0,16,1.0,2022,TOC,90031,,1.0,,1.0,14.0,,,TOC Tier 2,deduplicated_matched,1837 N. Workman St.,34.2978138,-118.4292721,"(34.2978138, -118.4292721)",,,
5210005026,7/6/2021,2021,14,1805 N WORKMAN ST,LOS ANGELES ,90031.0,2.0,,34.2978138,-118.4292721,"(34.2978138, -118.4292721)",POINT (368467.20492444985 3796102.353009823),1931 N WORKMAN ST,,,2024,136.0,137,0.9927007299270072,2024,ED1,,,0.0,,1.0,107.0,28.0,0.0,,ed1,1931 N WORKMAN ST,34.2978138,-118.4292721,"(34.2978138, -118.4292721)",,,
5210005026,7/6/2021,2021,14,1805 N WORKMAN ST,LOS ANGELES ,90031.0,2.0,,34.2978138,-118.4292721,"(34.2978138, -118.4292721)",POINT (368467.20492444985 3796102.353009823),1931 N WORKMAN ST,,,2024,89.0,90,0.9888888888888888,2024,ED1,,,0.0,,1.0,70.0,18.0,0.0,,ed1,1931 N WORKMAN ST,34.2978138,-118.4292721,"(34.2978138, -118.4292721)",,,
5210008011,7/30/2019,2019,14,1848 N WORKMAN ST,LOS ANGELES ,90031.0,2.0,,34.2978231,-118.4292601,"(34.2978231, -118.4292601)",POINT (368468.3238425979 3796103.368815958),1837 N. Workman St.,90031.0,14.0,2022,16.0,16,1.0,2022,TOC,90031,,1.0,,1.0,14.0,,,TOC Tier 2,deduplicated_matched,1837 N. Workman St.,34.2978138,-118.4292721,"(34.2978138, -118.4292721)",,,
5210008011,7/30/2019,2019,14,1848 N WORKMAN ST,LOS ANGELES ,90031.0,2.0,,34.2978231,-118.4292601,"(34.2978231, -118.4292601)",POINT (368468.3238425979 3796103.368815958),1931 N WORKMAN ST,,,2024,136.0,137,0.9927007299270072,2024,ED1,,,0.0,,1.0,107.0,28.0,0.0,,ed1,1931 N WORKMAN ST,34.2978138,-118.4292721,"(34.2978138, -118.4292721)",,,
5210008011,7/30/2019,2019,14,1848 N WORKMAN ST,LOS ANGELES ,90031.0,2.0,,34.2978231,-118.4292601,"(34.2978231, -118.4292601)",POINT (368468.3238425979 3796103.368815958),1931 N WORKMAN ST,,,2024,89.0,90,0.9888888888888888,2024,ED1,,,0.0,,1.0,70.0,18.0,0.0,,ed1,1931 N WORKMAN ST,34.2978138,-118.4292721,"(34.2978138, -118.4292721)",,,
5210013029,12/21/2016,2016,14,1836 N SICHEL ST,LOS ANGELES ,90031.0,2.0,27.0,34.0651135,-118.2125141,"(34.0651135, -118.2125141)",POINT (388109.3229347518 3770038.8943165266),1843 N. Sichel St.,90031.0,14.0,2022,20.0,21,0.9523809523809524,2022,TOC,90031,,1.0,,1.0,18.0,,,TOC Tier 2,deduplicated_matched,1843 N. Sichel St.,34.0651888,-118.2130383,"(34.0651888, -118.2130383)",56.0,57.0,Lincoln Heights
5210013029,12/21/2016,2016,14,1836 N SICHEL ST,LOS ANGELES ,90031.0,2.0,27.0,34.0651135,-118.2125141,"(34.0651135, -118.2125141)",POINT (388109.3229347518 3770038.8943165266),1836 N. Sichel St.,90031.0,14.0,2017,3.0,27,0.1111111111111111,2017,DB,90031,2018-11-01 00:00:00,,,3.0,,,,,deduplicated_matched,1836 N. Sichel St.,34.0651135,-118.2125141,"(34.0651135, -118.2125141)",56.0,57.0,Lincoln Heights
5210024002,5/23/2019,2019,14,1829 N HANCOCK ST,LOS ANGELES ,90031.0,2.0,,34.0549076,-118.242643,"(34.0549076, -118.242643)",POINT (385315.12050330953 3768940.5467975615),1200 S. Magnolia Ave.,90006.0,1.0,2022,2.0,21,0.0952380952380952,2022,TOC,90006,,2.0,,,,,,TOC Tier 2,deduplicated_matched,1200 S. Magnolia Ave.,34.0549076,-118.242643,"(34.0549076, -118.242643)",23.0,24.0,Downtown
5210024002,5/23/2019,2019,14,1829 N HANCOCK ST,LOS ANGELES ,90031.0,2.0,,34.0549076,-118.242643,"(34.0549076, -118.242643)",POINT (385315.12050330953 3768940.5467975615),1240 S. Magnolia Ave.,90006.0,1.0,2022,4.0,36,0.1111111111111111,2022,TOC,90006,,4.0,,,,,,TOC Tier 2,deduplicated_matched,1240 S. Magnolia Ave.,34.0549076,-118.242643,"(34.0549076, -118.242643)",23.0,24.0,Downtown
5210024002,5/23/2019,2019,14,1829 N HANCOCK ST,LOS ANGELES ,90031.0,2.0,,34.0549076,-118.242643,"(34.0549076, -118.242643)",POINT (385315.12050330953 3768940.5467975615),1505 S. Magnolia Ave.,90006.0,1.0,2020,1.0,5,0.2,2020,UDU,90006,,,,1.0,,,,UDU,deduplicated_matched,1505 S. Magnolia Ave.,34.0549076,-118.242643,"(34.0549076, -118.242643)",23.0,24.0,Downtown
5210024002,5/23/2019,2019,14,1829 N HANCOCK ST,LOS ANGELES ,90031.0,2.0,,34.0549076,-118.242643,"(34.0549076, -118.242643)",POINT (385315.12050330953 3768940.5467975615),1338 N Gordon St,90028.0,13.0,2016,4.0,44,0.0909090909090909,2016,DB,90028,2019-08-15 00:00:00,,,4.0,,,,,deduplicated_matched,1338 N Gordon St,34.0549076,-118.242643,"(34.0549076, -118.242643)",23.0,24.0,Downtown
5210024002,5/23/2019,2019,14,1829 N HANCOCK ST,LOS ANGELES ,90031.0,2.0,,34.0549076,-118.242643,"(34.0549076, -118.242643)",POINT (385315.12050330953 3768940.5467975615),"1813-1819 Prosser, Los Angeles 90027",90027.0,5.0,2010,2.0,21,0.0952380952380952,2010,DB,90027,2011-09-06 00:00:00,,,2.0,,,,,deduplicated_matched,"1813-1819 Prosser, Los Angeles",34.0549076,-118.242643,"(34.0549076, -118.242643)",23.0,24.0,Downtown
5210024002,5/23/2019,2019,14,1829 N HANCOCK ST,LOS ANGELES ,90031.0,2.0,,34.0549076,-118.242643,"(34.0549076, -118.242643)",POINT (385315.12050330953 3768940.5467975615),2654 S MAGNOLIA AVE,,,2024,14.0,15,0.9333333333333332,2024,ED1,,,0.0,,1.0,10.0,3.0,0.0,,ed1,2654 S MAGNOLIA AVE,34.0549076,-118.242643,"(34.0549076, -118.242643)",23.0,24.0,Downtown
5210024009,4/17/2019,2019,14,1825 N HANCOCK ST,LOS ANGELES ,90031.0,2.0,,34.0549076,-118.242643,"(34.0549076, -118.242643)",POINT (385315.12050330953 3768940.5467975615),1200 S. Magnolia Ave.,90006.0,1.0,2022,2.0,21,0.0952380952380952,2022,TOC,90006,,2.0,,,,,,TOC Tier 2,deduplicated_matched,1200 S. Magnolia Ave.,34.0549076,-118.242643,"(34.0549076, -118.242643)",23.0,24.0,Downtown
5210024009,4/17/2019,2019,14,1825 N HANCOCK ST,LOS ANGELES ,90031.0,2.0,,34.0549076,-118.242643,"(34.0549076, -118.242643)",POINT (385315.12050330953 3768940.5467975615),1240 S. Magnolia Ave.,90006.0,1.0,2022,4.0,36,0.1111111111111111,2022,TOC,90006,,4.0,,,,,,TOC Tier 2,deduplicated_matched,1240 S. Magnolia Ave.,34.0549076,-118.242643,"(34.0549076, -118.242643)",23.0,24.0,Downtown
5210024009,4/17/2019,2019,14,1825 N HANCOCK ST,LOS ANGELES ,90031.0,2.0,,34.0549076,-118.242643,"(34.0549076, -118.242643)",POINT (385315.12050330953 3768940.5467975615),1505 S. Magnolia Ave.,90006.0,1.0,2020,1.0,5,0.2,2020,UDU,90006,,,,1.0,,,,UDU,deduplicated_matched,1505 S. Magnolia Ave.,34.0549076,-118.242643,"(34.0549076, -118.242643)",23.0,24.0,Downtown
5210024009,4/17/2019,2019,14,1825 N HANCOCK ST,LOS ANGELES ,90031.0,2.0,,34.0549076,-118.242643,"(34.0549076, -118.242643)",POINT (385315.12050330953 3768940.5467975615),1338 N Gordon St,90028.0,13.0,2016,4.0,44,0.0909090909090909,2016,DB,90028,2019-08-15 00:00:00,,,4.0,,,,,deduplicated_matched,1338 N Gordon St,34.0549076,-118.242643,"(34.0549076, -118.242643)",23.0,24.0,Downtown
5210024009,4/17/2019,2019,14,1825 N HANCOCK ST,LOS ANGELES ,90031.0,2.0,,34.0549076,-118.242643,"(34.0549076, -118.242643)",POINT (385315.12050330953 3768940.5467975615),"1813-1819 Prosser, Los Angeles 90027",90027.0,5.0,2010,2.0,21,0.0952380952380952,2010,DB,90027,2011-09-06 00:00:00,,,2.0,,,,,deduplicated_matched,"1813-1819 Prosser, Los Angeles",34.0549076,-118.242643,"(34.0549076, -118.242643)",23.0,24.0,Downtown
5210024009,4/17/2019,2019,14,1825 N HANCOCK ST,LOS ANGELES ,90031.0,2.0,,34.0549076,-118.242643,"(34.0549076, -118.242643)",POINT (385315.12050330953 3768940.5467975615),2654 S MAGNOLIA AVE,,,2024,14.0,15,0.9333333333333332,2024,ED1,,,0.0,,1.0,10.0,3.0,0.0,,ed1,2654 S MAGNOLIA AVE,34.0549076,-118.242643,"(34.0549076, -118.242643)",23.0,24.0,Downtown
5210024011,7/23/2019,2019,14,1817 N HANCOCK ST,LOS ANGELES ,90031.0,2.0,,34.0549076,-118.242643,"(34.0549076, -118.242643)",POINT (385315.12050330953 3768940.5467975615),1200 S. Magnolia Ave.,90006.0,1.0,2022,2.0,21,0.0952380952380952,2022,TOC,90006,,2.0,,,,,,TOC Tier 2,deduplicated_matched,1200 S. Magnolia Ave.,34.0549076,-118.242643,"(34.0549076, -118.242643)",23.0,24.0,Downtown
5210024011,7/23/2019,2019,14,1817 N HANCOCK ST,LOS ANGELES ,90031.0,2.0,,34.0549076,-118.242643,"(34.0549076, -118.242643)",POINT (385315.12050330953 3768940.5467975615),1240 S. Magnolia Ave.,90006.0,1.0,2022,4.0,36,0.1111111111111111,2022,TOC,90006,,4.0,,,,,,TOC Tier 2,deduplicated_matched,1240 S. Magnolia Ave.,34.0549076,-118.242643,"(34.0549076, -118.242643)",23.0,24.0,Downtown
5210024011,7/23/2019,2019,14,1817 N HANCOCK ST,LOS ANGELES ,90031.0,2.0,,34.0549076,-118.242643,"(34.0549076, -118.242643)",POINT (385315.12050330953 3768940.5467975615),1505 S. Magnolia Ave.,90006.0,1.0,2020,1.0,5,0.2,2020,UDU,90006,,,,1.0,,,,UDU,deduplicated_matched,1505 S. Magnolia Ave.,34.0549076,-118.242643,"(34.0549076, -118.242643)",23.0,24.0,Downtown
5210024011,7/23/2019,2019,14,1817 N HANCOCK ST,LOS ANGELES ,90031.0,2.0,,34.0549076,-118.242643,"(34.0549076, -118.242643)",POINT (385315.12050330953 3768940.5467975615),1338 N Gordon St,90028.0,13.0,2016,4.0,44,0.0909090909090909,2016,DB,90028,2019-08-15 00:00:00,,,4.0,,,,,deduplicated_matched,1338 N Gordon St,34.0549076,-118.242643,"(34.0549076, -118.242643)",23.0,24.0,Downtown
5210024011,7/23/2019,2019,14,1817 N HANCOCK ST,LOS ANGELES ,90031.0,2.0,,34.0549076,-118.242643,"(34.0549076, -118.242643)",POINT (385315.12050330953 3768940.5467975615),"1813-1819 Prosser, Los Angeles 90027",90027.0,5.0,2010,2.0,21,0.0952380952380952,2010,DB,90027,2011-09-06 00:00:00,,,2.0,,,,,deduplicated_matched,"1813-1819 Prosser, Los Angeles",34.0549076,-118.242643,"(34.0549076, -118.242643)",23.0,24.0,Downtown
5210024011,7/23/2019,2019,14,1817 N HANCOCK ST,LOS ANGELES ,90031.0,2.0,,34.0549076,-118.242643,"(34.0549076, -118.242643)",POINT (385315.12050330953 3768940.5467975615),2654 S MAGNOLIA AVE,,,2024,14.0,15,0.9333333333333332,2024,ED1,,,0.0,,1.0,10.0,3.0,0.0,,ed1,2654 S MAGNOLIA AVE,34.0549076,-118.242643,"(34.0549076, -118.242643)",23.0,24.0,Downtown
5401008014,5/23/2019,2019,13,3415 W BELLEVUE AVE,LOS ANGELES ,90026.0,4.0,,34.0676347,-118.2518376,"(34.0676347, -118.2518376)",POINT (384483.7630536887 3770362.189547595),3415 W. Bellevue Ave.,90026.0,13.0,2018,3.0,14,0.2142857142857142,2018,DB,90026,,,,2.0,1.0,,,,deduplicated_matched,3415 W. Bellevue Ave.,34.0676347,-118.2518376,"(34.0676347, -118.2518376)",26.0,27.0,Echo Park
5401022019,1/7/2020,2020,13,3105 W BELLEVUE AVE,LOS ANGELES ,90026.0,3.0,,34.0676347,-118.2518376,"(34.0676347, -118.2518376)",POINT (384483.7630536887 3770362.189547595),3415 W. Bellevue Ave.,90026.0,13.0,2018,3.0,14,0.2142857142857142,2018,DB,90026,,,,2.0,1.0,,,,deduplicated_matched,3415 W. Bellevue Ave.,34.0676347,-118.2518376,"(34.0676347, -118.2518376)",26.0,27.0,Echo Park
5402031026,1/31/2018,2018,13,2225 W SUNSET BLVD,LOS ANGELES ,90026.0,11.0,,34.0781377,-118.2659948,"(34.0781377, -118.2659948)",POINT (383191.71494433976 3771542.944795783),2225 W. Sunset Blvd.,90026.0,13.0,2022,18.0,176,0.1022727272727272,2022,TOC,90026,,18.0,,,,,,TOC Tier 3,deduplicated_matched,2225 W. Sunset Blvd.,34.0781377,-118.2659948,"(34.0781377, -118.2659948)",26.0,27.0,Echo Park
5402039016,6/18/2019,2019,13,2135 W BELLEVUE AVE,LOS ANGELES ,90026.0,12.0,,34.0676857,-118.2519218,"(34.0676857, -118.2519218)",POINT (384476.06206947536 3770367.940013911),3415 W. Bellevue Ave.,90026.0,13.0,2018,3.0,14,0.2142857142857142,2018,DB,90026,,,,2.0,1.0,,,,deduplicated_matched,3415 W. Bellevue Ave.,34.0676347,-118.2518376,"(34.0676347, -118.2518376)",26.0,27.0,Echo Park
5404004013,6/5/2018,2018,13,916 N ALVARADO ST,LOS ANGELES ,90026.0,1.0,,34.0757944,-118.2642882,"(34.0757944, -118.2642882)",POINT (383345.9725014905 3771281.1487300037),916 N. Alvarado St.,90026.0,13.0,2018,3.0,27,0.1111111111111111,2018,TOC,90026,2022-10-18 00:00:00,3.0,,,,,,TOC Tier 3,deduplicated_matched,916 N. Alvarado St.,34.0757944,-118.2642882,"(34.0757944, -118.2642882)",26.0,27.0,Echo Park
5405022012,4/12/2018,2018,1,1274 W SUNSET BLVD,LOS ANGELES ,90026.0,3.0,,34.0704993,-118.2507856,"(34.0704993, -118.2507856)",POINT (384584.729860753 3770678.654834535),1275 W. Sunset Blvd.,90026.0,1.0,2021,6.0,75,0.08,2021,TOC,90026,,6.0,,,,,,TOC Tier 1,deduplicated_matched,1275 W. Sunset Blvd.,34.0705171,-118.250296,"(34.0705171, -118.250296)",26.0,27.0,Echo Park
5406015045,1/9/2023,2023,1,1275 W SUNSET BLVD,LOS ANGELES ,90026.0,3.0,,34.0705171,-118.250296,"(34.0705171, -118.250296)",POINT (384629.9341468736 3770680.076145646),1275 W. Sunset Blvd.,90026.0,1.0,2021,6.0,75,0.08,2021,TOC,90026,,6.0,,,,,,TOC Tier 1,deduplicated_matched,1275 W. Sunset Blvd.,34.0705171,-118.250296,"(34.0705171, -118.250296)",26.0,27.0,Echo Park
5406024006,3/13/2017,2017,1,963 N FIGUEROA TER,LOS ANGELES ,90012.0,2.0,,34.0679159,-118.2437311,"(34.0679159, -118.2437311)",POINT (385232.23275644507 3770384.2438544957),957 N. Figueroa Ter.,90012.0,1.0,2017,1.0,28,0.0357142857142857,2017,DB,90012,2021-10-29 00:00:00,,,1.0,,,,,deduplicated_matched,957 N. Figueroa Ter.,34.0678349,-118.243811,"(34.0678349, -118.243811)",20.0,21.0,Chinatown
5406024008,5/3/2016,2016,1,973 N FIGUEROA TER,LOS ANGELES ,90012.0,2.0,,34.06812550000001,-118.2441594,"(34.06812550000001, -118.2441594)",POINT (385192.9909538459 3770407.966973292),957 N. Figueroa Ter.,90012.0,1.0,2017,1.0,28,0.0357142857142857,2017,DB,90012,2021-10-29 00:00:00,,,1.0,,,,,deduplicated_matched,957 N. Figueroa Ter.,34.0678349,-118.243811,"(34.0678349, -118.243811)",20.0,21.0,Chinatown
5427003017,2/28/2017,2017,13,1006 N MYRA AVE,LOS ANGELES ,90029.0,3.0,,34.0899639,-118.2840666,"(34.0899639, -118.2840666)",POINT (381540.67142285476 3772875.14780993),1008 N. Myra Ave.,90029.0,13.0,2018,3.0,27,0.1111111111111111,2018,DB,90029,,,,3.0,,,,,deduplicated_matched,1008 N. Myra Ave.,34.0898846,-118.2838626,"(34.0898846, -118.2838626)",84.0,85.0,Silver Lake
5429008008,9/17/2018,2018,13,1203 N MYRA AVE,LOS ANGELES ,90029.0,3.0,,34.0952239,-118.2811191,"(34.0952239, -118.2811191)",POINT (381819.9166130189 3773455.0171077824),1221 N. Myra Ave.,90029.0,13.0,2019,10.0,100,0.1,2019,TOC,90029,,10.0,,,,,,TOC Tier 3,deduplicated_matched,1221 N. Myra Ave.,34.09558,-118.2809,"(34.09558, -118.2809)",84.0,85.0,Silver Lake
5429008010,9/17/2018,2018,13,1213 N MYRA AVE,LOS ANGELES ,90029.0,3.0,,34.0954717,-118.2811093,"(34.0954717, -118.2811093)",POINT (381821.1651737415 3773482.4843465323),1221 N. Myra Ave.,90029.0,13.0,2019,10.0,100,0.1,2019,TOC,90029,,10.0,,,,,,TOC Tier 3,deduplicated_matched,1221 N. Myra Ave.,34.09558,-118.2809,"(34.09558, -118.2809)",84.0,85.0,Silver Lake
5473024025,12/1/2022,2022,1,4237 N EAGLE ROCK BLVD,LOS ANGELES ,90065.0,1.0,59.0,34.1227602,-118.2240094,"(34.1227602, -118.2240094)",POINT (387125.03855413274 3776443.9269804093),4247 N. Eagle Rock Bvld.,90065.0,1.0,2017,5.0,59,0.0847457627118644,2017,DB,90065,2019-05-16 00:00:00,,,5.0,,,,,deduplicated_matched,4247 N. Eagle Rock Bvld.,34.1228523,-118.2240625,"(34.1228523, -118.2240625)",24.0,25.0,Eagle Rock
5478026010,12/9/2016,2016,14,1128 N AVENUE 56 ,LOS ANGELES ,90042.0,2.0,,34.1203158,-118.1962235,"(34.1203158, -118.1962235)",POINT (389684.3477245296 3776142.5046117045),5618 E. Meridian St.,90042.0,14.0,2019,1.0,16,0.0625,2019,Other/Discretionary,90042,,,,,1.0,,,UDU,deduplicated_matched,5618 E. Meridian St.,34.12037250000001,-118.1957236,"(34.12037250000001, -118.1957236)",45.0,46.0,Highland Park
5501001023,5/10/2022,2022,13,3812 W OAKWOOD AVE,LOS ANGELES ,90004.0,3.0,,34.0774164,-118.2898854,"(34.0774164, -118.2898854)",POINT (380986.2771367325 3771490.5145261325),320 N. Juanita Ave.,90004.0,13.0,2022,71.0,72,0.9861111111111112,2022,Other/Discretionary,90004,,8.0,,9.0,54.0,,,General Plan Amendment; Site Plan Review; Specific Plan Amendment; Zone Change; 3 Developer's Incentives,deduplicated_matched,320 N. Juanita Ave.,34.0771989,-118.2894291,"(34.0771989, -118.2894291)",25.0,26.0,East Hollywood
5501017022,8/20/2018,2018,13,186 S VIRGIL AVE,LOS ANGELES ,90004.0,3.0,,34.0709667,-118.2864244,"(34.0709667, -118.2864244)",POINT (381296.6347177931 3770771.284592466),182 S. Virgil Ave.,90004.0,13.0,2022,5.0,23,0.217391304347826,2022,DB,90004,,,,3.0,2.0,,,,deduplicated_matched,182 S. Virgil Ave.,34.0711047,-118.2864255,"(34.0711047, -118.2864255)",106.0,107.0,Westlake
5501017023,8/20/2018,2018,13,182 S VIRGIL AVE,LOS ANGELES ,90004.0,3.0,,34.0711047,-118.2864255,"(34.0711047, -118.2864255)",POINT (381296.725725404 3770786.5886608073),182 S. Virgil Ave.,90004.0,13.0,2022,5.0,23,0.217391304347826,2022,DB,90004,,,,3.0,2.0,,,,deduplicated_matched,182 S. Virgil Ave.,34.0711047,-118.2864255,"(34.0711047, -118.2864255)",106.0,107.0,Westlake
5502006004,4/18/2018,2018,10,316 S CATALINA ST,LOS ANGELES ,90020.0,4.0,,34.0684232,-118.2952384,"(34.0684232, -118.2952384)",POINT (380479.70846854127 3770499.5034540812),320 S. Catalina St.,90020.0,10.0,2021,3.0,30,0.1,2021,TOC,90020,,3.0,,,,,,TOC Tier 3,deduplicated_matched,320 S. Catalina St.,34.06840580000001,-118.2951648,"(34.06840580000001, -118.2951648)",52.0,53.0,Koreatown
5502006004,4/18/2018,2018,10,316 S CATALINA ST,LOS ANGELES ,90020.0,4.0,,34.0684232,-118.2952384,"(34.0684232, -118.2952384)",POINT (380479.70846854127 3770499.5034540812),316 S CATALINA ST,,,2024,46.0,47,0.9787234042553192,2024,ED1,,,0.0,,2.0,35.0,9.0,0.0,,ed1,316 S CATALINA ST,34.0684232,-118.2952384,"(34.0684232, -118.2952384)",52.0,53.0,Koreatown
5503003012,12/10/2021,2021,10,339 S OXFORD AVE,LOS ANGELES ,90020.0,1.0,,34.0678338,-118.3081806,"(34.0678338, -118.3081806)",POINT (379284.5316785906 3770449.3476680536),339 S. Oxford Ave.,90020.0,10.0,2022,2.0,12,0.1666666666666666,2022,TOC,90020,2024-05-09 00:00:00,2.0,,,,,,TOC Tier 1,deduplicated_matched,339 S. Oxford Ave.,34.0678338,-118.3081806,"(34.0678338, -118.3081806)",52.0,53.0,Koreatown
5503018008,12/21/2016,2016,13,500 1/2 S MANHATTAN PL,LOS ANGELES ,90020.0,4.0,0.0,34.0651949,-118.3100495,"(34.0651949, -118.3100495)",POINT (379108.31465267006 3770158.927595925),4170 W. 5th St.,90020.0,13.0,2017,4.0,32,0.125,2017,DB,90020,2018-08-30 00:00:00,,,4.0,,,,,deduplicated_matched,4170 W. 5th St.,34.0651232,-118.3098147,"(34.0651232, -118.3098147)",52.0,53.0,Koreatown
5511011006,2/15/2019,2019,5,116 N ORLANDO AVE,LOS ANGELES ,90048.0,2.0,,34.0750748,-118.3728845,"(34.0750748, -118.3728845)",POINT (373324.18773947016 3771330.5846100138),111 North Kings Road,90048.0,5.0,2013,1.0,21,0.0476190476190476,2013,DB,90048,2014-03-20 00:00:00,,,1.0,,,,0.2,deduplicated_matched,111 North Kings Road,34.0749199,-118.3723842,"(34.0749199, -118.3723842)",7.0,8.0,Beverly Grove
5511015006,12/11/2013,2013,5,124 S ORLANDO AVE,Los Angeles ,90048.0,2.0,36.0,34.0737185,-118.3729157,"(34.0737185, -118.3729157)",POINT (373319.2891625891 3771180.221388533),120 South Orlando Avenue,90048.0,5.0,2014,3.0,35,0.0857142857142857,2014,DB,90048,2016-09-26 00:00:00,,,3.0,,,,,deduplicated_matched,120 South Orlando Avenue,34.0734954,-118.3727775,"(34.0734954, -118.3727775)",7.0,8.0,Beverly Grove
5511015012,2/3/2015,2015,5,121 S KINGS RD,LOS ANGELES ,90048.0,4.0,0.0,34.0737521,-118.3724323,"(34.0737521, -118.3724323)",POINT (373363.946321596 3771183.3484803108),129 S Kings Rd,90048.0,5.0,2015,3.0,36,0.0833333333333333,2015,DB,90048,2018-03-15 00:00:00,,,3.0,,,,,deduplicated_matched,129 S Kings Rd,34.0735873,-118.3723578,"(34.0735873, -118.3723578)",7.0,8.0,Beverly Grove
5511015012,2/3/2015,2015,5,121 S KINGS RD,LOS ANGELES ,90048.0,4.0,0.0,34.0737521,-118.3724323,"(34.0737521, -118.3724323)",POINT (373363.946321596 3771183.3484803108),120 South Orlando Avenue,90048.0,5.0,2014,3.0,35,0.0857142857142857,2014,DB,90048,2016-09-26 00:00:00,,,3.0,,,,,deduplicated_matched,120 South Orlando Avenue,34.0734954,-118.3727775,"(34.0734954, -118.3727775)",7.0,8.0,Beverly Grove
5511015013,2/3/2015,2015,5,127 S KINGS RD,LOS ANGELES ,90048.0,4.0,36.0,34.0736072,-118.3724221,"(34.0736072, -118.3724221)",POINT (373364.6718792728 3771167.267698958),129 S Kings Rd,90048.0,5.0,2015,3.0,36,0.0833333333333333,2015,DB,90048,2018-03-15 00:00:00,,,3.0,,,,,deduplicated_matched,129 S Kings Rd,34.0735873,-118.3723578,"(34.0735873, -118.3723578)",7.0,8.0,Beverly Grove
5511015013,2/3/2015,2015,5,127 S KINGS RD,LOS ANGELES ,90048.0,4.0,36.0,34.0736072,-118.3724221,"(34.0736072, -118.3724221)",POINT (373364.6718792728 3771167.267698958),120 South Orlando Avenue,90048.0,5.0,2014,3.0,35,0.0857142857142857,2014,DB,90048,2016-09-26 00:00:00,,,3.0,,,,,deduplicated_matched,120 South Orlando Avenue,34.0734954,-118.3727775,"(34.0734954, -118.3727775)",7.0,8.0,Beverly Grove
5511015014,2/3/2015,2015,5,131 S KINGS RD,LOS ANGELES ,90048.0,3.0,0.0,34.0734651,-118.3724263,"(34.0734651, -118.3724263)",POINT (373364.07280262036 3771151.5152496244),129 S Kings Rd,90048.0,5.0,2015,3.0,36,0.0833333333333333,2015,DB,90048,2018-03-15 00:00:00,,,3.0,,,,,deduplicated_matched,129 S Kings Rd,34.0735873,-118.3723578,"(34.0735873, -118.3723578)",7.0,8.0,Beverly Grove
5511015014,2/3/2015,2015,5,131 S KINGS RD,LOS ANGELES ,90048.0,3.0,0.0,34.0734651,-118.3724263,"(34.0734651, -118.3724263)",POINT (373364.07280262036 3771151.5152496244),120 South Orlando Avenue,90048.0,5.0,2014,3.0,35,0.0857142857142857,2014,DB,90048,2016-09-26 00:00:00,,,3.0,,,,,deduplicated_matched,120 South Orlando Avenue,34.0734954,-118.3727775,"(34.0734954, -118.3727775)",7.0,8.0,Beverly Grove
5511015019,9/18/2013,2013,5,130 S ORLANDO AVE,Los Angeles ,90048.0,2.0,0.0,34.0735734,-118.373008,"(34.0735734, -118.373008)",POINT (373310.5558437202 3771164.245430401),120 South Orlando Avenue,90048.0,5.0,2014,3.0,35,0.0857142857142857,2014,DB,90048,2016-09-26 00:00:00,,,3.0,,,,,deduplicated_matched,120 South Orlando Avenue,34.0734954,-118.3727775,"(34.0734954, -118.3727775)",7.0,8.0,Beverly Grove
5511032003,5/22/2014,2014,5,8413 W BLACKBURN AVE,Los Angeles ,90048.0,2.0,0.0,34.07241670000001,-118.3737614,"(34.07241670000001, -118.3737614)",POINT (373239.31018932816 3771036.911289622),8413 West Blackburn Avenue,90048.0,5.0,2014,2.0,25,0.08,2014,Other/Discretionary,90048,2017-02-02 00:00:00,,,2.0,,,,,deduplicated_matched,8413 West Blackburn Avenue,34.07241670000001,-118.3737614,"(34.07241670000001, -118.3737614)",7.0,8.0,Beverly Grove
5516022013,6/17/2019,2019,13,105 S ST ANDREWS PL,LOS ANGELES ,90004.0,4.0,,34.0728737,-118.3116326,"(34.0728737, -118.3116326)",POINT (378973.13789112226 3771012.303648076),4604 W. 1st St.,90004.0,13.0,2021,3.0,18,0.1666666666666666,2021,TOC,90004,,2.0,,1.0,,,,TOC Tier 2,deduplicated_matched,4604 W. 1st St.,34.072891,-118.3117078,"(34.072891, -118.3117078)",52.0,53.0,Koreatown
5517004014,12/10/2018,2018,13,222 N MANHATTAN PL,LOS ANGELES ,90004.0,2.0,,34.075367,-118.309933,"(34.075367, -118.309933)",POINT (379133.5156403576 3771286.7757418687),222 N. Manhattan Pl.,90004.0,13.0,2019,2.0,16,0.125,2019,TOC,90004,2023-12-11 00:00:00,2.0,,,,,,TOC Tier 3,deduplicated_matched,222 N. Manhattan Pl.,34.075367,-118.309933,"(34.075367, -118.309933)",52.0,53.0,Koreatown
5518007009,3/15/2017,2017,13,255 S MARIPOSA AVE,LOS ANGELES ,90004.0,5.0,122.0,34.0696768,-118.2992951,"(34.0696768, -118.2992951)",POINT (380107.1118632569 3770643.264138294),269 S. Mariposa Ave.,90004.0,10.0,2017,17.0,121,0.140495867768595,2017,DB,90004,2020-02-19 00:00:00,,,17.0,,,,,deduplicated_matched,269 S. Mariposa Ave.,34.0692679,-118.2994807,"(34.0692679, -118.2994807)",52.0,53.0,Koreatown
5518007026,3/15/2017,2017,13,261 S MARIPOSA AVE,LOS ANGELES ,90004.0,2.0,0.0,34.0695214,-118.2992466,"(34.0695214, -118.2992466)",POINT (380111.3685623545 3770625.9749699417),269 S. Mariposa Ave.,90004.0,10.0,2017,17.0,121,0.140495867768595,2017,DB,90004,2020-02-19 00:00:00,,,17.0,,,,,deduplicated_matched,269 S. Mariposa Ave.,34.0692679,-118.2994807,"(34.0692679, -118.2994807)",52.0,53.0,Koreatown
5518012031,9/12/2022,2022,10,168 N ALEXANDRIA AVE,LOS ANGELES ,90004.0,2.0,,34.0747353,-118.2982427,"(34.0747353, -118.2982427)",POINT (380211.3505422516 3771202.9677812234),178 N. Alexandria Ave.,90004.0,10.0,2017,1.0,14,0.0714285714285714,2017,DB,90004,2022-09-30 00:00:00,,,1.0,,,,,deduplicated_matched,178 N. Alexandria Ave.,34.0750285,-118.2982111,"(34.0750285, -118.2982111)",52.0,53.0,Koreatown
5518023004,12/28/2023,2023,10,144 S CATALINA ST,LOS ANGELES ,90004.0,3.0,,34.0714577,-118.2951191,"(34.0714577, -118.2951191)",POINT (380494.97952550696 3770835.8594685756),144 S CATALINA ST,,,2023,45.0,46,0.9782608695652174,2023,ED1,,,0.0,,13.0,32.0,0.0,0.0,,ed1,144 S CATALINA ST,34.0714577,-118.2951191,"(34.0714577, -118.2951191)",52.0,53.0,Koreatown
5518026006,10/4/2017,2017,10,224 N BERENDO ST,LOS ANGELES ,90004.0,2.0,,34.075322,-118.2939915,"(34.075322, -118.2939915)",POINT (380604.4565357391 3771263.054194686),226 N. Berendo St.,90004.0,10.0,2020,2.0,18,0.1111111111111111,2020,TOC,90004,,2.0,,,,,,TOC Tier 4,deduplicated_matched,226 N. Berendo St.,34.0753305,-118.2938986,"(34.0753305, -118.2938986)",52.0,53.0,Koreatown
5518026006,10/4/2017,2017,10,224 N BERENDO ST,LOS ANGELES ,90004.0,2.0,,34.075322,-118.2939915,"(34.075322, -118.2939915)",POINT (380604.4565357391 3771263.054194686),236 N BERENDO ST,,,2024,51.0,52,0.9807692307692308,2024,ED1,,,0.0,,1.0,40.0,10.0,0.0,,ed1,236 N BERENDO ST,34.0755858,-118.2938813,"(34.0755858, -118.2938813)",52.0,53.0,Koreatown
5520002036,5/30/2018,2018,13,631 N NORMANDIE AVE,LOS ANGELES ,90004.0,3.0,6.0,34.0825761,-118.3006939,"(34.0825761, -118.3006939)",POINT (379996.225927904 3772075.3099742876),644 N. Normandie Ave.,90004.0,13.0,2017,1.0,12,0.0833333333333333,2017,DB,90004,2019-12-23 00:00:00,,,1.0,,,,,deduplicated_matched,644 N. Normandie Ave.,34.0825807,-118.3002093,"(34.0825807, -118.3002093)",25.0,26.0,East Hollywood
5520003045,1/29/2021,2021,13,632 N NORMANDIE AVE,LOS ANGELES ,90004.0,2.0,,34.0822114,-118.3001786,"(34.0822114, -118.3001786)",POINT (380043.25689785735 3772034.263477533),644 N. Normandie Ave.,90004.0,13.0,2017,1.0,12,0.0833333333333333,2017,DB,90004,2019-12-23 00:00:00,,,1.0,,,,,deduplicated_matched,644 N. Normandie Ave.,34.0825807,-118.3002093,"(34.0825807, -118.3002093)",25.0,26.0,East Hollywood
5520008011,6/16/2020,2020,13,549 N HELIOTROPE DR,LOS ANGELES ,90004.0,2.0,17.0,34.0805022,-118.2955817,"(34.0805022, -118.2955817)",POINT (380465.00003583217 3771839.3450876474),549 N. Heliotrope Dr.,90004.0,13.0,2019,4.0,17,0.2352941176470588,2019,TOC,90004,2023-07-12 00:00:00,1.0,,2.0,1.0,,,TOC Tier 3,deduplicated_matched,549 N. Heliotrope Dr.,34.0805022,-118.2955817,"(34.0805022, -118.2955817)",25.0,26.0,East Hollywood
5520008012,11/2/2022,2022,13,553 N HELIOTROPE DR,LOS ANGELES ,90004.0,2.0,,34.0806347,-118.295688,"(34.0806347, -118.295688)",POINT (380455.37801095255 3771854.162332561),549 N. Heliotrope Dr.,90004.0,13.0,2019,4.0,17,0.2352941176470588,2019,TOC,90004,2023-07-12 00:00:00,1.0,,2.0,1.0,,,TOC Tier 3,deduplicated_matched,549 N. Heliotrope Dr.,34.0805022,-118.2955817,"(34.0805022, -118.2955817)",25.0,26.0,East Hollywood
5520011001,2/11/2022,2022,13,4454 W CLINTON ST,LOS ANGELES ,90004.0,2.0,,34.0549076,-118.242643,"(34.0549076, -118.242643)",POINT (385315.12050330953 3768940.5467975615),1200 S. Magnolia Ave.,90006.0,1.0,2022,2.0,21,0.0952380952380952,2022,TOC,90006,,2.0,,,,,,TOC Tier 2,deduplicated_matched,1200 S. Magnolia Ave.,34.0549076,-118.242643,"(34.0549076, -118.242643)",23.0,24.0,Downtown
5520011001,2/11/2022,2022,13,4454 W CLINTON ST,LOS ANGELES ,90004.0,2.0,,34.0549076,-118.242643,"(34.0549076, -118.242643)",POINT (385315.12050330953 3768940.5467975615),1240 S. Magnolia Ave.,90006.0,1.0,2022,4.0,36,0.1111111111111111,2022,TOC,90006,,4.0,,,,,,TOC Tier 2,deduplicated_matched,1240 S. Magnolia Ave.,34.0549076,-118.242643,"(34.0549076, -118.242643)",23.0,24.0,Downtown
5520011001,2/11/2022,2022,13,4454 W CLINTON ST,LOS ANGELES ,90004.0,2.0,,34.0549076,-118.242643,"(34.0549076, -118.242643)",POINT (385315.12050330953 3768940.5467975615),1505 S. Magnolia Ave.,90006.0,1.0,2020,1.0,5,0.2,2020,UDU,90006,,,,1.0,,,,UDU,deduplicated_matched,1505 S. Magnolia Ave.,34.0549076,-118.242643,"(34.0549076, -118.242643)",23.0,24.0,Downtown
5520011001,2/11/2022,2022,13,4454 W CLINTON ST,LOS ANGELES ,90004.0,2.0,,34.0549076,-118.242643,"(34.0549076, -118.242643)",POINT (385315.12050330953 3768940.5467975615),1338 N Gordon St,90028.0,13.0,2016,4.0,44,0.0909090909090909,2016,DB,90028,2019-08-15 00:00:00,,,4.0,,,,,deduplicated_matched,1338 N Gordon St,34.0549076,-118.242643,"(34.0549076, -118.242643)",23.0,24.0,Downtown
5520011001,2/11/2022,2022,13,4454 W CLINTON ST,LOS ANGELES ,90004.0,2.0,,34.0549076,-118.242643,"(34.0549076, -118.242643)",POINT (385315.12050330953 3768940.5467975615),"1813-1819 Prosser, Los Angeles 90027",90027.0,5.0,2010,2.0,21,0.0952380952380952,2010,DB,90027,2011-09-06 00:00:00,,,2.0,,,,,deduplicated_matched,"1813-1819 Prosser, Los Angeles",34.0549076,-118.242643,"(34.0549076, -118.242643)",23.0,24.0,Downtown
5520011001,2/11/2022,2022,13,4454 W CLINTON ST,LOS ANGELES ,90004.0,2.0,,34.0549076,-118.242643,"(34.0549076, -118.242643)",POINT (385315.12050330953 3768940.5467975615),2654 S MAGNOLIA AVE,,,2024,14.0,15,0.9333333333333332,2024,ED1,,,0.0,,1.0,10.0,3.0,0.0,,ed1,2654 S MAGNOLIA AVE,34.0549076,-118.242643,"(34.0549076, -118.242643)",23.0,24.0,Downtown
5520014013,3/27/2019,2019,13,432 N NORMANDIE AVE,LOS ANGELES ,90004.0,2.0,,34.0786,-118.300121,"(34.0786, -118.300121)",POINT (380043.47857198666 3771633.727097406),432 N. Normandie Ave.,90004.0,13.0,2020,2.0,14,0.1428571428571428,2020,TOC,90004,,1.0,,1.0,,,,TOC Tier 3,deduplicated_matched,432 N. Normandie Ave.,34.0786,-118.300121,"(34.0786, -118.300121)",25.0,26.0,East Hollywood
5520017009,8/28/2017,2017,13,4055 W OAKWOOD AVE,LOS ANGELES ,90004.0,6.0,,34.077905,-118.2948275,"(34.077905, -118.2948275)",POINT (380530.94202569197 3771550.459740622),4055 W. Oakwood Ave.,90004.0,13.0,2020,14.0,68,0.2058823529411764,2020,DB,90004,2023-11-01 00:00:00,,,10.0,4.0,,,,deduplicated_matched,4055 W. Oakwood Ave.,34.077905,-118.2948275,"(34.077905, -118.2948275)",25.0,26.0,East Hollywood
5520017010,9/19/2016,2016,13,4059 W OAKWOOD AVE,LOS ANGELES ,90004.0,17.0,,34.0780862,-118.2948174,"(34.0780862, -118.2948174)",POINT (380532.1284525186 3771570.541214545),4055 W. Oakwood Ave.,90004.0,13.0,2020,14.0,68,0.2058823529411764,2020,DB,90004,2023-11-01 00:00:00,,,10.0,4.0,,,,deduplicated_matched,4055 W. Oakwood Ave.,34.077905,-118.2948275,"(34.077905, -118.2948275)",25.0,26.0,East Hollywood
5520017018,12/1/2017,2017,13,4138 W ROSEWOOD AVE,LOS ANGELES ,90004.0,4.0,,34.0788116,-118.2946704,"(34.0788116, -118.2946704)",POINT (380546.7110949252 3771650.8090844015),4136 W ROSEWOOD AVE,,,2024,68.0,69,0.9855072463768116,2024,ED1,,,0.0,,1.0,54.0,13.0,0.0,,ed1,4136 W ROSEWOOD AVE,34.0787442,-118.2946482,"(34.0787442, -118.2946482)",25.0,26.0,East Hollywood
5520024009,9/20/2017,2017,13,338 N MARIPOSA AVE,LOS ANGELES ,90004.0,4.0,14.0,34.0774922,-118.2992955,"(34.0774922, -118.2992955)",POINT (380118.0875964096 3771509.914680185),338 N. Mariposa Ave.,90064.0,13.0,2017,1.0,14,0.0714285714285714,2017,DB,90064,2021-12-08 00:00:00,,,1.0,,,,,deduplicated_matched,338 N. Mariposa Ave.,34.0774922,-118.2992955,"(34.0774922, -118.2992955)",25.0,26.0,East Hollywood
5521006003,1/27/2017,2017,13,4760 W MELROSE AVE,LOS ANGELES ,90029.0,1.0,39.0,34.0832891,-118.3039,"(34.0832891, -118.3039)",POINT (379701.4161820301 3772158.1433112505),4760 W. Melrose Ave.,90029.0,13.0,2019,38.0,39,0.9743589743589745,2019,TOC,90029,2022-02-01 00:00:00,1.0,,1.0,36.0,,,TOC Tier 3,deduplicated_matched,4760 W. Melrose Ave.,34.0832891,-118.3039,"(34.0832891, -118.3039)",25.0,26.0,East Hollywood
5521006004,1/27/2017,2017,13,4766 W MELROSE AVE,LOS ANGELES ,90029.0,1.0,0.0,34.0833299,-118.30412,"(34.0833299, -118.30412)",POINT (379681.1752571 3772162.9265740504),4760 W. Melrose Ave.,90029.0,13.0,2019,38.0,39,0.9743589743589745,2019,TOC,90029,2022-02-01 00:00:00,1.0,,1.0,36.0,,,TOC Tier 3,deduplicated_matched,4760 W. Melrose Ave.,34.0832891,-118.3039,"(34.0832891, -118.3039)",25.0,26.0,East Hollywood
5521011002,3/1/2018,2018,13,552 N HOBART BLVD,LOS ANGELES ,90004.0,2.0,26.0,34.0813939,-118.3054692,"(34.0813939, -118.3054692)",POINT (379553.947650561 3771949.8319127513),552 N. Hobart Blvd.,90004.0,13.0,2018,2.0,26,0.0769230769230769,2018,DB,90004,2021-10-08 00:00:00,,,2.0,,,,,deduplicated_matched,552 N. Hobart Blvd.,34.0813939,-118.3054692,"(34.0813939, -118.3054692)",25.0,26.0,East Hollywood
5522003003,6/29/2018,2018,13,5212 W MELROSE AVE,LOS ANGELES ,90038.0,7.0,,34.0851949,-118.3070164,"(34.0851949, -118.3070164)",POINT (379416.57876675564 3772373.1502159233),6535 W. Melrose Ave.,90038.0,5.0,2020,3.0,33,0.0909090909090909,2020,TOC,90038,(Temp) 12/08/2022,3.0,,,,,,TOC Tier 1,deduplicated_matched,6535 W. Melrose Ave.,34.0851949,-118.3070164,"(34.0851949, -118.3070164)",25.0,26.0,East Hollywood
5522003003,6/29/2018,2018,13,5212 W MELROSE AVE,LOS ANGELES ,90038.0,7.0,,34.0851949,-118.3070164,"(34.0851949, -118.3070164)",POINT (379416.57876675564 3772373.1502159233),7000 W. Melrose Ave.,90038.0,5.0,2017,4.0,40,0.1,2017,DB,90038,2020-10-05 00:00:00,,,4.0,,,,,deduplicated_matched,7000 W. Melrose Ave.,34.0851949,-118.3070164,"(34.0851949, -118.3070164)",25.0,26.0,East Hollywood
5522006011,10/2/2017,2017,4,5123 W CLINTON ST,LOS ANGELES ,90004.0,2.0,,34.0549076,-118.242643,"(34.0549076, -118.242643)",POINT (385315.12050330953 3768940.5467975615),1200 S. Magnolia Ave.,90006.0,1.0,2022,2.0,21,0.0952380952380952,2022,TOC,90006,,2.0,,,,,,TOC Tier 2,deduplicated_matched,1200 S. Magnolia Ave.,34.0549076,-118.242643,"(34.0549076, -118.242643)",23.0,24.0,Downtown
5522006011,10/2/2017,2017,4,5123 W CLINTON ST,LOS ANGELES ,90004.0,2.0,,34.0549076,-118.242643,"(34.0549076, -118.242643)",POINT (385315.12050330953 3768940.5467975615),1240 S. Magnolia Ave.,90006.0,1.0,2022,4.0,36,0.1111111111111111,2022,TOC,90006,,4.0,,,,,,TOC Tier 2,deduplicated_matched,1240 S. Magnolia Ave.,34.0549076,-118.242643,"(34.0549076, -118.242643)",23.0,24.0,Downtown
5522006011,10/2/2017,2017,4,5123 W CLINTON ST,LOS ANGELES ,90004.0,2.0,,34.0549076,-118.242643,"(34.0549076, -118.242643)",POINT (385315.12050330953 3768940.5467975615),1505 S. Magnolia Ave.,90006.0,1.0,2020,1.0,5,0.2,2020,UDU,90006,,,,1.0,,,,UDU,deduplicated_matched,1505 S. Magnolia Ave.,34.0549076,-118.242643,"(34.0549076, -118.242643)",23.0,24.0,Downtown
5522006011,10/2/2017,2017,4,5123 W CLINTON ST,LOS ANGELES ,90004.0,2.0,,34.0549076,-118.242643,"(34.0549076, -118.242643)",POINT (385315.12050330953 3768940.5467975615),1338 N Gordon St,90028.0,13.0,2016,4.0,44,0.0909090909090909,2016,DB,90028,2019-08-15 00:00:00,,,4.0,,,,,deduplicated_matched,1338 N Gordon St,34.0549076,-118.242643,"(34.0549076, -118.242643)",23.0,24.0,Downtown
5522006011,10/2/2017,2017,4,5123 W CLINTON ST,LOS ANGELES ,90004.0,2.0,,34.0549076,-118.242643,"(34.0549076, -118.242643)",POINT (385315.12050330953 3768940.5467975615),"1813-1819 Prosser, Los Angeles 90027",90027.0,5.0,2010,2.0,21,0.0952380952380952,2010,DB,90027,2011-09-06 00:00:00,,,2.0,,,,,deduplicated_matched,"1813-1819 Prosser, Los Angeles",34.0549076,-118.242643,"(34.0549076, -118.242643)",23.0,24.0,Downtown
5522006011,10/2/2017,2017,4,5123 W CLINTON ST,LOS ANGELES ,90004.0,2.0,,34.0549076,-118.242643,"(34.0549076, -118.242643)",POINT (385315.12050330953 3768940.5467975615),2654 S MAGNOLIA AVE,,,2024,14.0,15,0.9333333333333332,2024,ED1,,,0.0,,1.0,10.0,3.0,0.0,,ed1,2654 S MAGNOLIA AVE,34.0549076,-118.242643,"(34.0549076, -118.242643)",23.0,24.0,Downtown
5522007026,7/12/2017,2017,13,5162 W MELROSE AVE,LOS ANGELES ,90038.0,2.0,,34.0851949,-118.3070164,"(34.0851949, -118.3070164)",POINT (379416.57876675564 3772373.1502159233),6535 W. Melrose Ave.,90038.0,5.0,2020,3.0,33,0.0909090909090909,2020,TOC,90038,(Temp) 12/08/2022,3.0,,,,,,TOC Tier 1,deduplicated_matched,6535 W. Melrose Ave.,34.0851949,-118.3070164,"(34.0851949, -118.3070164)",25.0,26.0,East Hollywood
5522007026,7/12/2017,2017,13,5162 W MELROSE AVE,LOS ANGELES ,90038.0,2.0,,34.0851949,-118.3070164,"(34.0851949, -118.3070164)",POINT (379416.57876675564 3772373.1502159233),7000 W. Melrose Ave.,90038.0,5.0,2017,4.0,40,0.1,2017,DB,90038,2020-10-05 00:00:00,,,4.0,,,,,deduplicated_matched,7000 W. Melrose Ave.,34.0851949,-118.3070164,"(34.0851949, -118.3070164)",25.0,26.0,East Hollywood
5522010008,3/12/2019,2019,13,622 N MANHATTAN PL,LOS ANGELES ,90004.0,2.0,,34.0823625,-118.3100246,"(34.0823625, -118.3100246)",POINT (379135.0033609966 3772062.617233717),606 N. Manhattan Pl.,90004.0,13.0,2022,2.0,14,0.1428571428571428,2022,TOC,90004,,,,2.0,,,,TOC Tier 3,deduplicated_matched,606 N. Manhattan Pl.,34.0819641,-118.3099699,"(34.0819641, -118.3099699)",54.0,55.0,Larchmont
5522013006,3/12/2019,2019,13,517 N ST ANDREWS PL,LOS ANGELES ,90004.0,3.0,,34.0809008,-118.311466,"(34.0809008, -118.311466)",POINT (378999.9293387822 3771902.2340216744),505 N. St. Andrews Pl.,90004.0,13.0,2022,2.0,22,0.0909090909090909,2022,TOC,90004,,2.0,,,,,,TOC Tier 2,deduplicated_matched,505 N. St. Andrews Pl.,34.0805332,-118.311492,"(34.0805332, -118.311492)",54.0,55.0,Larchmont
5522013016,5/20/2015,2015,13,522 N GRAMERCY PL,LOS ANGELES ,90004.0,2.0,51.0,34.0809675,-118.3123621,"(34.0809675, -118.3123621)",POINT (378917.34180041275 3771910.6914764475),521 N. Gramercy Pl.,90004.0,13.0,2020,5.0,32,0.15625,2020,TOC,90004,2023-04-01 00:00:00,2.0,,2.0,1.0,,,TOC Tier 2,deduplicated_matched,521 N. Gramercy Pl.,34.0809424,-118.3127838,"(34.0809424, -118.3127838)",54.0,55.0,Larchmont
5522013016,5/20/2015,2015,13,522 N GRAMERCY PL,LOS ANGELES ,90004.0,2.0,51.0,34.0809675,-118.3123621,"(34.0809675, -118.3123621)",POINT (378917.34180041275 3771910.6914764475),518 N. Gramercy Pl.,90004.0,13.0,2017,4.0,51,0.0784313725490196,2017,DB,90004,2019-08-01 00:00:00,,,4.0,,,,,deduplicated_matched,518 N. Gramercy Pl.,34.0809128,-118.3123085,"(34.0809128, -118.3123085)",54.0,55.0,Larchmont
5522014012,8/30/2017,2017,13,523 N GRAMERCY PL,LOS ANGELES ,90004.0,3.0,32.0,34.081048,-118.312802,"(34.081048, -118.312802)",POINT (378876.86721235374 3771920.1393018677),521 N. Gramercy Pl.,90004.0,13.0,2020,5.0,32,0.15625,2020,TOC,90004,2023-04-01 00:00:00,2.0,,2.0,1.0,,,TOC Tier 2,deduplicated_matched,521 N. Gramercy Pl.,34.0809424,-118.3127838,"(34.0809424, -118.3127838)",54.0,55.0,Larchmont
5522014012,8/30/2017,2017,13,523 N GRAMERCY PL,LOS ANGELES ,90004.0,3.0,32.0,34.081048,-118.312802,"(34.081048, -118.312802)",POINT (378876.86721235374 3771920.1393018677),518 N. Gramercy Pl.,90004.0,13.0,2017,4.0,51,0.0784313725490196,2017,DB,90004,2019-08-01 00:00:00,,,4.0,,,,,deduplicated_matched,518 N. Gramercy Pl.,34.0809128,-118.3123085,"(34.0809128, -118.3123085)",54.0,55.0,Larchmont
5522014014,8/30/2017,2017,13,517 N GRAMERCY PL,LOS ANGELES ,90004.0,3.0,0.0,34.0808139,-118.312801,"(34.0808139, -118.312801)",POINT (378876.6261179395 3771894.1786751845),521 N. Gramercy Pl.,90004.0,13.0,2020,5.0,32,0.15625,2020,TOC,90004,2023-04-01 00:00:00,2.0,,2.0,1.0,,,TOC Tier 2,deduplicated_matched,521 N. Gramercy Pl.,34.0809424,-118.3127838,"(34.0809424, -118.3127838)",54.0,55.0,Larchmont
5522014014,8/30/2017,2017,13,517 N GRAMERCY PL,LOS ANGELES ,90004.0,3.0,0.0,34.0808139,-118.312801,"(34.0808139, -118.312801)",POINT (378876.6261179395 3771894.1786751845),518 N. Gramercy Pl.,90004.0,13.0,2017,4.0,51,0.0784313725490196,2017,DB,90004,2019-08-01 00:00:00,,,4.0,,,,,deduplicated_matched,518 N. Gramercy Pl.,34.0809128,-118.3123085,"(34.0809128, -118.3123085)",54.0,55.0,Larchmont
5522015010,4/24/2015,2015,13,5141 W MAPLEWOOD AVE,LOS ANGELES ,90004.0,1.0,,34.08041,-118.31496,"(34.08041, -118.31496)",POINT (378676.84040711407 3771851.9503196776),5151 W. Maplewood Ave.,90004.0,13.0,2019,3.0,34,0.088235294117647,2019,DB,90004,2023-06-26 00:00:00,,,3.0,,,,,deduplicated_matched,5151 W. Maplewood Ave.,34.0806691,-118.3152521,"(34.0806691, -118.3152521)",54.0,55.0,Larchmont
5522016018,8/25/2017,2017,13,5128 W MAPLEWOOD AVE,LOS ANGELES ,90004.0,2.0,24.0,34.0800175,-118.3146664,"(34.0800175, -118.3146664)",POINT (378703.37111883436 3771808.0774157313),5122 W. Maplewood Ave.,90004.0,13.0,2018,2.0,24,0.0833333333333333,2018,TOC,90004,2021-06-25 00:00:00,2.0,,,,,,,deduplicated_matched,5122 W. Maplewood Ave.,34.0799817,-118.3144369,"(34.0799817, -118.3144369)",54.0,55.0,Larchmont
5522021019,1/16/2019,2019,13,4939 W ELMWOOD AVE,LOS ANGELES ,90004.0,2.0,,34.168808,-118.3098034,"(34.168808, -118.3098034)",POINT (379278.3742963 3781648.393329858),4749 W. Elmwood Ave.,90004.0,13.0,2018,1.0,14,0.0714285714285714,2018,DB,90004,2022-03-08 00:00:00,,,1.0,,,,,deduplicated_matched,4749 W. Elmwood Ave.,34.168808,-118.3098034,"(34.168808, -118.3098034)",,,
5522021019,1/16/2019,2019,13,4939 W ELMWOOD AVE,LOS ANGELES ,90004.0,2.0,,34.168808,-118.3098034,"(34.168808, -118.3098034)",POINT (379278.3742963 3781648.393329858),4807 W. Elmwood Ave.,90004.0,13.0,2017,1.0,13,0.0769230769230769,2017,DB,90004,,,,1.0,,,,,deduplicated_matched,4807 W. Elmwood Ave.,34.168808,-118.3098034,"(34.168808, -118.3098034)",,,
5522028014,5/24/2017,2017,13,4839 W BEVERLY BLVD,LOS ANGELES ,90004.0,3.0,16.0,34.0256006,-118.1427194,"(34.0256006, -118.1427194)",POINT (394501.3722835929 3765583.2590569216),4670 W. Beverly Blvd.,90034.0,13.0,2022,3.0,30,0.1,2022,TOC,90034,,3.0,,,,,,TOC Tier 3,deduplicated_matched,4670 W. Beverly Blvd.,34.0256006,-118.1427194,"(34.0256006, -118.1427194)",,,
5522028014,5/24/2017,2017,13,4839 W BEVERLY BLVD,LOS ANGELES ,90004.0,3.0,16.0,34.0256006,-118.1427194,"(34.0256006, -118.1427194)",POINT (394501.3722835929 3765583.2590569216),3977 W. Beverly Blvd.,90004.0,13.0,2021,7.0,67,0.1044776119402985,2021,TOC,90004,,7.0,,,,,,TOC Tier 3,deduplicated_matched,3977 W. Beverly Blvd.,34.0256006,-118.1427194,"(34.0256006, -118.1427194)",,,
5522030004,8/30/2016,2016,13,4843 W OAKWOOD AVE,LOS ANGELES ,90004.0,3.0,49.0,34.077574,-118.3128377,"(34.077574, -118.3128377)",POINT (378868.6262222691 3771534.948460623),4847 W. Oakwood Ave.,90004.0,13.0,2017,4.0,49,0.0816326530612244,2017,DB,90004,2021-11-05 00:00:00,,,4.0,,,,,deduplicated_matched,4847 W. Oakwood Ave.,34.0775707,-118.3129053,"(34.0775707, -118.3129053)",54.0,55.0,Larchmont
5522030006,8/30/2016,2016,13,4831 W OAKWOOD AVE,LOS ANGELES ,90004.0,2.0,,34.0774,-118.31243,"(34.0774, -118.31243)",POINT (378905.99819027167 3771515.1705457815),4847 W. Oakwood Ave.,90004.0,13.0,2017,4.0,49,0.0816326530612244,2017,DB,90004,2021-11-05 00:00:00,,,4.0,,,,,deduplicated_matched,4847 W. Oakwood Ave.,34.0775707,-118.3129053,"(34.0775707, -118.3129053)",54.0,55.0,Larchmont
5522031016,9/27/2023,2023,13,4722 W ELMWOOD AVE,LOS ANGELES ,90004.0,2.0,,34.168808,-118.3098034,"(34.168808, -118.3098034)",POINT (379278.3742963 3781648.393329858),4749 W. Elmwood Ave.,90004.0,13.0,2018,1.0,14,0.0714285714285714,2018,DB,90004,2022-03-08 00:00:00,,,1.0,,,,,deduplicated_matched,4749 W. Elmwood Ave.,34.168808,-118.3098034,"(34.168808, -118.3098034)",,,
5522031016,9/27/2023,2023,13,4722 W ELMWOOD AVE,LOS ANGELES ,90004.0,2.0,,34.168808,-118.3098034,"(34.168808, -118.3098034)",POINT (379278.3742963 3781648.393329858),4807 W. Elmwood Ave.,90004.0,13.0,2017,1.0,13,0.0769230769230769,2017,DB,90004,,,,1.0,,,,,deduplicated_matched,4807 W. Elmwood Ave.,34.168808,-118.3098034,"(34.168808, -118.3098034)",,,
5522031017,9/27/2023,2023,13,4726 W ELMWOOD AVE,LOS ANGELES ,90004.0,3.0,,34.168808,-118.3098034,"(34.168808, -118.3098034)",POINT (379278.3742963 3781648.393329858),4749 W. Elmwood Ave.,90004.0,13.0,2018,1.0,14,0.0714285714285714,2018,DB,90004,2022-03-08 00:00:00,,,1.0,,,,,deduplicated_matched,4749 W. Elmwood Ave.,34.168808,-118.3098034,"(34.168808, -118.3098034)",,,
5522031017,9/27/2023,2023,13,4726 W ELMWOOD AVE,LOS ANGELES ,90004.0,3.0,,34.168808,-118.3098034,"(34.168808, -118.3098034)",POINT (379278.3742963 3781648.393329858),4807 W. Elmwood Ave.,90004.0,13.0,2017,1.0,13,0.0769230769230769,2017,DB,90004,,,,1.0,,,,,deduplicated_matched,4807 W. Elmwood Ave.,34.168808,-118.3098034,"(34.168808, -118.3098034)",,,
5522033015,7/3/2019,2019,13,4804 W OAKWOOD AVE,LOS ANGELES ,90004.0,3.0,30.0,34.0769618,-118.3116693,"(34.0769618, -118.3116693)",POINT (378975.56690462586 3771465.677621993),4810 W. Oakwood Ave.,90004.0,13.0,2020,3.0,30,0.1,2020,TOC,90004,2023-06-26 00:00:00,3.0,,,,,,TOC Tier 2,deduplicated_matched,4810 W. Oakwood Ave.,34.077007,-118.3118705,"(34.077007, -118.3118705)",54.0,55.0,Larchmont
5522033015,7/3/2019,2019,13,4804 W OAKWOOD AVE,LOS ANGELES ,90004.0,3.0,30.0,34.0769618,-118.3116693,"(34.0769618, -118.3116693)",POINT (378975.56690462586 3771465.677621993),4814 W Oakwood Ave,90004.0,13.0,2016,1.0,11,0.0909090909090909,2016,DB,90004,2018-02-20 00:00:00,,,,1.0,,,,deduplicated_matched,4814 W Oakwood Ave,34.0769659,-118.3120263,"(34.0769659, -118.3120263)",54.0,55.0,Larchmont
5522033017,6/6/2016,2016,13,4814 W OAKWOOD AVE,LOS ANGELES ,90004.0,2.0,11.0,34.0769659,-118.3120263,"(34.0769659, -118.3120263)",POINT (378942.63108547224 3771466.554948789),4810 W. Oakwood Ave.,90004.0,13.0,2020,3.0,30,0.1,2020,TOC,90004,2023-06-26 00:00:00,3.0,,,,,,TOC Tier 2,deduplicated_matched,4810 W. Oakwood Ave.,34.077007,-118.3118705,"(34.077007, -118.3118705)",54.0,55.0,Larchmont
5522033017,6/6/2016,2016,13,4814 W OAKWOOD AVE,LOS ANGELES ,90004.0,2.0,11.0,34.0769659,-118.3120263,"(34.0769659, -118.3120263)",POINT (378942.63108547224 3771466.554948789),4814 W Oakwood Ave,90004.0,13.0,2016,1.0,11,0.0909090909090909,2016,DB,90004,2018-02-20 00:00:00,,,,1.0,,,,deduplicated_matched,4814 W Oakwood Ave,34.0769659,-118.3120263,"(34.0769659, -118.3120263)",54.0,55.0,Larchmont
5522033018,1/31/2022,2022,13,4820 W OAKWOOD AVE,LOS ANGELES ,90004.0,2.0,,34.0770086,-118.3121587,"(34.0770086, -118.3121587)",POINT (378930.47483873786 3771471.446751975),4810 W. Oakwood Ave.,90004.0,13.0,2020,3.0,30,0.1,2020,TOC,90004,2023-06-26 00:00:00,3.0,,,,,,TOC Tier 2,deduplicated_matched,4810 W. Oakwood Ave.,34.077007,-118.3118705,"(34.077007, -118.3118705)",54.0,55.0,Larchmont
5522033018,1/31/2022,2022,13,4820 W OAKWOOD AVE,LOS ANGELES ,90004.0,2.0,,34.0770086,-118.3121587,"(34.0770086, -118.3121587)",POINT (378930.47483873786 3771471.446751975),4814 W Oakwood Ave,90004.0,13.0,2016,1.0,11,0.0909090909090909,2016,DB,90004,2018-02-20 00:00:00,,,,1.0,,,,deduplicated_matched,4814 W Oakwood Ave,34.0769659,-118.3120263,"(34.0769659, -118.3120263)",54.0,55.0,Larchmont
5526006010,11/16/2012,2012,5,843 N FULLER AVE,Los Angeles ,90046.0,3.0,9.0,34.08656,-118.3501898,"(34.08656, -118.3501898)",POINT (375435.19160275895 3772576.302806077),845 North Fuller Avenue,90046.0,5.0,2013,1.0,9,0.1111111111111111,2013,DB,90046,2014-10-03 00:00:00,,,1.0,,,,0.35,deduplicated_matched,845 North Fuller Avenue,34.0866507,-118.3499451,"(34.0866507, -118.3499451)",32.0,33.0,Fairfax
5526007002,10/18/2021,2021,5,852 N FULLER AVE,LOS ANGELES ,90046.0,3.0,,34.0868374,-118.3495788,"(34.0868374, -118.3495788)",POINT (375491.97085352393 3772606.3195099365),845 North Fuller Avenue,90046.0,5.0,2013,1.0,9,0.1111111111111111,2013,DB,90046,2014-10-03 00:00:00,,,1.0,,,,0.35,deduplicated_matched,845 North Fuller Avenue,34.0866507,-118.3499451,"(34.0866507, -118.3499451)",32.0,33.0,Fairfax
5526007003,10/18/2021,2021,5,848 N FULLER AVE,LOS ANGELES ,90046.0,2.0,,34.086689,-118.349485,"(34.086689, -118.349485)",POINT (375500.4078894551 3772589.749004506),845 North Fuller Avenue,90046.0,5.0,2013,1.0,9,0.1111111111111111,2013,DB,90046,2014-10-03 00:00:00,,,1.0,,,,0.35,deduplicated_matched,845 North Fuller Avenue,34.0866507,-118.3499451,"(34.0866507, -118.3499451)",32.0,33.0,Fairfax
5527032021,6/14/2017,2017,5,429 N HAYWORTH AVE,LOS ANGELES ,90048.0,4.0,17.0,34.07898,-118.3629,"(34.07898, -118.3629)",POINT (374251.294098192 3771751.3105179216),409 N Hayworth Ave,90048.0,5.0,2015,3.0,33,0.0909090909090909,2015,DB,90048,2017-01-06 00:00:00,,,3.0,,,,,deduplicated_matched,409 N Hayworth Ave,34.0787221,-118.3630416,"(34.0787221, -118.3630416)",7.0,8.0,Beverly Grove
5527032022,4/17/2017,2017,5,423 N HAYWORTH AVE,LOS ANGELES ,90048.0,4.0,0.0,34.07892,-118.3629765,"(34.07892, -118.3629765)",POINT (374244.14658063237 3771744.7511508274),409 N Hayworth Ave,90048.0,5.0,2015,3.0,33,0.0909090909090909,2015,DB,90048,2017-01-06 00:00:00,,,3.0,,,,,deduplicated_matched,409 N Hayworth Ave,34.0787221,-118.3630416,"(34.0787221, -118.3630416)",7.0,8.0,Beverly Grove
5527032023,9/25/2014,2014,5,419 N HAYWORTH AVE,Los Angeles ,90048.0,4.0,0.0,34.078764,-118.362962,"(34.078764, -118.362962)",POINT (374245.2538986693 3771727.43428453),409 N Hayworth Ave,90048.0,5.0,2015,3.0,33,0.0909090909090909,2015,DB,90048,2017-01-06 00:00:00,,,3.0,,,,,deduplicated_matched,409 N Hayworth Ave,34.0787221,-118.3630416,"(34.0787221, -118.3630416)",7.0,8.0,Beverly Grove
5527032024,2/23/2015,2015,5,413 N HAYWORTH AVE,LOS ANGELES ,90048.0,2.0,33.0,34.078627,-118.362961,"(34.078627, -118.362961)",POINT (374245.14363326924 3771712.2409588387),409 N Hayworth Ave,90048.0,5.0,2015,3.0,33,0.0909090909090909,2015,DB,90048,2017-01-06 00:00:00,,,3.0,,,,,deduplicated_matched,409 N Hayworth Ave,34.0787221,-118.3630416,"(34.0787221, -118.3630416)",7.0,8.0,Beverly Grove
5527032025,9/25/2014,2014,5,407 N HAYWORTH AVE,Los Angeles ,90048.0,6.0,0.0,34.078489,-118.362961,"(34.078489, -118.362961)",POINT (374244.9396179151 3771696.9379724218),409 N Hayworth Ave,90048.0,5.0,2015,3.0,33,0.0909090909090909,2015,DB,90048,2017-01-06 00:00:00,,,3.0,,,,,deduplicated_matched,409 N Hayworth Ave,34.0787221,-118.3630416,"(34.0787221, -118.3630416)",7.0,8.0,Beverly Grove
5528003038,7/14/2015,2015,5,728 N SWEETZER AVE,LOS ANGELES ,90046.0,6.0,,34.0845445,-118.3699237,"(34.0845445, -118.3699237)",POINT (373611.4715511738 3772377.027772912),714 N. Sweetzer Ave.,90069.0,5.0,2017,2.0,26,0.0769230769230769,2017,DB,90069,2019-01-11 00:00:00,,,2.0,,,,,deduplicated_matched,714 N. Sweetzer Ave.,34.0842098,-118.3699549,"(34.0842098, -118.3699549)",7.0,8.0,Beverly Grove
5528003040,5/14/2015,2015,5,714 N SWEETZER AVE,LOS ANGELES ,90046.0,14.0,26.0,34.0842098,-118.3699549,"(34.0842098, -118.3699549)",POINT (373608.0954210462 3772339.9509932),714 N. Sweetzer Ave.,90069.0,5.0,2017,2.0,26,0.0769230769230769,2017,DB,90069,2019-01-11 00:00:00,,,2.0,,,,,deduplicated_matched,714 N. Sweetzer Ave.,34.0842098,-118.3699549,"(34.0842098, -118.3699549)",7.0,8.0,Beverly Grove
5531025019,3/19/2018,2018,5,941 N MARTEL AVE,LOS ANGELES ,90046.0,4.0,,34.088319,-118.3514682,"(34.088319, -118.3514682)",POINT (375319.82083890704 3772772.91915238),941 N. Martel Ave.,90046.0,5.0,2020,3.0,14,0.2142857142857142,2020,TOC,90046,2024-11-18 00:00:00,1.0,,1.0,1.0,,,TOC Tier 1,deduplicated_matched,941 N. Martel Ave.,34.088319,-118.3514682,"(34.088319, -118.3514682)",32.0,33.0,Fairfax
5532017006,12/6/2016,2016,4,1140 N ORANGE DR,LOS ANGELES ,90038.0,2.0,,34.0919128,-118.3413444,"(34.0919128, -118.3413444)",POINT (376259.09003225935 3773159.135194597),1132 N. Orange Dr.,90038.0,13.0,2020,3.0,24,0.125,2020,DB,90038,,,,3.0,,,,,deduplicated_matched,1132 N. Orange Dr.,34.0917208,-118.3413467,"(34.0917208, -118.3413467)",49.0,50.0,Hollywood
5533008003,6/30/2014,2014,13,1142 N CAHUENGA BLVD,Los Angeles ,90038.0,2.0,29.0,34.09206380000001,-118.3285494,"(34.09206380000001, -118.3285494)",POINT (377439.74412181234 3773160.460718245),1150 N Cahuenga Blvd,90038.0,13.0,2016,3.0,29,0.1034482758620689,2016,DB,90038,2018-04-03 00:00:00,,,3.0,,,,,deduplicated_matched,1150 N Cahuenga Blvd,34.0922226,-118.3285506,"(34.0922226, -118.3285506)",49.0,50.0,Hollywood
5533021014,4/16/2018,2018,13,900 N WILCOX AVE,LOS ANGELES ,90038.0,3.0,0.0,34.032542,-118.1250721,"(34.032542, -118.1250721)",POINT (396139.15256189066 3766334.9219983905),942 N. Wilcox Ave.,90038.0,13.0,2022,3.0,15,0.2,2022,TOC,90038,,1.0,,2.0,,,,TOC Tier 2,deduplicated_matched,942 N. Wilcox Ave.,34.032542,-118.1250721,"(34.032542, -118.1250721)",,,
5533022011,8/17/2016,2016,13,905 N WILCOX AVE,LOS ANGELES ,90038.0,4.0,17.0,34.0328022,-118.1250717,"(34.0328022, -118.1250717)",POINT (396139.5066136038 3766363.7743012197),942 N. Wilcox Ave.,90038.0,13.0,2022,3.0,15,0.2,2022,TOC,90038,,1.0,,2.0,,,,TOC Tier 2,deduplicated_matched,942 N. Wilcox Ave.,34.032542,-118.1250721,"(34.032542, -118.1250721)",,,
5533025004,2/26/2013,2013,4,813 N HUDSON AVE,Los Angeles ,90038.0,4.0,34.0,34.0856848,-118.3322344,"(34.0856848, -118.3322344)",POINT (377090.5553029651 3772457.5135037103),807 N Hudson Ave,90038.0,13.0,2015,3.0,34,0.088235294117647,2015,DB,90038,2017-06-09 00:00:00,,,3.0,,,,,deduplicated_matched,807 N Hudson Ave,34.0855538,-118.3324057,"(34.0855538, -118.3324057)",49.0,50.0,Hollywood
5533025004,2/26/2013,2013,4,813 N HUDSON AVE,Los Angeles ,90038.0,4.0,34.0,34.0856848,-118.3322344,"(34.0856848, -118.3322344)",POINT (377090.5553029651 3772457.5135037103),6217 West Waring Avenue,90048.0,13.0,2013,2.0,23,0.0869565217391304,2013,DB,90038,2015-02-09 00:00:00,,,2.0,,,,0.35,deduplicated_matched,6217 West Waring Avenue,34.0855126,-118.3317842,"(34.0855126, -118.3317842)",49.0,50.0,Hollywood
5533025005,2/26/2013,2013,13,807 N HUDSON AVE,Los Angeles ,90038.0,4.0,0.0,34.0855538,-118.3324057,"(34.0855538, -118.3324057)",POINT (377074.56106128875 3772443.192813979),807 N Hudson Ave,90038.0,13.0,2015,3.0,34,0.088235294117647,2015,DB,90038,2017-06-09 00:00:00,,,3.0,,,,,deduplicated_matched,807 N Hudson Ave,34.0855538,-118.3324057,"(34.0855538, -118.3324057)",49.0,50.0,Hollywood
5533026008,10/12/2011,2011,13,802 N HUDSON AVE,Los Angeles ,90038.0,2.0,23.0,34.0855435,-118.3317993,"(34.0855435, -118.3317993)",POINT (377130.49537034926 3772441.3215014418),6217 West Waring Avenue,90048.0,13.0,2013,2.0,23,0.0869565217391304,2013,DB,90038,2015-02-09 00:00:00,,,2.0,,,,0.35,deduplicated_matched,6217 West Waring Avenue,34.0855126,-118.3317842,"(34.0855126, -118.3317842)",49.0,50.0,Hollywood
5533026015,11/5/2014,2014,13,836 N HUDSON AVE,Los Angeles ,90038.0,3.0,11.0,34.0863844,-118.3317863,"(34.0863844, -118.3317863)",POINT (377132.90975460375 3772534.5539479163),838 N Hudson Ave,90038.0,13.0,2015,1.0,11,0.0909090909090909,2015,DB,90038,2016-12-16 00:00:00,,,1.0,,,,,deduplicated_matched,838 N Hudson Ave,34.0863848,-118.3318653,"(34.0863848, -118.3318653)",49.0,50.0,Hollywood
5533034008,10/27/2014,2014,13,723 N COLE AVE,Los Angeles ,90038.0,2.0,0.0,34.0841775,-118.330147,"(34.0841775, -118.330147)",POINT (377280.97285872925 3772287.8596861796),711 N Cole Ave,90038.0,13.0,2015,7.0,84,0.0833333333333333,2015,DB,90038,2017-07-11 00:00:00,,,7.0,,,,,deduplicated_matched,711 N Cole Ave,34.0839051,-118.3301249,"(34.0839051, -118.3301249)",49.0,50.0,Hollywood
5533034009,9/17/2014,2014,13,717 N COLE AVE,Los Angeles ,90038.0,2.0,0.0,34.0840343,-118.330122,"(34.0840343, -118.330122)",POINT (377283.07287881814 3772271.950117057),711 N Cole Ave,90038.0,13.0,2015,7.0,84,0.0833333333333333,2015,DB,90038,2017-07-11 00:00:00,,,7.0,,,,,deduplicated_matched,711 N Cole Ave,34.0839051,-118.3301249,"(34.0839051, -118.3301249)",49.0,50.0,Hollywood
5533034014,9/7/2011,2011,13,716 N WILCOX AVE,Los Angeles ,90038.0,3.0,103.0,34.0245307,-118.1217527,"(34.0245307, -118.1217527)",POINT (396435.86312998674 3765443.213467676),738 North Wilcox Avenue,90038.0,13.0,2013,9.0,103,0.087378640776699,2013,DB,90038,2015-01-23 00:00:00,,,9.0,,,,,deduplicated_matched,738 North Wilcox Avenue,34.0248464,-118.1216578,"(34.0248464, -118.1216578)",,,
5533034015,9/7/2011,2011,13,722 N WILCOX AVE,Los Angeles ,90038.0,2.0,0.0,34.0246157,-118.1217264,"(34.0246157, -118.1217264)",POINT (396438.3946205599 3765452.6122133974),748 N Wilcox Avenue,90038.0,13.0,2015,3.0,36,0.0833333333333333,2015,DB,90038,2016-12-22 00:00:00,,,3.0,,,,,deduplicated_matched,748 N Wilcox Avenue,34.0249936,-118.1216161,"(34.0249936, -118.1216161)",,,
5533034015,9/7/2011,2011,13,722 N WILCOX AVE,Los Angeles ,90038.0,2.0,0.0,34.0246157,-118.1217264,"(34.0246157, -118.1217264)",POINT (396438.3946205599 3765452.6122133974),738 North Wilcox Avenue,90038.0,13.0,2013,9.0,103,0.087378640776699,2013,DB,90038,2015-01-23 00:00:00,,,9.0,,,,,deduplicated_matched,738 North Wilcox Avenue,34.0248464,-118.1216578,"(34.0248464, -118.1216578)",,,
5533034021,4/28/2014,2014,13,752 N WILCOX AVE,Los Angeles ,90038.0,5.0,36.0,34.0250509,-118.1215999,"(34.0250509, -118.1215999)",POINT (396450.60275771987 3765500.7420515963),748 N Wilcox Avenue,90038.0,13.0,2015,3.0,36,0.0833333333333333,2015,DB,90038,2016-12-22 00:00:00,,,3.0,,,,,deduplicated_matched,748 N Wilcox Avenue,34.0249936,-118.1216161,"(34.0249936, -118.1216161)",,,
5533034021,4/28/2014,2014,13,752 N WILCOX AVE,Los Angeles ,90038.0,5.0,36.0,34.0250509,-118.1215999,"(34.0250509, -118.1215999)",POINT (396450.60275771987 3765500.7420515963),738 North Wilcox Avenue,90038.0,13.0,2013,9.0,103,0.087378640776699,2013,DB,90038,2015-01-23 00:00:00,,,9.0,,,,,deduplicated_matched,738 North Wilcox Avenue,34.0248464,-118.1216578,"(34.0248464, -118.1216578)",,,
5533034022,4/28/2014,2014,13,758 N WILCOX AVE,Los Angeles ,90038.0,4.0,0.0,34.0251362,-118.1215758,"(34.0251362, -118.1215758)",POINT (396452.93146513146 3765510.1762924204),748 N Wilcox Avenue,90038.0,13.0,2015,3.0,36,0.0833333333333333,2015,DB,90038,2016-12-22 00:00:00,,,3.0,,,,,deduplicated_matched,748 N Wilcox Avenue,34.0249936,-118.1216161,"(34.0249936, -118.1216161)",,,
5533034022,4/28/2014,2014,13,758 N WILCOX AVE,Los Angeles ,90038.0,4.0,0.0,34.0251362,-118.1215758,"(34.0251362, -118.1215758)",POINT (396452.93146513146 3765510.1762924204),738 North Wilcox Avenue,90038.0,13.0,2013,9.0,103,0.087378640776699,2013,DB,90038,2015-01-23 00:00:00,,,9.0,,,,,deduplicated_matched,738 North Wilcox Avenue,34.0248464,-118.1216578,"(34.0248464, -118.1216578)",,,
5533034027,9/17/2014,2014,13,727 N COLE AVE,LOS ANGELES ,90038.0,2.0,0.0,34.0843415,-118.3301419,"(34.0843415, -118.3301419)",POINT (377281.68006175006 3772306.0396450027),711 N Cole Ave,90038.0,13.0,2015,7.0,84,0.0833333333333333,2015,DB,90038,2017-07-11 00:00:00,,,7.0,,,,,deduplicated_matched,711 N Cole Ave,34.0839051,-118.3301249,"(34.0839051, -118.3301249)",49.0,50.0,Hollywood
5533035007,1/6/2016,2016,4,729 N WILCOX AVE,LOS ANGELES ,90038.0,3.0,0.0,34.0247007,-118.1217002,"(34.0247007, -118.1217002)",POINT (396440.91687373276 3765462.0110609587),748 N Wilcox Avenue,90038.0,13.0,2015,3.0,36,0.0833333333333333,2015,DB,90038,2016-12-22 00:00:00,,,3.0,,,,,deduplicated_matched,748 N Wilcox Avenue,34.0249936,-118.1216161,"(34.0249936, -118.1216161)",,,
5533035007,1/6/2016,2016,4,729 N WILCOX AVE,LOS ANGELES ,90038.0,3.0,0.0,34.0247007,-118.1217002,"(34.0247007, -118.1217002)",POINT (396440.91687373276 3765462.0110609587),738 North Wilcox Avenue,90038.0,13.0,2013,9.0,103,0.087378640776699,2013,DB,90038,2015-01-23 00:00:00,,,9.0,,,,,deduplicated_matched,738 North Wilcox Avenue,34.0248464,-118.1216578,"(34.0248464, -118.1216578)",,,
5533035009,1/6/2016,2016,4,723 N WILCOX AVE,LOS ANGELES ,90038.0,2.0,20.0,34.0246157,-118.1217264,"(34.0246157, -118.1217264)",POINT (396438.3946205599 3765452.6122133974),748 N Wilcox Avenue,90038.0,13.0,2015,3.0,36,0.0833333333333333,2015,DB,90038,2016-12-22 00:00:00,,,3.0,,,,,deduplicated_matched,748 N Wilcox Avenue,34.0249936,-118.1216161,"(34.0249936, -118.1216161)",,,
5533035009,1/6/2016,2016,4,723 N WILCOX AVE,LOS ANGELES ,90038.0,2.0,20.0,34.0246157,-118.1217264,"(34.0246157, -118.1217264)",POINT (396438.3946205599 3765452.6122133974),738 North Wilcox Avenue,90038.0,13.0,2013,9.0,103,0.087378640776699,2013,DB,90038,2015-01-23 00:00:00,,,9.0,,,,,deduplicated_matched,738 North Wilcox Avenue,34.0248464,-118.1216578,"(34.0248464, -118.1216578)",,,
5533035020,9/2/2016,2016,13,720 N HUDSON AVE,LOS ANGELES ,90038.0,3.0,17.0,34.08411050000001,-118.331949,"(34.08411050000001, -118.331949)",POINT (377114.6127608204 3772282.594977241),718 N. Hudson Ave.,90038.0,13.0,2017,2.0,23,0.0869565217391304,2017,DB,90038,2022-08-25 00:00:00,,,2.0,,,,,deduplicated_matched,718 N. Hudson Ave.,34.0840698,-118.3318222,"(34.0840698, -118.3318222)",49.0,50.0,Hollywood
5533035021,10/30/2015,2015,13,728 N HUDSON AVE,LOS ANGELES ,90038.0,3.0,0.0,34.0843217,-118.3318246,"(34.0843217, -118.3318246)",POINT (377126.3957987546 3772305.865556403),718 N. Hudson Ave.,90038.0,13.0,2017,2.0,23,0.0869565217391304,2017,DB,90038,2022-08-25 00:00:00,,,2.0,,,,,deduplicated_matched,718 N. Hudson Ave.,34.0840698,-118.3318222,"(34.0840698, -118.3318222)",49.0,50.0,Hollywood
5533036005,11/18/2014,2014,13,739 N HUDSON AVE,LOS ANGELES ,90038.0,8.0,,34.0845954,-118.3322496,"(34.0845954, -118.3322496)",POINT (377087.57838807534 3772336.7273510415),733 N. Hudson Ave,90038.0,13.0,2015,4.0,46,0.0869565217391304,2015,DB,90038,2017-05-03 00:00:00,,,4.0,,,,,deduplicated_matched,733 N. Hudson Ave,34.084594,-118.3324057,"(34.084594, -118.3324057)",49.0,50.0,Hollywood
5533036006,11/18/2014,2014,13,733 N HUDSON AVE,LOS ANGELES ,90038.0,3.0,,34.084594,-118.3324057,"(34.084594, -118.3324057)",POINT (377073.1737136818 3772336.7598283137),733 N. Hudson Ave,90038.0,13.0,2015,4.0,46,0.0869565217391304,2015,DB,90038,2017-05-03 00:00:00,,,4.0,,,,,deduplicated_matched,733 N. Hudson Ave,34.084594,-118.3324057,"(34.084594, -118.3324057)",49.0,50.0,Hollywood
5534005012,2/18/2022,2022,13,6222 W BANNER AVE,HOLLYWOOD ,90038.0,3.0,,34.09145540000001,-118.3252999,"(34.09145540000001, -118.3252999)",POINT (377738.6595293388 3773089.1023922255),6219 W BANNER AVE,,,2023,63.0,64,0.984375,2023,ED1,,,2.0,,1.0,47.0,13.0,0.0,,ed1,6219 W BANNER AVE,34.0918809,-118.3251566,"(34.0918809, -118.3251566)",49.0,50.0,Hollywood
5534009004,2/22/2021,2021,13,1241 N BRONSON AVE,HOLLYWOOD ,90038.0,3.0,,34.0938478,-118.3184864,"(34.0938478, -118.3184864)",POINT (378370.68168631213 3773346.2668592753),"1229 N BRONSON AVE 1-32 HOLLYWOOD, CA 90038",90038.0,13.0,2008,,32,1.0,2008,DB,90038,2008-11-19 00:00:00,,,,32.0,,,,deduplicated_matched,"1229 N BRONSON AVE HOLLYWOOD, CA",34.0935676,-118.3182991,"(34.0935676, -118.3182991)",49.0,50.0,Hollywood
5534013018,3/12/2019,2019,13,1222 N BEACHWOOD DR,HOLLYWOOD ,90038.0,3.0,,34.0932781,-118.3208966,"(34.0932781, -118.3208966)",POINT (378147.51137718 3773285.963751075),1222 N. Beachwood Dr.,90038.0,13.0,2021,3.0,11,0.2727272727272727,2021,DB,90038,,1.0,,2.0,,,,,deduplicated_matched,1222 N. Beachwood Dr.,34.0932781,-118.3208966,"(34.0932781, -118.3208966)",49.0,50.0,Hollywood
5534019020,1/31/2017,2017,13,5820 W LA MIRADA AVE,HOLLYWOOD ,90038.0,5.0,18.0,34.0934884,-118.3165825,"(34.0934884, -118.3165825)",POINT (378545.81309366337 3773304.14828036),5814 W. La Mirada Ave.,90038.0,13.0,2021,1.0,13,0.0769230769230769,2021,DB,90038,,,,1.0,,,,,deduplicated_matched,5814 W. La Mirada Ave.,34.0935455,-118.3162733,"(34.0935455, -118.3162733)",49.0,50.0,Hollywood
5534019021,11/3/2016,2016,13,5826 W LA MIRADA AVE,HOLLYWOOD ,90038.0,3.0,0.0,34.0935466,-118.3167841,"(34.0935466, -118.3167841)",POINT (378527.2975078579 3773310.8417415847),5814 W. La Mirada Ave.,90038.0,13.0,2021,1.0,13,0.0769230769230769,2021,DB,90038,,,,1.0,,,,,deduplicated_matched,5814 W. La Mirada Ave.,34.0935455,-118.3162733,"(34.0935455, -118.3162733)",49.0,50.0,Hollywood
5534034012,9/12/2018,2018,13,5801 W CAMERFORD AVE,LOS ANGELES ,90038.0,4.0,,34.0846024,-118.32462,"(34.0846024, -118.32462)",POINT (377791.53719423135 3772328.355125143),5801 W. Camerford Ave.,90038.0,13.0,2020,5.0,36,0.1388888888888889,2020,DB,90038,2023-01-24 00:00:00,,,4.0,1.0,,,,deduplicated_matched,5801 W. Camerford Ave.,34.0846024,-118.32462,"(34.0846024, -118.32462)",49.0,50.0,Hollywood
5534034013,9/12/2018,2018,13,5805 W CAMERFORD AVE,LOS ANGELES ,90038.0,2.0,,34.0846326,-118.3247971,"(34.0846326, -118.3247971)",POINT (377775.2403901514 3772331.9157832307),5801 W. Camerford Ave.,90038.0,13.0,2020,5.0,36,0.1388888888888889,2020,DB,90038,2023-01-24 00:00:00,,,4.0,1.0,,,,deduplicated_matched,5801 W. Camerford Ave.,34.0846024,-118.32462,"(34.0846024, -118.32462)",49.0,50.0,Hollywood
5534034014,9/12/2018,2018,13,5809 W CAMERFORD AVE,LOS ANGELES ,90038.0,2.0,,34.0846071,-118.324956,"(34.0846071, -118.324956)",POINT (377760.5427663814 3772329.2780937753),5801 W. Camerford Ave.,90038.0,13.0,2020,5.0,36,0.1388888888888889,2020,DB,90038,2023-01-24 00:00:00,,,4.0,1.0,,,,deduplicated_matched,5801 W. Camerford Ave.,34.0846024,-118.32462,"(34.0846024, -118.32462)",49.0,50.0,Hollywood
5534034014,9/12/2018,2018,13,5809 W CAMERFORD AVE,LOS ANGELES ,90038.0,2.0,,34.0846071,-118.324956,"(34.0846071, -118.324956)",POINT (377760.5427663814 3772329.2780937753),5825 W Camerford Ave,90038.0,13.0,2015,3.0,34,0.088235294117647,2015,DB,90038,2017-02-02 00:00:00,,,3.0,,,,,deduplicated_matched,5825 W Camerford Ave,34.0847019,-118.3254198,"(34.0847019, -118.3254198)",49.0,50.0,Hollywood
5534035018,7/11/2008,2008,13,5653 W MELROSE AVE,Los Angeles ,90038.0,8.0,,34.0851949,-118.3070164,"(34.0851949, -118.3070164)",POINT (379416.57876675564 3772373.1502159233),6535 W. Melrose Ave.,90038.0,5.0,2020,3.0,33,0.0909090909090909,2020,TOC,90038,(Temp) 12/08/2022,3.0,,,,,,TOC Tier 1,deduplicated_matched,6535 W. Melrose Ave.,34.0851949,-118.3070164,"(34.0851949, -118.3070164)",25.0,26.0,East Hollywood
5534035018,7/11/2008,2008,13,5653 W MELROSE AVE,Los Angeles ,90038.0,8.0,,34.0851949,-118.3070164,"(34.0851949, -118.3070164)",POINT (379416.57876675564 3772373.1502159233),7000 W. Melrose Ave.,90038.0,5.0,2017,4.0,40,0.1,2017,DB,90038,2020-10-05 00:00:00,,,4.0,,,,,deduplicated_matched,7000 W. Melrose Ave.,34.0851949,-118.3070164,"(34.0851949, -118.3070164)",25.0,26.0,East Hollywood
5536002012,9/17/2019,2019,13,5621 W LA MIRADA AVE,HOLLYWOOD ,90038.0,2.0,,34.0940009,-118.3117946,"(34.0940009, -118.3117946)",POINT (378988.25333410257 3773355.2995559312),5621 W. La Mirada Ave.,90038.0,13.0,2020,2.0,14,0.1428571428571428,2020,DB,90038,,,,2.0,,,,,deduplicated_matched,5621 W. La Mirada Ave.,34.0940009,-118.3117946,"(34.0940009, -118.3117946)",49.0,50.0,Hollywood
5536003007,7/24/2018,2018,13,5530 W LA MIRADA AVE,HOLLYWOOD ,90038.0,2.0,,34.0935679,-118.3104412,"(34.0935679, -118.3104412)",POINT (379112.4955998639 3773305.682063105),5537 W La Mirada Ave,90038.0,13.0,2015,2.0,10,0.2,2015,DB,90038,2019-11-22 00:00:00,,,,2.0,,,,deduplicated_matched,5537 W La Mirada Ave,34.09392680000001,-118.3105939,"(34.09392680000001, -118.3105939)",49.0,50.0,Hollywood
5536003018,7/8/2015,2015,13,5531 W LA MIRADA AVE,LOS ANGELES ,90038.0,5.0,10.0,34.093953,-118.310555,"(34.093953, -118.310555)",POINT (379102.54455879703 3773348.5206532227),5537 W La Mirada Ave,90038.0,13.0,2015,2.0,10,0.2,2015,DB,90038,2019-11-22 00:00:00,,,,2.0,,,,deduplicated_matched,5537 W La Mirada Ave,34.09392680000001,-118.3105939,"(34.09392680000001, -118.3105939)",49.0,50.0,Hollywood
5537018021,6/22/2023,2023,13,1020 N ARDMORE AVE,LOS ANGELES ,90029.0,2.0,,34.0892795,-118.3015886,"(34.0892795, -118.3015886)",POINT (379923.13981815457 3772819.702715762),1020 N ARDMORE AVE,,,2024,55.0,56,0.9821428571428572,2024,ED1,,,0.0,,0.0,43.0,12.0,0.0,,ed1,1020 N ARDMORE AVE,34.0892795,-118.3015886,"(34.0892795, -118.3015886)",25.0,26.0,East Hollywood
5537024004,1/7/2020,2020,13,5068 W ROMAINE ST,LOS ANGELES ,90029.0,3.0,,34.08828,-118.3027,"(34.08828, -118.3027)",POINT (379819.18937317515 3772710.1741464315),5068 W. Romaine St.,90029.0,13.0,2020,2.0,18,0.1111111111111111,2020,TOC,90029,2024-02-06 00:00:00,2.0,,,,,,TOC Tier 2,deduplicated_matched,5068 W. Romaine St.,34.08828,-118.3027,"(34.08828, -118.3027)",25.0,26.0,East Hollywood
5537024004,1/7/2020,2020,13,5068 W ROMAINE ST,LOS ANGELES ,90029.0,3.0,,34.08828,-118.3027,"(34.08828, -118.3027)",POINT (379819.18937317515 3772710.1741464315),5066 Romaine St.,90029.0,13.0,2017,1.0,15,0.0666666666666666,2017,DB,90029,2020-08-17 00:00:00,,,1.0,,,,,deduplicated_matched,5066 Romaine St.,34.0882133,-118.3025365,"(34.0882133, -118.3025365)",25.0,26.0,East Hollywood
5537025019,11/17/2020,2020,13,900 N ARDMORE AVE,LOS ANGELES ,90029.0,4.0,,34.0863995,-118.3016386,"(34.0863995, -118.3016386)",POINT (379914.4597947636 3772500.3973118714),900 N. Ardmore Ave.,90029.0,13.0,2021,4.0,33,0.1212121212121212,2021,TOC,90029,,2.0,,2.0,,,,TOC Tier 1,deduplicated_matched,900 N. Ardmore Ave.,34.0863995,-118.3016386,"(34.0863995, -118.3016386)",25.0,26.0,East Hollywood
5538015028,11/26/2008,2008,13,4401 W MELROSE AVE,Los Angeles ,90029.0,2.0,,34.0852077,-118.3060277,"(34.0852077, -118.3060277)",POINT (379507.818843431 3772373.403643695),3981 W. Melrose Ave.,90029.0,13.0,2020,4.0,37,0.1081081081081081,2020,TOC,90029,,4.0,,,,,,TOC Tier 3,deduplicated_matched,3981 W. Melrose Ave.,34.0852077,-118.3060277,"(34.0852077, -118.3060277)",25.0,26.0,East Hollywood
5538015028,11/26/2008,2008,13,4401 W MELROSE AVE,Los Angeles ,90029.0,2.0,,34.0852077,-118.3060277,"(34.0852077, -118.3060277)",POINT (379507.818843431 3772373.403643695),4660 W. Melrose Ave.,90029.0,13.0,2019,6.0,66,0.0909090909090909,2019,TOC,90029,2022-12-19 00:00:00,6.0,,,,,,TOC Tier 2,deduplicated_matched,4660 W. Melrose Ave.,34.0849641,-118.3062282,"(34.0849641, -118.3062282)",25.0,26.0,East Hollywood
5538021001,3/4/2022,2022,13,4750 W SANTA MONICA BLVD,LOS ANGELES ,90029.0,1.0,,34.0906756,-118.2931829,"(34.0906756, -118.2931829)",POINT (380700.6082717933 3772964.672556237),4750 W. Santa Monica Blvd.,90029.0,13.0,2022,10.0,85,0.1176470588235294,2022,TOC,90029,,10.0,,,,,,TOC Tier 4,deduplicated_matched,4750 W. Santa Monica Blvd.,34.0906756,-118.2931829,"(34.0906756, -118.2931829)",25.0,26.0,East Hollywood
5538022016,3/21/2018,2018,13,1020 N NEW HAMPSHIRE AVE,LOS ANGELES ,90029.0,4.0,,34.0901744,-118.2924331,"(34.0901744, -118.2924331)",POINT (380769.08080151526 3772908.219360297),1021 N. Vermont Ave.,90029.0,13.0,2022,185.0,187,0.9893048128342246,2022,TOC,90029,,94.0,,91.0,,,,AB 2162; AB 1763; TOC Tier 4,deduplicated_matched,1021 N. Vermont Ave.,34.0900899,-118.29204,"(34.0900899, -118.29204)",25.0,26.0,East Hollywood
5539019007,11/13/2018,2018,13,3905 W MELROSE AVE,LOS ANGELES ,90029.0,4.0,,34.0852077,-118.3060277,"(34.0852077, -118.3060277)",POINT (379507.818843431 3772373.403643695),3981 W. Melrose Ave.,90029.0,13.0,2020,4.0,37,0.1081081081081081,2020,TOC,90029,,4.0,,,,,,TOC Tier 3,deduplicated_matched,3981 W. Melrose Ave.,34.0852077,-118.3060277,"(34.0852077, -118.3060277)",25.0,26.0,East Hollywood
5539019007,11/13/2018,2018,13,3905 W MELROSE AVE,LOS ANGELES ,90029.0,4.0,,34.0852077,-118.3060277,"(34.0852077, -118.3060277)",POINT (379507.818843431 3772373.403643695),4660 W. Melrose Ave.,90029.0,13.0,2019,6.0,66,0.0909090909090909,2019,TOC,90029,2022-12-19 00:00:00,6.0,,,,,,TOC Tier 2,deduplicated_matched,4660 W. Melrose Ave.,34.0849641,-118.3062282,"(34.0849641, -118.3062282)",25.0,26.0,East Hollywood
5540002022,8/14/2017,2017,13,1211 N MARIPOSA AVE,LOS ANGELES ,90029.0,2.0,3.0,34.093697,-118.2996847,"(34.093697, -118.2996847)",POINT (380105.02310131415 3773307.3256148472),1205 N MARIPOSA AVE,,,2024,173.0,174,0.9942528735632185,2024,ED1,,,0.0,,3.0,135.0,35.0,0.0,,ed1,1205 N MARIPOSA AVE,34.0935665,-118.2997271,"(34.0935665, -118.2997271)",25.0,26.0,East Hollywood
5540009009,1/24/2019,2019,13,1111 N KENMORE AVE,LOS ANGELES ,90029.0,2.0,24.0,34.0912823,-118.2978083,"(34.0912823, -118.2978083)",POINT (380274.73043399805 3773037.3587799137),1113 N. Kenmore Ave.,90029.0,13.0,2019,4.0,24,0.1666666666666666,2019,DB,90029,2022-03-08 00:00:00,,,4.0,,,,,deduplicated_matched,1113 N. Kenmore Ave.,34.0913693,-118.2975489,"(34.0913693, -118.2975489)",25.0,26.0,East Hollywood
5542014023,5/8/2020,2020,13,4645 W MAUBERT AVE,LOS ANGELES ,90027.0,5.0,,34.0992545,-118.2908877,"(34.0992545, -118.2908877)",POINT (380924.37660054455 3773913.3122488433),4643 W. Maubert Ave.,90027.0,13.0,2021,17.0,153,0.1111111111111111,2021,TOC,90027,,17.0,,,,,,TOC Tier 4,deduplicated_matched,4643 W. Maubert Ave.,34.099261,-118.29076,"(34.099261, -118.29076)",25.0,26.0,East Hollywood
5542014031,5/8/2020,2020,13,4637 W MAUBERT AVE,LOS ANGELES ,90027.0,4.0,,34.099286,-118.2903709,"(34.099286, -118.2903709)",POINT (380972.0950203724 3773916.2031338857),4643 W. Maubert Ave.,90027.0,13.0,2021,17.0,153,0.1111111111111111,2021,TOC,90027,,17.0,,,,,,TOC Tier 4,deduplicated_matched,4643 W. Maubert Ave.,34.099261,-118.29076,"(34.099261, -118.29076)",25.0,26.0,East Hollywood
5543015013,4/8/2022,2022,13,1423 N NEW HAMPSHIRE AVE,LOS ANGELES ,90027.0,2.0,,34.0973913,-118.2931787,"(34.0973913, -118.2931787)",POINT (380710.4192454355 3773709.373623184),1419 N. New Hampshire Ave.,90027.0,13.0,2022,7.0,62,0.1129032258064516,2022,TOC,90027,,7.0,,,,,,TOC Tier 4,deduplicated_matched,1419 N. New Hampshire Ave.,34.0972524,-118.2930946,"(34.0972524, -118.2930946)",25.0,26.0,East Hollywood
5543016010,1/15/2020,2020,13,1317 N NEW HAMPSHIRE AVE,LOS ANGELES ,90027.0,4.0,,34.0961284,-118.2931773,"(34.0961284, -118.2931773)",POINT (380708.7761688946 3773569.328573207),1325 N. New Hampshire Ave.,90027.0,13.0,2020,11.0,92,0.1195652173913043,2020,TOC,90027,2024-04-02 00:00:00,11.0,,,,,,TOC Tier 4,deduplicated_matched,1325 N. New Hampshire Ave.,34.0962685,-118.2931545,"(34.0962685, -118.2931545)",25.0,26.0,East Hollywood
5543016014,6/27/2022,2022,13,1335 N NEW HAMPSHIRE AVE,LOS ANGELES ,90027.0,2.0,,34.096549,-118.2931552,"(34.096549, -118.2931552)",POINT (380711.40516028577 3773615.943248935),1325 N. New Hampshire Ave.,90027.0,13.0,2020,11.0,92,0.1195652173913043,2020,TOC,90027,2024-04-02 00:00:00,11.0,,,,,,TOC Tier 4,deduplicated_matched,1325 N. New Hampshire Ave.,34.0962685,-118.2931545,"(34.0962685, -118.2931545)",25.0,26.0,East Hollywood
5543016018,1/15/2020,2020,13,1323 N NEW HAMPSHIRE AVE,LOS ANGELES ,90027.0,2.0,,34.0962654,-118.2931773,"(34.0962654, -118.2931773)",POINT (380708.9684182441 3773584.520549026),1325 N. New Hampshire Ave.,90027.0,13.0,2020,11.0,92,0.1195652173913043,2020,TOC,90027,2024-04-02 00:00:00,11.0,,,,,,TOC Tier 4,deduplicated_matched,1325 N. New Hampshire Ave.,34.0962685,-118.2931545,"(34.0962685, -118.2931545)",25.0,26.0,East Hollywood
5543024019,9/22/2015,2015,13,1420 N MARIPOSA AVE,LOS ANGELES ,90027.0,2.0,,34.0972171,-118.2992104,"(34.0972171, -118.2992104)",POINT (380153.74239264836 3773697.114609096),1412 N MARIPOSA AVE,,,2024,71.0,72,0.9861111111111112,2024,ED1,,,0.0,,0.0,56.0,15.0,0.0,,ed1,1412 N MARIPOSA AVE,34.0969784,-118.2991608,"(34.0969784, -118.2991608)",25.0,26.0,East Hollywood
5544002062,6/5/2019,2019,13,1750 N WILTON PL,HOLLYWOOD ,90028.0,3.0,,34.1032656,-118.3133702,"(34.1032656, -118.3133702)",POINT (378856.1011922314 3774384.535659476),1740 N WILTON PL,,,2024,57.0,58,0.9827586206896552,2024,ED1,,,0.0,,1.0,46.0,10.0,0.0,,ed1,1740 N WILTON PL,34.1029895,-118.3133696,"(34.1029895, -118.3133696)",49.0,50.0,Hollywood
5544006025,2/22/2019,2019,13,5440 W FRANKLIN AVE,LOS ANGELES ,90027.0,2.0,,34.1464892,-118.3446051,"(34.1464892, -118.3446051)",POINT (376037.9461052947 3779215.1517757555),6658 W. Franklin Ave.,90028.0,4.0,2022,10.0,64,0.15625,2022,DB,90028,,,,10.0,,,,,deduplicated_matched,6658 W. Franklin Ave.,34.1464892,-118.3446051,"(34.1464892, -118.3446051)",,,
5544006025,2/22/2019,2019,13,5440 W FRANKLIN AVE,LOS ANGELES ,90027.0,2.0,,34.1464892,-118.3446051,"(34.1464892, -118.3446051)",POINT (376037.9461052947 3779215.1517757555),5440 W. Franklin Ave.,90027.0,4.0,2021,11.0,87,0.1264367816091954,2021,Other/Discretionary,90027,2024-11-20 00:00:00,,,11.0,,,,Conditional Use to increase the density,deduplicated_matched,5440 W. Franklin Ave.,34.1464892,-118.3446051,"(34.1464892, -118.3446051)",,,
5544006025,2/22/2019,2019,13,5440 W FRANKLIN AVE,LOS ANGELES ,90027.0,2.0,,34.1464892,-118.3446051,"(34.1464892, -118.3446051)",POINT (376037.9461052947 3779215.1517757555),4826 W. Franklin Ave.,90027.0,4.0,2020,1.0,7,0.1428571428571428,2020,TOC,90027,2024-02-01 00:00:00,,,1.0,,,,TOC Tier 3,deduplicated_matched,4826 W. Franklin Ave.,34.1464892,-118.3446051,"(34.1464892, -118.3446051)",,,
5544011019,11/15/2022,2022,4,1717 N WINONA BLVD,LOS ANGELES ,90027.0,4.0,,34.1023288,-118.3024621,"(34.1023288, -118.3024621)",POINT (379860.9938572111 3774267.77248373),1717 N. Winona Blvd.,90027.0,4.0,2021,3.0,15,0.2,2021,TOC,90027,,3.0,,,,,,TOC Tier 3,deduplicated_matched,1717 N. Winona Blvd.,34.1023288,-118.3024621,"(34.1023288, -118.3024621)",57.0,58.0,Los Feliz
5544013008,11/20/2014,2014,13,5107 W HAROLD WAY,LOS ANGELES ,90027.0,2.0,,34.099595,-118.3008854,"(34.099595, -118.3008854)",POINT (380002.5782657356 3773962.7669828404),5107 West Harold Way,90027.0,13.0,2014,1.0,7,0.1428571428571428,2014,DB,90027,2018-12-04 00:00:00,,,,1.0,,,,deduplicated_matched,5107 West Harold Way,34.099595,-118.3008854,"(34.099595, -118.3008854)",25.0,26.0,East Hollywood
5544025007,8/19/2015,2015,13,5517 W CARLTON WAY,HOLLYWOOD ,90028.0,3.0,,34.1006409,-118.3098181,"(34.1006409, -118.3098181)",POINT (379180.03342275857 3774089.2745111673),1657 N. Western Ave.,90027.0,13.0,2022,198.0,200,0.99,2022,DB,90027,,,,,158.0,40.0,,Unlimited density per Govt Code Section 65915,deduplicated_matched,1657 N. Western Ave.,34.1007484,-118.3095745,"(34.1007484, -118.3095745)",49.0,50.0,Hollywood
5545014005,7/7/2021,2021,13,1463 N TAMARIND AVE,HOLLYWOOD ,90028.0,2.0,,33.9053667,-118.2227088,"(33.9053667, -118.2227088)",POINT (386957.16615449934 3752336.2038633684),1339 N. Tamarind Ave.,90028.0,13.0,2022,4.0,44,0.0909090909090909,2022,DB,90028,,4.0,,,,,,,deduplicated_matched,1339 N. Tamarind Ave.,33.9050705,-118.2229731,"(33.9050705, -118.2229731)",,,
5545014010,5/20/2015,2015,13,1443 N TAMARIND AVE,HOLLYWOOD ,90028.0,3.0,21.0,33.905258,-118.2227038,"(33.905258, -118.2227038)",POINT (386957.484940207 3752324.145059559),1339 N. Tamarind Ave.,90028.0,13.0,2022,4.0,44,0.0909090909090909,2022,DB,90028,,4.0,,,,,,,deduplicated_matched,1339 N. Tamarind Ave.,33.9050705,-118.2229731,"(33.9050705, -118.2229731)",,,
5545014011,5/20/2015,2015,13,1439 N TAMARIND AVE,HOLLYWOOD ,90028.0,3.0,,33.9052363,-118.2227028,"(33.9052363, -118.2227028)",POINT (386957.5487503463 3752321.737734263),1339 N. Tamarind Ave.,90028.0,13.0,2022,4.0,44,0.0909090909090909,2022,DB,90028,,4.0,,,,,,,deduplicated_matched,1339 N. Tamarind Ave.,33.9050705,-118.2229731,"(33.9050705, -118.2229731)",,,
5545014014,2/23/2018,2018,13,1425 N TAMARIND AVE,HOLLYWOOD ,90028.0,4.0,,33.9051538,-118.2226987,"(33.9051538, -118.2226987)",POINT (386957.81891415163 3752312.5851325546),1339 N. Tamarind Ave.,90028.0,13.0,2022,4.0,44,0.0909090909090909,2022,DB,90028,,4.0,,,,,,,deduplicated_matched,1339 N. Tamarind Ave.,33.9050705,-118.2229731,"(33.9050705, -118.2229731)",,,
5545014027,5/21/2018,2018,13,1301 N TAMARIND AVE,HOLLYWOOD ,90028.0,4.0,,33.9047856,-118.2229486,"(33.9047856, -118.2229486)",POINT (386934.2273818606 3752272.0320514),1339 N. Tamarind Ave.,90028.0,13.0,2022,4.0,44,0.0909090909090909,2022,DB,90028,,4.0,,,,,,,deduplicated_matched,1339 N. Tamarind Ave.,33.9050705,-118.2229731,"(33.9050705, -118.2229731)",,,
5545014045,1/9/2017,2017,13,1440 N GORDON ST,HOLLYWOOD ,90028.0,2.0,0.0,34.096906,-118.319793,"(34.096906, -118.319793)",POINT (378254.5206884756 3773686.9489268027),1440 N. Gordon St.,90028.0,13.0,2017,5.0,41,0.1219512195121951,2017,DB,90028,2020-10-09 00:00:00,,,4.0,1.0,,,,deduplicated_matched,1440 N. Gordon St.,34.096906,-118.319793,"(34.096906, -118.319793)",49.0,50.0,Hollywood
5545014046,1/9/2017,2017,13,1444 N GORDON ST,HOLLYWOOD ,90028.0,3.0,41.0,34.097043,-118.319793,"(34.097043, -118.319793)",POINT (378254.71690076514 3773702.140964709),1440 N. Gordon St.,90028.0,13.0,2017,5.0,41,0.1219512195121951,2017,DB,90028,2020-10-09 00:00:00,,,4.0,1.0,,,,deduplicated_matched,1440 N. Gordon St.,34.096906,-118.319793,"(34.096906, -118.319793)",49.0,50.0,Hollywood
5545015041,6/7/2017,2017,13,1432 N TAMARIND AVE,HOLLYWOOD ,90028.0,2.0,,33.9057374,-118.2224426,"(33.9057374, -118.2224426)",POINT (386982.2678019151 3752377.016273981),1446 N Tamarind Ave,90028.0,13.0,2016,5.0,44,0.1136363636363636,2016,DB,90028,2019-11-05 00:00:00,,,4.0,1.0,,,,deduplicated_matched,1446 N Tamarind Ave,33.9058086,-118.2224468,"(33.9058086, -118.2224468)",,,
5545015042,3/17/2017,2017,13,1436 N TAMARIND AVE,HOLLYWOOD ,90028.0,3.0,,33.9057578,-118.2224438,"(33.9057578, -118.2224438)",POINT (386982.1837791507 3752379.2796675586),1446 N Tamarind Ave,90028.0,13.0,2016,5.0,44,0.1136363636363636,2016,DB,90028,2019-11-05 00:00:00,,,4.0,1.0,,,,deduplicated_matched,1446 N Tamarind Ave,33.9058086,-118.2224468,"(33.9058086, -118.2224468)",,,
5545015043,8/18/2016,2016,13,1442 N TAMARIND AVE,HOLLYWOOD ,90028.0,3.0,0.0,33.9057883,-118.2224456,"(33.9057883, -118.2224456)",POINT (386982.057613136 3752382.663669347),1446 N Tamarind Ave,90028.0,13.0,2016,5.0,44,0.1136363636363636,2016,DB,90028,2019-11-05 00:00:00,,,4.0,1.0,,,,deduplicated_matched,1446 N Tamarind Ave,33.9058086,-118.2224468,"(33.9058086, -118.2224468)",,,
5545015044,8/18/2016,2016,13,1446 N TAMARIND AVE,HOLLYWOOD ,90028.0,2.0,44.0,33.9058086,-118.2224468,"(33.9058086, -118.2224468)",POINT (386981.9734585463 3752384.9159743544),1446 N Tamarind Ave,90028.0,13.0,2016,5.0,44,0.1136363636363636,2016,DB,90028,2019-11-05 00:00:00,,,4.0,1.0,,,,deduplicated_matched,1446 N Tamarind Ave,33.9058086,-118.2224468,"(33.9058086, -118.2224468)",,,
5547004021,5/30/2013,2013,13,1850 N CHEROKEE AVE,HOLLYWOOD ,90028.0,18.0,,34.104682,-118.3345145,"(34.104682, -118.3345145)",POINT (376907.6936026619 3774566.8763117115),1846 N. Cherokee Ave.,90028.0,13.0,2017,3.0,20,0.15,2017,DB,90028,,,,,3.0,,,,deduplicated_matched,1846 N. Cherokee Ave.,34.1045037,-118.3344093,"(34.1045037, -118.3344093)",49.0,50.0,Hollywood
5547010004,9/10/2014,2014,13,1737 N LAS PALMAS AVE,HOLLYWOOD ,90028.0,34.0,82.0,34.1026736,-118.336383,"(34.1026736, -118.336383)",POINT (376732.42298124824 3774346.4154051943),1718 N. Las Palmas Ave.,90028.0,13.0,2017,24.0,224,0.1071428571428571,2017,DB,90028,2017-10-12 00:00:00,,,24.0,,,,,deduplicated_matched,1718 N. Las Palmas Ave.,34.1025063,-118.3360462,"(34.1025063, -118.3360462)",49.0,50.0,Hollywood
5547013014,3/4/2020,2020,13,6753 W SELMA AVE,HOLLYWOOD ,90028.0,11.0,,34.0999304,-118.3376334,"(34.0999304, -118.3376334)",POINT (376613.0961961242 3774043.72815825),6753 W. Selma Ave.,90028.0,13.0,2020,8.0,51,0.1568627450980392,2020,TOC,90028,,4.0,,4.0,,,,TOC Tier 4,deduplicated_matched,6753 W. Selma Ave.,34.0999304,-118.3376334,"(34.0999304, -118.3376334)",49.0,50.0,Hollywood
5547028026,5/5/2020,2020,13,6575 W FOUNTAIN AVE,HOLLYWOOD ,90028.0,5.0,,34.0945393,-118.3330495,"(34.0945393, -118.3330495)",POINT (377028.1572635657 3773440.377390811),6575 W. Fountain Ave.,90028.0,13.0,2022,1.0,12,0.0833333333333333,2022,TOC,90028,,1.0,,,,,,TOC Tier 1,deduplicated_matched,6575 W. Fountain Ave.,34.0945393,-118.3330495,"(34.0945393, -118.3330495)",49.0,50.0,Hollywood
5547031001,6/18/2018,2018,13,1301 N CHEROKEE AVE,HOLLYWOOD ,90028.0,2.0,,34.0945196,-118.3354878,"(34.0945196, -118.3354878)",POINT (376803.18390416144 3773441.129798079),1301 N CHEROKEE AVE,,,2023,52.0,53,0.981132075471698,2023,ED1,,,0.0,,2.0,41.0,9.0,0.0,,ed1,1301 N CHEROKEE AVE,34.0945196,-118.3354878,"(34.0945196, -118.3354878)",49.0,50.0,Hollywood
5547031002,8/21/2019,2019,13,1307 N CHEROKEE AVE,HOLLYWOOD ,90028.0,2.0,,34.0946364,-118.3354845,"(34.0946364, -118.3354845)",POINT (376803.6576062309 3773454.077889551),1301 N CHEROKEE AVE,,,2023,52.0,53,0.981132075471698,2023,ED1,,,0.0,,2.0,41.0,9.0,0.0,,ed1,1301 N CHEROKEE AVE,34.0945196,-118.3354878,"(34.0945196, -118.3354878)",49.0,50.0,Hollywood
5548010018,7/10/2012,2012,4,7254 W HAWTHORN AVE,HOLLYWOOD ,90046.0,14.0,25.0,34.0995894,-118.3480521,"(34.0995894, -118.3480521)",POINT (375651.4822489258 3774018.5453077187),7260 West Hawthorn Avenue,90046.0,4.0,2013,2.0,25,0.08,2013,DB,90046,2014-12-21 00:00:00,,,2.0,,,,0.35,deduplicated_matched,7260 West Hawthorn Avenue,34.099677,-118.3481772,"(34.099677, -118.3481772)",49.0,50.0,Hollywood
5548012029,10/7/2019,2019,13,7050 W HAWTHORN AVE,LOS ANGELES ,90028.0,18.0,,34.0999647,-118.3433871,"(34.0999647, -118.3433871)",POINT (376082.37309564045 3774054.4950892413),7050 W. Hawthorn Ave.,90028.0,13.0,2022,12.0,60,0.2,2022,DB,90028,,,,7.0,3.0,2.0,,,deduplicated_matched,7050 W. Hawthorn Ave.,34.0999647,-118.3433871,"(34.0999647, -118.3433871)",49.0,50.0,Hollywood
5548019011,5/21/2019,2019,13,1426 N FULLER AVE,HOLLYWOOD ,90046.0,2.0,,34.0967762,-118.3490712,"(34.0967762, -118.3490712)",POINT (375553.3521485293 3773707.826658008),1426 N. Fuller Ave.,90046.0,13.0,2021,2.0,15,0.1333333333333333,2021,TOC,90046,,2.0,,,,,,TOC Tier 1,deduplicated_matched,1426 N. Fuller Ave.,34.0967762,-118.3490712,"(34.0967762, -118.3490712)",49.0,50.0,Hollywood
5550001009,11/17/2016,2016,4,7412 W FRANKLIN AVE,LOS ANGELES ,90046.0,2.0,,34.1464892,-118.3446051,"(34.1464892, -118.3446051)",POINT (376037.9461052947 3779215.1517757555),6658 W. Franklin Ave.,90028.0,4.0,2022,10.0,64,0.15625,2022,DB,90028,,,,10.0,,,,,deduplicated_matched,6658 W. Franklin Ave.,34.1464892,-118.3446051,"(34.1464892, -118.3446051)",,,
5550001009,11/17/2016,2016,4,7412 W FRANKLIN AVE,LOS ANGELES ,90046.0,2.0,,34.1464892,-118.3446051,"(34.1464892, -118.3446051)",POINT (376037.9461052947 3779215.1517757555),5440 W. Franklin Ave.,90027.0,4.0,2021,11.0,87,0.1264367816091954,2021,Other/Discretionary,90027,2024-11-20 00:00:00,,,11.0,,,,Conditional Use to increase the density,deduplicated_matched,5440 W. Franklin Ave.,34.1464892,-118.3446051,"(34.1464892, -118.3446051)",,,
5550001009,11/17/2016,2016,4,7412 W FRANKLIN AVE,LOS ANGELES ,90046.0,2.0,,34.1464892,-118.3446051,"(34.1464892, -118.3446051)",POINT (376037.9461052947 3779215.1517757555),4826 W. Franklin Ave.,90027.0,4.0,2020,1.0,7,0.1428571428571428,2020,TOC,90027,2024-02-01 00:00:00,,,1.0,,,,TOC Tier 3,deduplicated_matched,4826 W. Franklin Ave.,34.1464892,-118.3446051,"(34.1464892, -118.3446051)",,,
5550020025,12/11/2013,2013,13,1319 N MARTEL AVE,HOLLYWOOD ,90046.0,3.0,24.0,34.0951125,-118.3508867,"(34.0951125, -118.3508867)",POINT (375383.4287503195 3773525.5494330963),1319 N Martel Ave,90046.0,13.0,2015,2.0,23,0.0869565217391304,2015,DB,90046,2017-06-05 00:00:00,,,2.0,,,,,deduplicated_matched,1319 N Martel Ave,34.0951125,-118.3508867,"(34.0951125, -118.3508867)",49.0,50.0,Hollywood
5550020026,2/27/2014,2014,4,1321 N MARTEL AVE,HOLLYWOOD ,90046.0,3.0,0.0,34.0950604,-118.3508536,"(34.0950604, -118.3508536)",POINT (375386.4059991226 3773519.731631399),1319 N Martel Ave,90046.0,13.0,2015,2.0,23,0.0869565217391304,2015,DB,90046,2017-06-05 00:00:00,,,2.0,,,,,deduplicated_matched,1319 N Martel Ave,34.0951125,-118.3508867,"(34.0951125, -118.3508867)",49.0,50.0,Hollywood
5550022005,6/25/2019,2019,13,1431 N VISTA ST,HOLLYWOOD ,90046.0,2.0,,34.0968922,-118.3520066,"(34.0968922, -118.3520066)",POINT (375282.72413761145 3773724.2690272196),1431 N VISTA ST,,,2024,37.0,38,0.9736842105263158,2024,ED1,,,0.0,,1.0,29.0,7.0,0.0,,ed1,1431 N VISTA ST,34.0968922,-118.3520066,"(34.0968922, -118.3520066)",49.0,50.0,Hollywood
5551014011,1/31/2024,2024,13,7762 W HOLLYWOOD BLVD,HOLLYWOOD ,90046.0,34.0,,34.1015463,-118.3586745,"(34.1015463, -118.3586745)",POINT (374674.45610536437 3774248.527831316),7770 W HOLLYWOOD BLVD,,,2024,212.0,213,0.9953051643192488,2024,ED1,,,0.0,,17.0,152.0,43.0,0.0,,ed1,7770 W HOLLYWOOD BLVD,34.1014226,-118.3589424,"(34.1014226, -118.3589424)",49.0,50.0,Hollywood
5551016005,12/18/2017,2017,13,7922  HOLLYWOOD BLVD,LOS ANGELES ,90046.0,2.0,,34.10105070000001,-118.3624856,"(34.10105070000001, -118.3624856)",POINT (374322.15866053564 3774198.251511006),"7930 Hollywood Blvd., Los Angeles, CA",90046.0,13.0,2012,4.0,79,0.050632911392405,2012,DB,90046,2014-03-24 00:00:00,,,4.0,,,,,deduplicated_matched,"7930 Hollywood Blvd., Los Angeles, CA",34.1010172,-118.3628857,"(34.1010172, -118.3628857)",48.0,49.0,Hollywood Hills West
5575005007,1/6/2022,2022,4,1920 N WHITLEY AVE,LOS ANGELES ,90068.0,3.0,,34.1058955,-118.3330906,"(34.1058955, -118.3330906)",POINT (377040.79536316183 3774699.7279779227),1920 N. Whitley Ave.,90068.0,4.0,2019,3.0,24,0.125,2019,TOC,90068,,3.0,,,,,,TOC Tier 3,deduplicated_matched,1920 N. Whitley Ave.,34.1058955,-118.3330906,"(34.1058955, -118.3330906)",47.0,48.0,Hollywood Hills
5586035013,9/6/2016,2016,13,5717 W CARLTON WAY,HOLLYWOOD ,90028.0,4.0,,34.1007981,-118.3143306,"(34.1007981, -118.3143306)",POINT (378763.98928578116 3774112.0518912734),5717 W. Carlton Way,90028.0,13.0,2019,4.0,39,0.1025641025641025,2019,TOC,90028,,4.0,,,,,,TOC Tier 3,deduplicated_matched,5717 W. Carlton Way,34.1007981,-118.3143306,"(34.1007981, -118.3143306)",49.0,50.0,Hollywood
5589028007,8/23/2018,2018,4,4718 W FRANKLIN AVE,LOS ANGELES ,90027.0,2.0,,34.1464892,-118.3446051,"(34.1464892, -118.3446051)",POINT (376037.9461052947 3779215.1517757555),6658 W. Franklin Ave.,90028.0,4.0,2022,10.0,64,0.15625,2022,DB,90028,,,,10.0,,,,,deduplicated_matched,6658 W. Franklin Ave.,34.1464892,-118.3446051,"(34.1464892, -118.3446051)",,,
5589028007,8/23/2018,2018,4,4718 W FRANKLIN AVE,LOS ANGELES ,90027.0,2.0,,34.1464892,-118.3446051,"(34.1464892, -118.3446051)",POINT (376037.9461052947 3779215.1517757555),5440 W. Franklin Ave.,90027.0,4.0,2021,11.0,87,0.1264367816091954,2021,Other/Discretionary,90027,2024-11-20 00:00:00,,,11.0,,,,Conditional Use to increase the density,deduplicated_matched,5440 W. Franklin Ave.,34.1464892,-118.3446051,"(34.1464892, -118.3446051)",,,
5589028007,8/23/2018,2018,4,4718 W FRANKLIN AVE,LOS ANGELES ,90027.0,2.0,,34.1464892,-118.3446051,"(34.1464892, -118.3446051)",POINT (376037.9461052947 3779215.1517757555),4826 W. Franklin Ave.,90027.0,4.0,2020,1.0,7,0.1428571428571428,2020,TOC,90027,2024-02-01 00:00:00,,,1.0,,,,TOC Tier 3,deduplicated_matched,4826 W. Franklin Ave.,34.1464892,-118.3446051,"(34.1464892, -118.3446051)",,,
5589033009,9/9/2023,2023,4,1726 N ALEXANDRIA AVE,LOS ANGELES ,90027.0,2.0,,34.1026403,-118.2980289,"(34.1026403, -118.2980289)",POINT (380270.3769610615 3774297.110710974),1726 N ALEXANDRIA AVE,,,2024,67.0,69,0.9710144927536232,2024,ED1,,,0.0,,0.0,54.0,13.0,0.0,,ed1,1726 N ALEXANDRIA AVE,34.1026403,-118.2980289,"(34.1026403, -118.2980289)",57.0,58.0,Los Feliz
5589033052,12/14/2018,2018,4,1708 N ALEXANDRIA AVE,LOS ANGELES ,90027.0,2.0,,34.10220080000001,-118.2980831,"(34.10220080000001, -118.2980831)",POINT (380264.75807396224 3774248.4378456366),1726 N ALEXANDRIA AVE,,,2024,67.0,69,0.9710144927536232,2024,ED1,,,0.0,,0.0,54.0,13.0,0.0,,ed1,1726 N ALEXANDRIA AVE,34.1026403,-118.2980289,"(34.1026403, -118.2980289)",57.0,58.0,Los Feliz
5590017014,2/19/2016,2016,4,4400 W FRANKLIN AVE,LOS ANGELES ,90027.0,2.0,,34.1464892,-118.3446051,"(34.1464892, -118.3446051)",POINT (376037.9461052947 3779215.1517757555),6658 W. Franklin Ave.,90028.0,4.0,2022,10.0,64,0.15625,2022,DB,90028,,,,10.0,,,,,deduplicated_matched,6658 W. Franklin Ave.,34.1464892,-118.3446051,"(34.1464892, -118.3446051)",,,
5590017014,2/19/2016,2016,4,4400 W FRANKLIN AVE,LOS ANGELES ,90027.0,2.0,,34.1464892,-118.3446051,"(34.1464892, -118.3446051)",POINT (376037.9461052947 3779215.1517757555),5440 W. Franklin Ave.,90027.0,4.0,2021,11.0,87,0.1264367816091954,2021,Other/Discretionary,90027,2024-11-20 00:00:00,,,11.0,,,,Conditional Use to increase the density,deduplicated_matched,5440 W. Franklin Ave.,34.1464892,-118.3446051,"(34.1464892, -118.3446051)",,,
5590017014,2/19/2016,2016,4,4400 W FRANKLIN AVE,LOS ANGELES ,90027.0,2.0,,34.1464892,-118.3446051,"(34.1464892, -118.3446051)",POINT (376037.9461052947 3779215.1517757555),4826 W. Franklin Ave.,90027.0,4.0,2020,1.0,7,0.1428571428571428,2020,TOC,90027,2024-02-01 00:00:00,,,1.0,,,,TOC Tier 3,deduplicated_matched,4826 W. Franklin Ave.,34.1464892,-118.3446051,"(34.1464892, -118.3446051)",,,
5591022050,11/13/2018,2018,4,4206 W FRANKLIN AVE,LOS ANGELES ,90027.0,2.0,,34.1464106,-118.3440806,"(34.1464106, -118.3440806)",POINT (376086.1894125513 3779205.7986597857),6658 W. Franklin Ave.,90028.0,4.0,2022,10.0,64,0.15625,2022,DB,90028,,,,10.0,,,,,deduplicated_matched,6658 W. Franklin Ave.,34.1464892,-118.3446051,"(34.1464892, -118.3446051)",,,
5591022050,11/13/2018,2018,4,4206 W FRANKLIN AVE,LOS ANGELES ,90027.0,2.0,,34.1464106,-118.3440806,"(34.1464106, -118.3440806)",POINT (376086.1894125513 3779205.7986597857),5440 W. Franklin Ave.,90027.0,4.0,2021,11.0,87,0.1264367816091954,2021,Other/Discretionary,90027,2024-11-20 00:00:00,,,11.0,,,,Conditional Use to increase the density,deduplicated_matched,5440 W. Franklin Ave.,34.1464892,-118.3446051,"(34.1464892, -118.3446051)",,,
5591022050,11/13/2018,2018,4,4206 W FRANKLIN AVE,LOS ANGELES ,90027.0,2.0,,34.1464106,-118.3440806,"(34.1464106, -118.3440806)",POINT (376086.1894125513 3779205.7986597857),4826 W. Franklin Ave.,90027.0,4.0,2020,1.0,7,0.1428571428571428,2020,TOC,90027,2024-02-01 00:00:00,,,1.0,,,,TOC Tier 3,deduplicated_matched,4826 W. Franklin Ave.,34.1464892,-118.3446051,"(34.1464892, -118.3446051)",,,
5591022051,11/13/2018,2018,4,4212 W FRANKLIN AVE,LOS ANGELES ,90027.0,2.0,,34.1463181,-118.3443,"(34.1463181, -118.3443)",POINT (376065.82593623747 3779195.8075747923),6658 W. Franklin Ave.,90028.0,4.0,2022,10.0,64,0.15625,2022,DB,90028,,,,10.0,,,,,deduplicated_matched,6658 W. Franklin Ave.,34.1464892,-118.3446051,"(34.1464892, -118.3446051)",,,
5591022051,11/13/2018,2018,4,4212 W FRANKLIN AVE,LOS ANGELES ,90027.0,2.0,,34.1463181,-118.3443,"(34.1463181, -118.3443)",POINT (376065.82593623747 3779195.8075747923),5440 W. Franklin Ave.,90027.0,4.0,2021,11.0,87,0.1264367816091954,2021,Other/Discretionary,90027,2024-11-20 00:00:00,,,11.0,,,,Conditional Use to increase the density,deduplicated_matched,5440 W. Franklin Ave.,34.1464892,-118.3446051,"(34.1464892, -118.3446051)",,,
5591022051,11/13/2018,2018,4,4212 W FRANKLIN AVE,LOS ANGELES ,90027.0,2.0,,34.1463181,-118.3443,"(34.1463181, -118.3443)",POINT (376065.82593623747 3779195.8075747923),4826 W. Franklin Ave.,90027.0,4.0,2020,1.0,7,0.1428571428571428,2020,TOC,90027,2024-02-01 00:00:00,,,1.0,,,,TOC Tier 3,deduplicated_matched,4826 W. Franklin Ave.,34.1464892,-118.3446051,"(34.1464892, -118.3446051)",,,
5669017004,3/2/2023,2023,14,1655 W COLORADO BLVD,LOS ANGELES ,90041.0,1.0,,34.1426516,-118.271488,"(34.1426516, -118.271488)",POINT (382773.892814022 3778703.195849951),1332 W. Colorado Blvd.,90041.0,14.0,2020,3.0,31,0.0967741935483871,2020,TOC,90041,,3.0,,,,,,TOC Tier 2,deduplicated_matched,1332 W. Colorado Blvd.,34.1426864,-118.2716907,"(34.1426864, -118.2716907)",3.0,4.0,Atwater Village
6004019004,7/27/2023,2023,8,6406 S HOOVER ST,LOS ANGELES ,90044.0,2.0,,33.98113050000001,-118.2867742,"(33.98113050000001, -118.2867742)",POINT (381139.1428134909 3760809.8420075485),6406 S. Hoover St.,90044.0,8.0,2021,16.0,16,1.0,2021,TOC,90044,,1.0,,1.0,14.0,,,TOC Tier 2,deduplicated_matched,6406 S. Hoover St.,33.98113050000001,-118.2867742,"(33.98113050000001, -118.2867742)",99.0,100.0,Vermont-Slauson
6006007035,8/29/2018,2018,9,6022 S MAIN ST,LOS ANGELES ,90003.0,5.0,,33.9844837,-118.27374,"(33.9844837, -118.27374)",POINT (382347.8238044094 3761166.631980651),6100 S. Main St.,90003.0,9.0,2021,18.0,87,0.2068965517241379,2021,TOC,90003,,8.0,,,10.0,,,TOC Tier 2,deduplicated_matched,6100 S. Main St.,33.984101,-118.2736979,"(33.984101, -118.2736979)",33.0,34.0,Florence
6006010031,7/6/2021,2021,9,6106 S MAIN ST,LOS ANGELES ,90003.0,6.0,,33.9839694,-118.2737436,"(33.9839694, -118.2737436)",POINT (382346.78247097303 3761109.6063660253),6100 S. Main St.,90003.0,9.0,2021,18.0,87,0.2068965517241379,2021,TOC,90003,,8.0,,,10.0,,,TOC Tier 2,deduplicated_matched,6100 S. Main St.,33.984101,-118.2736979,"(33.984101, -118.2736979)",33.0,34.0,Florence
6006018001,7/27/2021,2021,9,6401 S AVALON BLVD,LOS ANGELES ,90003.0,1.0,28.0,33.9814175,-118.2654232,"(33.9814175, -118.2654232)",POINT (383111.87523394026 3760817.1104010073),6401 S. Avalon Blvd.,90003.0,9.0,2020,27.0,28,0.9642857142857144,2020,TOC,90003,2022-07-25 00:00:00,3.0,,24.0,,,,TOC Tier 2,deduplicated_matched,6401 S. Avalon Blvd.,33.9814175,-118.2654232,"(33.9814175, -118.2654232)",33.0,34.0,Florence
6011001063,3/25/2021,2021,9,6510 S MAIN ST,LOS ANGELES ,90003.0,2.0,,33.9802102,-118.2737532,"(33.9802102, -118.2737532)",POINT (382340.7151376903 3760692.766995115),6506 S. Main St.,90003.0,9.0,2022,2.0,20,0.1,2022,TOC,90003,,2.0,,,,,,TOC Tier 1,deduplicated_matched,6506 S. Main St.,33.9802289,-118.2735692,"(33.9802289, -118.2735692)",33.0,34.0,Florence
6020016015,6/18/2019,2019,8,519 W 79TH ST,LOS ANGELES ,90044.0,1.0,7.0,33.9679904,-118.2835278,"(33.9679904, -118.2835278)",POINT (381420.7918328292 3759349.0011346713),517 W. 79th St.,90044.0,8.0,2020,7.0,7,1.0,2020,TOC,90044,2022-03-04 00:00:00,1.0,,1.0,5.0,,,TOC Tier 1,deduplicated_matched,517 W. 79th St.,33.9681327,-118.2834441,"(33.9681327, -118.2834441)",98.0,99.0,Vermont Knolls
6020031011,8/15/2023,2023,8,7408 S FIGUEROA ST,LOS ANGELES ,90003.0,3.0,,33.97233,-118.28239,"(33.97233, -118.28239)",POINT (381531.93366667256 3759828.8952687676),7408 S FIGUEROA ST,,,2023,156.0,160,0.975,2023,ED1,,,0.0,,1.0,125.0,30.0,0.0,,ed1,7408 S FIGUEROA ST,33.97233,-118.28239,"(33.97233, -118.28239)",98.0,99.0,Vermont Knolls
6031007024,11/30/2023,2023,9,7415 S MAIN ST,LOS ANGELES ,90003.0,1.0,,33.9722468,-118.2741929,"(33.9722468, -118.2741929)",POINT (382289.12012604764 3759810.2266311646),7415 S. Main St.,90003.0,9.0,2021,17.0,17,1.0,2021,TOC,90003,,2.0,,,15.0,,,TOC Tier 3,deduplicated_matched,7415 S. Main St.,33.9722468,-118.2741929,"(33.9722468, -118.2741929)",33.0,34.0,Florence
6032005026,2/13/2014,2014,8,927 W 82ND ST,Los Angeles ,90044.0,2.0,,33.96442880000001,-118.2901523,"(33.96442880000001, -118.2901523)",POINT (380803.77638249804 3758961.744008955),943 W. 82nd St.,90044.0,8.0,2020,2.0,16,0.125,2020,DB,90044,,,,2.0,,,,,deduplicated_matched,943 W. 82nd St.,33.964468,-118.2905976,"(33.964468, -118.2905976)",98.0,99.0,Vermont Knolls
6032006020,2/15/2024,2024,8,843 W 82ND ST,LOS ANGELES ,90044.0,2.0,,33.9644771,-118.2886337,"(33.9644771, -118.2886337)",POINT (380944.15499853366 3758965.3355238745),837 W. 82nd St.,90044.0,8.0,2019,16.0,17,0.9411764705882352,2019,DB,90044,2021-09-17 00:00:00,,,16.0,,,,AB 2162,deduplicated_matched,837 W. 82nd St.,33.9645632,-118.2884743,"(33.9645632, -118.2884743)",98.0,99.0,Vermont Knolls
6032006020,2/15/2024,2024,8,843 W 82ND ST,LOS ANGELES ,90044.0,2.0,,33.9644771,-118.2886337,"(33.9644771, -118.2886337)",POINT (380944.15499853366 3758965.3355238745),843 W 82ND ST,,,2024,87.0,88,0.9886363636363636,2024,ED1,,,0.0,,2.0,70.0,15.0,0.0,,ed1,843 W 82ND ST,33.9644771,-118.2886337,"(33.9644771, -118.2886337)",98.0,99.0,Vermont Knolls
6032006021,9/26/2018,2018,8,837 W 82ND ST,LOS ANGELES ,90044.0,3.0,17.0,33.9645632,-118.2884743,"(33.9645632, -118.2884743)",POINT (380959.0027499542 3758974.697903187),837 W. 82nd St.,90044.0,8.0,2019,16.0,17,0.9411764705882352,2019,DB,90044,2021-09-17 00:00:00,,,16.0,,,,AB 2162,deduplicated_matched,837 W. 82nd St.,33.9645632,-118.2884743,"(33.9645632, -118.2884743)",98.0,99.0,Vermont Knolls
6032006021,9/26/2018,2018,8,837 W 82ND ST,LOS ANGELES ,90044.0,3.0,17.0,33.9645632,-118.2884743,"(33.9645632, -118.2884743)",POINT (380959.0027499542 3758974.697903187),843 W 82ND ST,,,2024,87.0,88,0.9886363636363636,2024,ED1,,,0.0,,2.0,70.0,15.0,0.0,,ed1,843 W 82ND ST,33.9644771,-118.2886337,"(33.9644771, -118.2886337)",98.0,99.0,Vermont Knolls
6032024022,12/11/2018,2018,8,611 W 82ND ST,LOS ANGELES ,90044.0,2.0,,33.9645674,-118.284663,"(33.9645674, -118.284663)",POINT (381311.15359850216 3758970.7451947955),611 W. 82nd St.,90044.0,8.0,2019,18.0,19,0.9473684210526316,2019,TOC,90044,2024-12-26 00:00:00,2.0,,3.0,13.0,,,TOC Tier 2,deduplicated_matched,611 W. 82nd St.,33.9645674,-118.284663,"(33.9645674, -118.284663)",98.0,99.0,Vermont Knolls
6034010008,5/11/2021,2021,8,1626 W 81ST ST,LOS ANGELES ,90047.0,2.0,3.0,33.9652175,-118.3056472,"(33.9652175, -118.3056472)",POINT (379373.2342608324 3759067.3230874483),1612 W. 81st St.,90047.0,8.0,2018,1.0,4,0.25,2018,Other/Discretionary,90047,,,,,,1.0,,UDU,deduplicated_matched,1612 W. 81st St.,33.9652681,-118.3051628,"(33.9652681, -118.3051628)",58.0,59.0,Manchester Square
6039014020,1/12/2016,2016,8,628 W 92ND ST,LOS ANGELES ,90044.0,1.0,,33.9525198,-118.2856649,"(33.9525198, -118.2856649)",POINT (381201.835249952 3757635.9729621285),628 W 92ND ST,,,2024,63.0,64,0.984375,2024,ED1,,,0.0,,0.0,50.0,13.0,0.0,,ed1,628 W 92ND ST,33.9525198,-118.2856649,"(33.9525198, -118.2856649)",101.0,102.0,Vermont Vista
6042024004,4/12/2023,2023,9,8717 S CENTRAL AVE,LOS ANGELES ,90002.0,4.0,,33.9587,-118.2566,"(33.9587, -118.2566)",POINT (383896.0552472557 3758287.994075729),8717 S. Central Ave.,90002.0,9.0,2022,20.0,20,1.0,2022,TOC,90002,,1.0,,1.0,18.0,,,TOC Tier 2,deduplicated_matched,8717 S. Central Ave.,33.9587,-118.2566,"(33.9587, -118.2566)",37.0,38.0,Green Meadows
6047001005,4/15/2022,2022,8,1308 W MANCHESTER AVE,LOS ANGELES ,90044.0,2.0,,33.95981450000001,-118.2987533,"(33.95981450000001, -118.2987533)",POINT (380002.6044581299 3758460.1051704683),1308 W. Manchester Ave.,90044.0,8.0,2021,17.0,17,1.0,2021,TOC,90044,,2.0,,2.0,13.0,,,TOC Tier 3,deduplicated_matched,1308 W. Manchester Ave.,33.95981450000001,-118.2987533,"(33.95981450000001, -118.2987533)",98.0,99.0,Vermont Knolls
6048004025,7/23/2019,2019,15,9515 S COMPTON AVE,LOS ANGELES ,90002.0,4.0,21.0,33.9198476,-118.2462306,"(33.9198476, -118.2462306)",POINT (384801.87020463526 3753968.0810203035),10811 S. Compton Ave.,90059.0,15.0,2022,28.0,29,0.9655172413793104,2022,TOC,90059,2024-09-23 00:00:00,2.0,,3.0,23.0,,,TOC Tier 3,deduplicated_matched,10811 S. Compton Ave.,33.9198476,-118.2462306,"(33.9198476, -118.2462306)",,,
6048004025,7/23/2019,2019,15,9515 S COMPTON AVE,LOS ANGELES ,90002.0,4.0,21.0,33.9198476,-118.2462306,"(33.9198476, -118.2462306)",POINT (384801.87020463526 3753968.0810203035),4821 S. Compton Ave.,90011.0,9.0,2021,17.0,17,1.0,2021,TOC,90011,,4.0,,3.0,10.0,,,TOC Tier 4,deduplicated_matched,4821 S. Compton Ave.,33.9198476,-118.2462306,"(33.9198476, -118.2462306)",,,
6048004025,7/23/2019,2019,15,9515 S COMPTON AVE,LOS ANGELES ,90002.0,4.0,21.0,33.9198476,-118.2462306,"(33.9198476, -118.2462306)",POINT (384801.87020463526 3753968.0810203035),9300 S. Compton Ave.,90002.0,15.0,2021,19.0,20,0.95,2021,TOC,90002,2024-09-09 00:00:00,2.0,,,17.0,,,TOC Tier 2,deduplicated_matched,9300 S. Compton Ave.,33.9198476,-118.2462306,"(33.9198476, -118.2462306)",,,
6048004025,7/23/2019,2019,15,9515 S COMPTON AVE,LOS ANGELES ,90002.0,4.0,21.0,33.9198476,-118.2462306,"(33.9198476, -118.2462306)",POINT (384801.87020463526 3753968.0810203035),9515 S. Compton Ave.,90002.0,15.0,2020,20.0,21,0.9523809523809524,2020,TOC,90002,2022-07-25 00:00:00,2.0,,,18.0,,,TOC Tier 2,deduplicated_matched,9515 S. Compton Ave.,33.9198476,-118.2462306,"(33.9198476, -118.2462306)",,,
6048004025,7/23/2019,2019,15,9515 S COMPTON AVE,LOS ANGELES ,90002.0,4.0,21.0,33.9198476,-118.2462306,"(33.9198476, -118.2462306)",POINT (384801.87020463526 3753968.0810203035),9500 S. Compton Ave.,90002.0,15.0,2020,24.0,25,0.96,2020,DB,90002,2023-07-26 00:00:00,,,24.0,,,,AB 2162,deduplicated_matched,9500 S. Compton Ave.,33.9198476,-118.2462306,"(33.9198476, -118.2462306)",,,
6048004025,7/23/2019,2019,15,9515 S COMPTON AVE,LOS ANGELES ,90002.0,4.0,21.0,33.9198476,-118.2462306,"(33.9198476, -118.2462306)",POINT (384801.87020463526 3753968.0810203035),9543 S. Compton Ave.,90003.0,15.0,2018,2.0,17,0.1176470588235294,2018,DB,90003,2022-03-01 00:00:00,,,2.0,,,,,deduplicated_matched,9543 S. Compton Ave.,33.9198476,-118.2462306,"(33.9198476, -118.2462306)",,,
6048004025,7/23/2019,2019,15,9515 S COMPTON AVE,LOS ANGELES ,90002.0,4.0,21.0,33.9198476,-118.2462306,"(33.9198476, -118.2462306)",POINT (384801.87020463526 3753968.0810203035),9547 South Compton Avenue,90002.0,15.0,2013,6.0,9,0.6666666666666666,2013,DB,90002,2015-04-29 00:00:00,,,,6.0,,,,deduplicated_matched,9547 South Compton Avenue,33.9198476,-118.2462306,"(33.9198476, -118.2462306)",,,
6048004030,4/18/2018,2018,15,9543 S COMPTON AVE,LOS ANGELES ,90002.0,2.0,,33.9198476,-118.2462306,"(33.9198476, -118.2462306)",POINT (384801.87020463526 3753968.0810203035),10811 S. Compton Ave.,90059.0,15.0,2022,28.0,29,0.9655172413793104,2022,TOC,90059,2024-09-23 00:00:00,2.0,,3.0,23.0,,,TOC Tier 3,deduplicated_matched,10811 S. Compton Ave.,33.9198476,-118.2462306,"(33.9198476, -118.2462306)",,,
6048004030,4/18/2018,2018,15,9543 S COMPTON AVE,LOS ANGELES ,90002.0,2.0,,33.9198476,-118.2462306,"(33.9198476, -118.2462306)",POINT (384801.87020463526 3753968.0810203035),4821 S. Compton Ave.,90011.0,9.0,2021,17.0,17,1.0,2021,TOC,90011,,4.0,,3.0,10.0,,,TOC Tier 4,deduplicated_matched,4821 S. Compton Ave.,33.9198476,-118.2462306,"(33.9198476, -118.2462306)",,,
6048004030,4/18/2018,2018,15,9543 S COMPTON AVE,LOS ANGELES ,90002.0,2.0,,33.9198476,-118.2462306,"(33.9198476, -118.2462306)",POINT (384801.87020463526 3753968.0810203035),9300 S. Compton Ave.,90002.0,15.0,2021,19.0,20,0.95,2021,TOC,90002,2024-09-09 00:00:00,2.0,,,17.0,,,TOC Tier 2,deduplicated_matched,9300 S. Compton Ave.,33.9198476,-118.2462306,"(33.9198476, -118.2462306)",,,
6048004030,4/18/2018,2018,15,9543 S COMPTON AVE,LOS ANGELES ,90002.0,2.0,,33.9198476,-118.2462306,"(33.9198476, -118.2462306)",POINT (384801.87020463526 3753968.0810203035),9515 S. Compton Ave.,90002.0,15.0,2020,20.0,21,0.9523809523809524,2020,TOC,90002,2022-07-25 00:00:00,2.0,,,18.0,,,TOC Tier 2,deduplicated_matched,9515 S. Compton Ave.,33.9198476,-118.2462306,"(33.9198476, -118.2462306)",,,
6048004030,4/18/2018,2018,15,9543 S COMPTON AVE,LOS ANGELES ,90002.0,2.0,,33.9198476,-118.2462306,"(33.9198476, -118.2462306)",POINT (384801.87020463526 3753968.0810203035),9500 S. Compton Ave.,90002.0,15.0,2020,24.0,25,0.96,2020,DB,90002,2023-07-26 00:00:00,,,24.0,,,,AB 2162,deduplicated_matched,9500 S. Compton Ave.,33.9198476,-118.2462306,"(33.9198476, -118.2462306)",,,
6048004030,4/18/2018,2018,15,9543 S COMPTON AVE,LOS ANGELES ,90002.0,2.0,,33.9198476,-118.2462306,"(33.9198476, -118.2462306)",POINT (384801.87020463526 3753968.0810203035),9543 S. Compton Ave.,90003.0,15.0,2018,2.0,17,0.1176470588235294,2018,DB,90003,2022-03-01 00:00:00,,,2.0,,,,,deduplicated_matched,9543 S. Compton Ave.,33.9198476,-118.2462306,"(33.9198476, -118.2462306)",,,
6048004030,4/18/2018,2018,15,9543 S COMPTON AVE,LOS ANGELES ,90002.0,2.0,,33.9198476,-118.2462306,"(33.9198476, -118.2462306)",POINT (384801.87020463526 3753968.0810203035),9547 South Compton Avenue,90002.0,15.0,2013,6.0,9,0.6666666666666666,2013,DB,90002,2015-04-29 00:00:00,,,,6.0,,,,deduplicated_matched,9547 South Compton Avenue,33.9198476,-118.2462306,"(33.9198476, -118.2462306)",,,
6048004042,9/4/2019,2019,15,9422 S FIRTH BLVD,LOS ANGELES ,90002.0,4.0,,33.9505527,-118.2471625,"(33.9505527, -118.2471625)",POINT (384757.1029692942 3757373.918254738),9416 S. Firth Blvd.,90002.0,15.0,2020,4.0,39,0.1025641025641025,2020,TOC,90002,2024-09-13 00:00:00,4.0,,,,,,TOC Tier 1,deduplicated_matched,9416 S. Firth Blvd.,33.9506674,-118.2472306,"(33.9506674, -118.2472306)",102.0,103.0,Watts
6048005020,7/10/2020,2020,15,9631 S COMPTON AVE,LOS ANGELES ,90002.0,2.0,,33.9198476,-118.2462306,"(33.9198476, -118.2462306)",POINT (384801.87020463526 3753968.0810203035),10811 S. Compton Ave.,90059.0,15.0,2022,28.0,29,0.9655172413793104,2022,TOC,90059,2024-09-23 00:00:00,2.0,,3.0,23.0,,,TOC Tier 3,deduplicated_matched,10811 S. Compton Ave.,33.9198476,-118.2462306,"(33.9198476, -118.2462306)",,,
6048005020,7/10/2020,2020,15,9631 S COMPTON AVE,LOS ANGELES ,90002.0,2.0,,33.9198476,-118.2462306,"(33.9198476, -118.2462306)",POINT (384801.87020463526 3753968.0810203035),4821 S. Compton Ave.,90011.0,9.0,2021,17.0,17,1.0,2021,TOC,90011,,4.0,,3.0,10.0,,,TOC Tier 4,deduplicated_matched,4821 S. Compton Ave.,33.9198476,-118.2462306,"(33.9198476, -118.2462306)",,,
6048005020,7/10/2020,2020,15,9631 S COMPTON AVE,LOS ANGELES ,90002.0,2.0,,33.9198476,-118.2462306,"(33.9198476, -118.2462306)",POINT (384801.87020463526 3753968.0810203035),9300 S. Compton Ave.,90002.0,15.0,2021,19.0,20,0.95,2021,TOC,90002,2024-09-09 00:00:00,2.0,,,17.0,,,TOC Tier 2,deduplicated_matched,9300 S. Compton Ave.,33.9198476,-118.2462306,"(33.9198476, -118.2462306)",,,
6048005020,7/10/2020,2020,15,9631 S COMPTON AVE,LOS ANGELES ,90002.0,2.0,,33.9198476,-118.2462306,"(33.9198476, -118.2462306)",POINT (384801.87020463526 3753968.0810203035),9515 S. Compton Ave.,90002.0,15.0,2020,20.0,21,0.9523809523809524,2020,TOC,90002,2022-07-25 00:00:00,2.0,,,18.0,,,TOC Tier 2,deduplicated_matched,9515 S. Compton Ave.,33.9198476,-118.2462306,"(33.9198476, -118.2462306)",,,
6048005020,7/10/2020,2020,15,9631 S COMPTON AVE,LOS ANGELES ,90002.0,2.0,,33.9198476,-118.2462306,"(33.9198476, -118.2462306)",POINT (384801.87020463526 3753968.0810203035),9500 S. Compton Ave.,90002.0,15.0,2020,24.0,25,0.96,2020,DB,90002,2023-07-26 00:00:00,,,24.0,,,,AB 2162,deduplicated_matched,9500 S. Compton Ave.,33.9198476,-118.2462306,"(33.9198476, -118.2462306)",,,
6048005020,7/10/2020,2020,15,9631 S COMPTON AVE,LOS ANGELES ,90002.0,2.0,,33.9198476,-118.2462306,"(33.9198476, -118.2462306)",POINT (384801.87020463526 3753968.0810203035),9543 S. Compton Ave.,90003.0,15.0,2018,2.0,17,0.1176470588235294,2018,DB,90003,2022-03-01 00:00:00,,,2.0,,,,,deduplicated_matched,9543 S. Compton Ave.,33.9198476,-118.2462306,"(33.9198476, -118.2462306)",,,
6048005020,7/10/2020,2020,15,9631 S COMPTON AVE,LOS ANGELES ,90002.0,2.0,,33.9198476,-118.2462306,"(33.9198476, -118.2462306)",POINT (384801.87020463526 3753968.0810203035),9547 South Compton Avenue,90002.0,15.0,2013,6.0,9,0.6666666666666666,2013,DB,90002,2015-04-29 00:00:00,,,,6.0,,,,deduplicated_matched,9547 South Compton Avenue,33.9198476,-118.2462306,"(33.9198476, -118.2462306)",,,
6054001009,4/7/2017,2017,8,820 W COLDEN AVE,LOS ANGELES ,90044.0,2.0,9.0,33.9489463,-118.2901892,"(33.9489463, -118.2901892)",POINT (380778.7694430882 3757244.965101108),820 W. Colden Ave.,90044.0,8.0,2017,2.0,9,0.2222222222222222,2017,DB,90044,,,,1.0,1.0,,,,deduplicated_matched,820 W. Colden Ave.,33.9489463,-118.2901892,"(33.9489463, -118.2901892)",101.0,102.0,Vermont Vista
6070003038,4/22/2021,2021,15,10811 S COMPTON AVE,LOS ANGELES ,90059.0,2.0,,33.9198476,-118.2462306,"(33.9198476, -118.2462306)",POINT (384801.87020463526 3753968.0810203035),10811 S. Compton Ave.,90059.0,15.0,2022,28.0,29,0.9655172413793104,2022,TOC,90059,2024-09-23 00:00:00,2.0,,3.0,23.0,,,TOC Tier 3,deduplicated_matched,10811 S. Compton Ave.,33.9198476,-118.2462306,"(33.9198476, -118.2462306)",,,
6070003038,4/22/2021,2021,15,10811 S COMPTON AVE,LOS ANGELES ,90059.0,2.0,,33.9198476,-118.2462306,"(33.9198476, -118.2462306)",POINT (384801.87020463526 3753968.0810203035),4821 S. Compton Ave.,90011.0,9.0,2021,17.0,17,1.0,2021,TOC,90011,,4.0,,3.0,10.0,,,TOC Tier 4,deduplicated_matched,4821 S. Compton Ave.,33.9198476,-118.2462306,"(33.9198476, -118.2462306)",,,
6070003038,4/22/2021,2021,15,10811 S COMPTON AVE,LOS ANGELES ,90059.0,2.0,,33.9198476,-118.2462306,"(33.9198476, -118.2462306)",POINT (384801.87020463526 3753968.0810203035),9300 S. Compton Ave.,90002.0,15.0,2021,19.0,20,0.95,2021,TOC,90002,2024-09-09 00:00:00,2.0,,,17.0,,,TOC Tier 2,deduplicated_matched,9300 S. Compton Ave.,33.9198476,-118.2462306,"(33.9198476, -118.2462306)",,,
6070003038,4/22/2021,2021,15,10811 S COMPTON AVE,LOS ANGELES ,90059.0,2.0,,33.9198476,-118.2462306,"(33.9198476, -118.2462306)",POINT (384801.87020463526 3753968.0810203035),9515 S. Compton Ave.,90002.0,15.0,2020,20.0,21,0.9523809523809524,2020,TOC,90002,2022-07-25 00:00:00,2.0,,,18.0,,,TOC Tier 2,deduplicated_matched,9515 S. Compton Ave.,33.9198476,-118.2462306,"(33.9198476, -118.2462306)",,,
6070003038,4/22/2021,2021,15,10811 S COMPTON AVE,LOS ANGELES ,90059.0,2.0,,33.9198476,-118.2462306,"(33.9198476, -118.2462306)",POINT (384801.87020463526 3753968.0810203035),9500 S. Compton Ave.,90002.0,15.0,2020,24.0,25,0.96,2020,DB,90002,2023-07-26 00:00:00,,,24.0,,,,AB 2162,deduplicated_matched,9500 S. Compton Ave.,33.9198476,-118.2462306,"(33.9198476, -118.2462306)",,,
6070003038,4/22/2021,2021,15,10811 S COMPTON AVE,LOS ANGELES ,90059.0,2.0,,33.9198476,-118.2462306,"(33.9198476, -118.2462306)",POINT (384801.87020463526 3753968.0810203035),9543 S. Compton Ave.,90003.0,15.0,2018,2.0,17,0.1176470588235294,2018,DB,90003,2022-03-01 00:00:00,,,2.0,,,,,deduplicated_matched,9543 S. Compton Ave.,33.9198476,-118.2462306,"(33.9198476, -118.2462306)",,,
6070003038,4/22/2021,2021,15,10811 S COMPTON AVE,LOS ANGELES ,90059.0,2.0,,33.9198476,-118.2462306,"(33.9198476, -118.2462306)",POINT (384801.87020463526 3753968.0810203035),9547 South Compton Avenue,90002.0,15.0,2013,6.0,9,0.6666666666666666,2013,DB,90002,2015-04-29 00:00:00,,,,6.0,,,,deduplicated_matched,9547 South Compton Avenue,33.9198476,-118.2462306,"(33.9198476, -118.2462306)",,,
6074023001,2/23/2022,2022,8,11201 S MAIN ST,LOS ANGELES ,90061.0,2.0,,33.932832,-118.2740889,"(33.932832, -118.2740889)",POINT (382244.4383841684 3755439.496306609),11201 S. Main St.,90061.0,8.0,2021,20.0,20,1.0,2021,TOC,90061,,5.0,,1.0,14.0,,,TOC Tier 4,deduplicated_matched,11201 S. Main St.,33.932832,-118.2740889,"(33.932832, -118.2740889)",11.0,12.0,Broadway-Manchester
6074024027,7/23/2018,2018,8,11301 S ATHENS WAY,LOS ANGELES ,90061.0,2.0,,33.931861,-118.2790525,"(33.931861, -118.2790525)",POINT (381784.31499960227 3755337.531727588),283 W. Imperial Highway,90061.0,8.0,2020,53.0,54,0.9814814814814816,2020,TOC,90061,,,,,53.0,,,TOC Tier 4,deduplicated_matched,283 W. Imperial Highway,33.9314415,-118.2788936,"(33.9314415, -118.2788936)",11.0,12.0,Broadway-Manchester
6074024027,7/23/2018,2018,8,11301 S ATHENS WAY,LOS ANGELES ,90061.0,2.0,,33.931861,-118.2790525,"(33.931861, -118.2790525)",POINT (381784.31499960227 3755337.531727588),11301 S ATHENS WAY,,,2023,40.0,41,0.975609756097561,2023,ED1,,,0.0,,10.0,30.0,0.0,0.0,,ed1,11301 S ATHENS WAY,33.931861,-118.2790525,"(33.931861, -118.2790525)",11.0,12.0,Broadway-Manchester
7351014015,11/29/2023,2023,15,1502 W 205TH ST,TORRANCE ,90501.0,3.0,,33.8444952,-118.3042177,"(33.8444952, -118.3042177)",POINT (379335.3068362677 3745679.079569678),1503 W. 206th St.,90501.0,15.0,2017,1.0,10,0.1,2017,DB,90501,2023-04-21 00:00:00,,,,1.0,,,,deduplicated_matched,1503 W. 206th St.,33.844088,-118.3042932,"(33.844088, -118.3042932)",42.0,43.0,Harbor Gateway
